seed,ft2_nrf,fusang_nrf,fusang_better
351,0.074724,0.07673,no
352,0.09679,0.369609,no
353,0.067703,0.087262,no
354,0.080742,0.272818,no
355,0.085757,0.25326,no
