seed,ft2_nrf,fusang_nrf,fusang_better
251,0.075453,0.083501,no
252,0.06338,0.071429,no
253,0.073441,0.079477,no
254,0.067404,0.082495,no
255,0.075453,0.091549,no
