{
  "immi_clean": {
    "mean": 0.3759729272419628,
    "std": 0.045081947493863024,
    "n": 30
  },
  "immi_indel": {
    "mean": 0.7417935702199662,
    "std": 0.04493981789956998,
    "n": 30
  },
  "mash_clean": {
    "mean": 0.3941,
    "std": 0.0455,
    "n": 30
  },
  "mash_indel": {
    "mean": 0.7621,
    "std": 0.0363,
    "n": 30
  },
  "note": "IMMI=Fusang k-mer NJ k=5,gap2, cosine distance vs TRUE coalescent trees (30 seeds). Mash=k=21 MinHash Jaccard NJ vs TRUE coalescent trees (30 seeds). Both clean and indel-rich (n=200, mu=0.05, sub=0.05, indel=0.02) conditions.",
  "immi_clean_nrfs": [
    0.2716, 0.3731, 0.4036, 0.3426, 0.368, 0.3985, 0.4848, 0.3883, 0.3782, 0.4086,
    0.3376, 0.3376, 0.4391, 0.3579, 0.3426, 0.4289, 0.3325, 0.3934, 0.3883, 0.3223,
    0.3782, 0.4188, 0.3122, 0.3579, 0.3731, 0.3731, 0.3629, 0.3883, 0.4695, 0.3477
  ],
  "immi_indel_nrfs": [
    0.7284, 0.7386, 0.7792, 0.7386, 0.6675, 0.6827, 0.769, 0.7183, 0.7437, 0.7437,
    0.7487, 0.7437, 0.7792, 0.7284, 0.7538, 0.835, 0.6777, 0.8198, 0.703, 0.6929,
    0.7386, 0.7284, 0.6624, 0.769, 0.8096, 0.7792, 0.7335, 0.7437, 0.6827, 0.8147
  ],
  "mash_clean_nrfs": [
    0.319797, 0.380711, 0.365482, 0.385787, 0.360406, 0.411168, 0.467005, 0.390863, 0.426396, 0.406091,
    0.401015, 0.350254, 0.492386, 0.340102, 0.370558, 0.451777, 0.345178, 0.411168, 0.406091, 0.360406,
    0.406091, 0.416244, 0.304569, 0.395939, 0.340102, 0.390863, 0.390863, 0.472081, 0.467005, 0.395939
  ],
  "mash_indel_nrfs": [
    0.766497, 0.786802, 0.786802, 0.751269, 0.700508, 0.720812, 0.817259, 0.710660, 0.730964, 0.725888,
    0.736041, 0.736041, 0.802030, 0.756345, 0.771574, 0.832487, 0.725888, 0.827411, 0.730964, 0.705584,
    0.751269, 0.746193, 0.771574, 0.807107, 0.802030, 0.786802, 0.781726, 0.771574, 0.746193, 0.776650
  ],
  "mash_vs_immi_indel_ratio": 1.027,
  "mash_vs_immi_clean_ratio": 1.048
}
