{
  "immi_clean": {
    "mean": 0.3759729272419628,
    "std": 0.045081947493863024,
    "n": 30
  },
  "immi_indel": {
    "mean": 0.7417935702199662,
    "std": 0.04493981789956998,
    "n": 30
  },
  "mash_clean_vs_seed1": 0.162437,
  "mash_indel_vs_seed1": 1.005076,
  "note": "IMMI=k-mer NJ k=5 gap2 cosine, vs TRUE coalescent trees (30 seeds). Mash=single tree vs original benchmark true tree.",
  "immi_clean_nrfs": [
    0.2716,
    0.3731,
    0.4036,
    0.3426,
    0.368,
    0.3985,
    0.4848,
    0.3883,
    0.3782,
    0.4086,
    0.3376,
    0.3376,
    0.4391,
    0.3579,
    0.3426,
    0.4289,
    0.3325,
    0.3934,
    0.3883,
    0.3223,
    0.3782,
    0.4188,
    0.3122,
    0.3579,
    0.3731,
    0.3731,
    0.3629,
    0.3883,
    0.4695,
    0.3477
  ],
  "immi_indel_nrfs": [
    0.7284,
    0.7386,
    0.7792,
    0.7386,
    0.6675,
    0.6827,
    0.769,
    0.7183,
    0.7437,
    0.7437,
    0.7487,
    0.7437,
    0.7792,
    0.7284,
    0.7538,
    0.835,
    0.6777,
    0.8198,
    0.703,
    0.6929,
    0.7386,
    0.7284,
    0.6624,
    0.769,
    0.8096,
    0.7792,
    0.7335,
    0.7437,
    0.6827,
    0.8147
  ],
  "mash_vs_immi_indel_ratio": 1.3549333369282412,
  "mash_vs_immi_clean_ratio": 0.43201329787234044
}