/mnt/d/系统发育树项目/Fusang/Fusang-main/real_data/afproject_genome/ecoli_shigella/NC_000913.fasta	/mnt/d/系统发育树项目/Fusang/Fusang-main/real_data/afproject_genome/ecoli_shigella/NC_000913.fasta	0	0	10000/10000
/mnt/d/系统发育树项目/Fusang/Fusang-main/real_data/afproject_genome/ecoli_shigella/NC_002655.fasta	/mnt/d/系统发育树项目/Fusang/Fusang-main/real_data/afproject_genome/ecoli_shigella/NC_000913.fasta	0.0220055	0	4598/10000
/mnt/d/系统发育树项目/Fusang/Fusang-main/real_data/afproject_genome/ecoli_shigella/NC_002695.fasta	/mnt/d/系统发育树项目/Fusang/Fusang-main/real_data/afproject_genome/ecoli_shigella/NC_000913.fasta	0.0221193	0	4582/10000
/mnt/d/系统发育树项目/Fusang/Fusang-main/real_data/afproject_genome/ecoli_shigella/NC_004337.fasta	/mnt/d/系统发育树项目/Fusang/Fusang-main/real_data/afproject_genome/ecoli_shigella/NC_000913.fasta	0.0195055	0	4969/10000
/mnt/d/系统发育树项目/Fusang/Fusang-main/real_data/afproject_genome/ecoli_shigella/NC_004431.fasta	/mnt/d/系统发育树项目/Fusang/Fusang-main/real_data/afproject_genome/ecoli_shigella/NC_000913.fasta	0.0324167	0	3389/10000
/mnt/d/系统发育树项目/Fusang/Fusang-main/real_data/afproject_genome/ecoli_shigella/NC_004741.fasta	/mnt/d/系统发育树项目/Fusang/Fusang-main/real_data/afproject_genome/ecoli_shigella/NC_000913.fasta	0.0196017	0	4954/10000
/mnt/d/系统发育树项目/Fusang/Fusang-main/real_data/afproject_genome/ecoli_shigella/NC_007384.fasta	/mnt/d/系统发育树项目/Fusang/Fusang-main/real_data/afproject_genome/ecoli_shigella/NC_000913.fasta	0.0171612	0	5354/10000
/mnt/d/系统发育树项目/Fusang/Fusang-main/real_data/afproject_genome/ecoli_shigella/NC_007606.fasta	/mnt/d/系统发育树项目/Fusang/Fusang-main/real_data/afproject_genome/ecoli_shigella/NC_000913.fasta	0.0243073	0	4288/10000
/mnt/d/系统发育树项目/Fusang/Fusang-main/real_data/afproject_genome/ecoli_shigella/NC_007613.fasta	/mnt/d/系统发育树项目/Fusang/Fusang-main/real_data/afproject_genome/ecoli_shigella/NC_000913.fasta	0.0183193	0	5159/10000
/mnt/d/系统发育树项目/Fusang/Fusang-main/real_data/afproject_genome/ecoli_shigella/NC_007779.fasta	/mnt/d/系统发育树项目/Fusang/Fusang-main/real_data/afproject_genome/ecoli_shigella/NC_000913.fasta	4.05279e-05	0	9983/10000
/mnt/d/系统发育树项目/Fusang/Fusang-main/real_data/afproject_genome/ecoli_shigella/NC_007946.fasta	/mnt/d/系统发育树项目/Fusang/Fusang-main/real_data/afproject_genome/ecoli_shigella/NC_000913.fasta	0.0318865	0	3440/10000
/mnt/d/系统发育树项目/Fusang/Fusang-main/real_data/afproject_genome/ecoli_shigella/NC_008253.fasta	/mnt/d/系统发育树项目/Fusang/Fusang-main/real_data/afproject_genome/ecoli_shigella/NC_000913.fasta	0.0312954	0	3498/10000
/mnt/d/系统发育树项目/Fusang/Fusang-main/real_data/afproject_genome/ecoli_shigella/NC_008258.fasta	/mnt/d/系统发育树项目/Fusang/Fusang-main/real_data/afproject_genome/ecoli_shigella/NC_000913.fasta	0.0194352	0	4980/10000
/mnt/d/系统发育树项目/Fusang/Fusang-main/real_data/afproject_genome/ecoli_shigella/NC_008563.fasta	/mnt/d/系统发育树项目/Fusang/Fusang-main/real_data/afproject_genome/ecoli_shigella/NC_000913.fasta	0.0313257	0	3495/10000
/mnt/d/系统发育树项目/Fusang/Fusang-main/real_data/afproject_genome/ecoli_shigella/NC_009800.fasta	/mnt/d/系统发育树项目/Fusang/Fusang-main/real_data/afproject_genome/ecoli_shigella/NC_000913.fasta	0.0113618	0	6498/10000
/mnt/d/系统发育树项目/Fusang/Fusang-main/real_data/afproject_genome/ecoli_shigella/NC_009801.fasta	/mnt/d/系统发育树项目/Fusang/Fusang-main/real_data/afproject_genome/ecoli_shigella/NC_000913.fasta	0.0150707	0	5732/10000
/mnt/d/系统发育树项目/Fusang/Fusang-main/real_data/afproject_genome/ecoli_shigella/NC_010468.fasta	/mnt/d/系统发育树项目/Fusang/Fusang-main/real_data/afproject_genome/ecoli_shigella/NC_000913.fasta	0.00985499	0	6850/10000
/mnt/d/系统发育树项目/Fusang/Fusang-main/real_data/afproject_genome/ecoli_shigella/NC_010498.fasta	/mnt/d/系统发育树项目/Fusang/Fusang-main/real_data/afproject_genome/ecoli_shigella/NC_000913.fasta	0.0266229	0	4003/10000
/mnt/d/系统发育树项目/Fusang/Fusang-main/real_data/afproject_genome/ecoli_shigella/NC_010658.fasta	/mnt/d/系统发育树项目/Fusang/Fusang-main/real_data/afproject_genome/ecoli_shigella/NC_000913.fasta	0.019049	0	5041/10000
/mnt/d/系统发育树项目/Fusang/Fusang-main/real_data/afproject_genome/ecoli_shigella/NC_011415.fasta	/mnt/d/系统发育树项目/Fusang/Fusang-main/real_data/afproject_genome/ecoli_shigella/NC_000913.fasta	0.0146108	0	5820/10000
/mnt/d/系统发育树项目/Fusang/Fusang-main/real_data/afproject_genome/ecoli_shigella/NC_011601.fasta	/mnt/d/系统发育树项目/Fusang/Fusang-main/real_data/afproject_genome/ecoli_shigella/NC_000913.fasta	0.0314369	0	3484/10000
/mnt/d/系统发育树项目/Fusang/Fusang-main/real_data/afproject_genome/ecoli_shigella/NC_011741.fasta	/mnt/d/系统发育树项目/Fusang/Fusang-main/real_data/afproject_genome/ecoli_shigella/NC_000913.fasta	0.0143129	0	5878/10000
/mnt/d/系统发育树项目/Fusang/Fusang-main/real_data/afproject_genome/ecoli_shigella/NC_011742.fasta	/mnt/d/系统发育树项目/Fusang/Fusang-main/real_data/afproject_genome/ecoli_shigella/NC_000913.fasta	0.0305785	0	3570/10000
/mnt/d/系统发育树项目/Fusang/Fusang-main/real_data/afproject_genome/ecoli_shigella/NC_011745.fasta	/mnt/d/系统发育树项目/Fusang/Fusang-main/real_data/afproject_genome/ecoli_shigella/NC_000913.fasta	0.0318968	0	3439/10000
/mnt/d/系统发育树项目/Fusang/Fusang-main/real_data/afproject_genome/ecoli_shigella/NC_011748.fasta	/mnt/d/系统发育树项目/Fusang/Fusang-main/real_data/afproject_genome/ecoli_shigella/NC_000913.fasta	0.0158007	0	5596/10000
/mnt/d/系统发育树项目/Fusang/Fusang-main/real_data/afproject_genome/ecoli_shigella/NC_011750.fasta	/mnt/d/系统发育树项目/Fusang/Fusang-main/real_data/afproject_genome/ecoli_shigella/NC_000913.fasta	0.0266739	0	3997/10000
/mnt/d/系统发育树项目/Fusang/Fusang-main/real_data/afproject_genome/ecoli_shigella/NC_011751.fasta	/mnt/d/系统发育树项目/Fusang/Fusang-main/real_data/afproject_genome/ecoli_shigella/NC_000913.fasta	0.0245965	0	4251/10000
/mnt/d/系统发育树项目/Fusang/Fusang-main/real_data/afproject_genome/ecoli_shigella/NC_000913.fasta	/mnt/d/系统发育树项目/Fusang/Fusang-main/real_data/afproject_genome/ecoli_shigella/NC_002655.fasta	0.0220055	0	4598/10000
/mnt/d/系统发育树项目/Fusang/Fusang-main/real_data/afproject_genome/ecoli_shigella/NC_002655.fasta	/mnt/d/系统发育树项目/Fusang/Fusang-main/real_data/afproject_genome/ecoli_shigella/NC_002655.fasta	0	0	10000/10000
/mnt/d/系统发育树项目/Fusang/Fusang-main/real_data/afproject_genome/ecoli_shigella/NC_002695.fasta	/mnt/d/系统发育树项目/Fusang/Fusang-main/real_data/afproject_genome/ecoli_shigella/NC_002655.fasta	0.000572037	0	9764/10000
/mnt/d/系统发育树项目/Fusang/Fusang-main/real_data/afproject_genome/ecoli_shigella/NC_004337.fasta	/mnt/d/系统发育树项目/Fusang/Fusang-main/real_data/afproject_genome/ecoli_shigella/NC_002655.fasta	0.0253299	0	4159/10000
/mnt/d/系统发育树项目/Fusang/Fusang-main/real_data/afproject_genome/ecoli_shigella/NC_004431.fasta	/mnt/d/系统发育树项目/Fusang/Fusang-main/real_data/afproject_genome/ecoli_shigella/NC_002655.fasta	0.0354817	0	3112/10000
/mnt/d/系统发育树项目/Fusang/Fusang-main/real_data/afproject_genome/ecoli_shigella/NC_004741.fasta	/mnt/d/系统发育树项目/Fusang/Fusang-main/real_data/afproject_genome/ecoli_shigella/NC_002655.fasta	0.0252976	0	4163/10000
/mnt/d/系统发育树项目/Fusang/Fusang-main/real_data/afproject_genome/ecoli_shigella/NC_007384.fasta	/mnt/d/系统发育树项目/Fusang/Fusang-main/real_data/afproject_genome/ecoli_shigella/NC_002655.fasta	0.0240136	0	4326/10000
/mnt/d/系统发育树项目/Fusang/Fusang-main/real_data/afproject_genome/ecoli_shigella/NC_007606.fasta	/mnt/d/系统发育树项目/Fusang/Fusang-main/real_data/afproject_genome/ecoli_shigella/NC_002655.fasta	0.0225361	0	4524/10000
/mnt/d/系统发育树项目/Fusang/Fusang-main/real_data/afproject_genome/ecoli_shigella/NC_007613.fasta	/mnt/d/系统发育树项目/Fusang/Fusang-main/real_data/afproject_genome/ecoli_shigella/NC_002655.fasta	0.0253299	0	4159/10000
/mnt/d/系统发育树项目/Fusang/Fusang-main/real_data/afproject_genome/ecoli_shigella/NC_007779.fasta	/mnt/d/系统发育树项目/Fusang/Fusang-main/real_data/afproject_genome/ecoli_shigella/NC_002655.fasta	0.0219913	0	4600/10000
/mnt/d/系统发育树项目/Fusang/Fusang-main/real_data/afproject_genome/ecoli_shigella/NC_007946.fasta	/mnt/d/系统发育树项目/Fusang/Fusang-main/real_data/afproject_genome/ecoli_shigella/NC_002655.fasta	0.0349612	0	3157/10000
/mnt/d/系统发育树项目/Fusang/Fusang-main/real_data/afproject_genome/ecoli_shigella/NC_008253.fasta	/mnt/d/系统发育树项目/Fusang/Fusang-main/real_data/afproject_genome/ecoli_shigella/NC_002655.fasta	0.0350185	0	3152/10000
/mnt/d/系统发育树项目/Fusang/Fusang-main/real_data/afproject_genome/ecoli_shigella/NC_008258.fasta	/mnt/d/系统发育树项目/Fusang/Fusang-main/real_data/afproject_genome/ecoli_shigella/NC_002655.fasta	0.0252653	0	4167/10000
/mnt/d/系统发育树项目/Fusang/Fusang-main/real_data/afproject_genome/ecoli_shigella/NC_008563.fasta	/mnt/d/系统发育树项目/Fusang/Fusang-main/real_data/afproject_genome/ecoli_shigella/NC_002655.fasta	0.0346193	0	3187/10000
/mnt/d/系统发育树项目/Fusang/Fusang-main/real_data/afproject_genome/ecoli_shigella/NC_009800.fasta	/mnt/d/系统发育树项目/Fusang/Fusang-main/real_data/afproject_genome/ecoli_shigella/NC_002655.fasta	0.0228497	0	4481/10000
/mnt/d/系统发育树项目/Fusang/Fusang-main/real_data/afproject_genome/ecoli_shigella/NC_009801.fasta	/mnt/d/系统发育树项目/Fusang/Fusang-main/real_data/afproject_genome/ecoli_shigella/NC_002655.fasta	0.022616	0	4513/10000
/mnt/d/系统发育树项目/Fusang/Fusang-main/real_data/afproject_genome/ecoli_shigella/NC_010468.fasta	/mnt/d/系统发育树项目/Fusang/Fusang-main/real_data/afproject_genome/ecoli_shigella/NC_002655.fasta	0.0221478	0	4578/10000
/mnt/d/系统发育树项目/Fusang/Fusang-main/real_data/afproject_genome/ecoli_shigella/NC_010498.fasta	/mnt/d/系统发育树项目/Fusang/Fusang-main/real_data/afproject_genome/ecoli_shigella/NC_002655.fasta	0.0298222	0	3648/10000
/mnt/d/系统发育树项目/Fusang/Fusang-main/real_data/afproject_genome/ecoli_shigella/NC_010658.fasta	/mnt/d/系统发育树项目/Fusang/Fusang-main/real_data/afproject_genome/ecoli_shigella/NC_002655.fasta	0.0253623	0	4155/10000
/mnt/d/系统发育树项目/Fusang/Fusang-main/real_data/afproject_genome/ecoli_shigella/NC_011415.fasta	/mnt/d/系统发育树项目/Fusang/Fusang-main/real_data/afproject_genome/ecoli_shigella/NC_002655.fasta	0.0223053	0	4556/10000
/mnt/d/系统发育树项目/Fusang/Fusang-main/real_data/afproject_genome/ecoli_shigella/NC_011601.fasta	/mnt/d/系统发育树项目/Fusang/Fusang-main/real_data/afproject_genome/ecoli_shigella/NC_002655.fasta	0.0327546	0	3357/10000
/mnt/d/系统发育树项目/Fusang/Fusang-main/real_data/afproject_genome/ecoli_shigella/NC_011741.fasta	/mnt/d/系统发育树项目/Fusang/Fusang-main/real_data/afproject_genome/ecoli_shigella/NC_002655.fasta	0.0218147	0	4625/10000
/mnt/d/系统发育树项目/Fusang/Fusang-main/real_data/afproject_genome/ecoli_shigella/NC_011742.fasta	/mnt/d/系统发育树项目/Fusang/Fusang-main/real_data/afproject_genome/ecoli_shigella/NC_002655.fasta	0.0340471	0	3238/10000
/mnt/d/系统发育树项目/Fusang/Fusang-main/real_data/afproject_genome/ecoli_shigella/NC_011745.fasta	/mnt/d/系统发育树项目/Fusang/Fusang-main/real_data/afproject_genome/ecoli_shigella/NC_002655.fasta	0.0346306	0	3186/10000
/mnt/d/系统发育树项目/Fusang/Fusang-main/real_data/afproject_genome/ecoli_shigella/NC_011748.fasta	/mnt/d/系统发育树项目/Fusang/Fusang-main/real_data/afproject_genome/ecoli_shigella/NC_002655.fasta	0.022471	0	4533/10000
/mnt/d/系统发育树项目/Fusang/Fusang-main/real_data/afproject_genome/ecoli_shigella/NC_011750.fasta	/mnt/d/系统发育树项目/Fusang/Fusang-main/real_data/afproject_genome/ecoli_shigella/NC_002655.fasta	0.0300238	0	3627/10000
/mnt/d/系统发育树项目/Fusang/Fusang-main/real_data/afproject_genome/ecoli_shigella/NC_011751.fasta	/mnt/d/系统发育树项目/Fusang/Fusang-main/real_data/afproject_genome/ecoli_shigella/NC_002655.fasta	0.0277686	0	3871/10000
/mnt/d/系统发育树项目/Fusang/Fusang-main/real_data/afproject_genome/ecoli_shigella/NC_000913.fasta	/mnt/d/系统发育树项目/Fusang/Fusang-main/real_data/afproject_genome/ecoli_shigella/NC_002695.fasta	0.0221193	0	4582/10000
/mnt/d/系统发育树项目/Fusang/Fusang-main/real_data/afproject_genome/ecoli_shigella/NC_002655.fasta	/mnt/d/系统发育树项目/Fusang/Fusang-main/real_data/afproject_genome/ecoli_shigella/NC_002695.fasta	0.000572037	0	9764/10000
/mnt/d/系统发育树项目/Fusang/Fusang-main/real_data/afproject_genome/ecoli_shigella/NC_002695.fasta	/mnt/d/系统发育树项目/Fusang/Fusang-main/real_data/afproject_genome/ecoli_shigella/NC_002695.fasta	0	0	10000/10000
/mnt/d/系统发育树项目/Fusang/Fusang-main/real_data/afproject_genome/ecoli_shigella/NC_004337.fasta	/mnt/d/系统发育树项目/Fusang/Fusang-main/real_data/afproject_genome/ecoli_shigella/NC_002695.fasta	0.0253947	0	4151/10000
/mnt/d/系统发育树项目/Fusang/Fusang-main/real_data/afproject_genome/ecoli_shigella/NC_004431.fasta	/mnt/d/系统发育树项目/Fusang/Fusang-main/real_data/afproject_genome/ecoli_shigella/NC_002695.fasta	0.0354817	0	3112/10000
/mnt/d/系统发育树项目/Fusang/Fusang-main/real_data/afproject_genome/ecoli_shigella/NC_004741.fasta	/mnt/d/系统发育树项目/Fusang/Fusang-main/real_data/afproject_genome/ecoli_shigella/NC_002695.fasta	0.0253866	0	4152/10000
/mnt/d/系统发育树项目/Fusang/Fusang-main/real_data/afproject_genome/ecoli_shigella/NC_007384.fasta	/mnt/d/系统发育树项目/Fusang/Fusang-main/real_data/afproject_genome/ecoli_shigella/NC_002695.fasta	0.0240213	0	4325/10000
/mnt/d/系统发育树项目/Fusang/Fusang-main/real_data/afproject_genome/ecoli_shigella/NC_007606.fasta	/mnt/d/系统发育树项目/Fusang/Fusang-main/real_data/afproject_genome/ecoli_shigella/NC_002695.fasta	0.022616	0	4513/10000
/mnt/d/系统发育树项目/Fusang/Fusang-main/real_data/afproject_genome/ecoli_shigella/NC_007613.fasta	/mnt/d/系统发育树项目/Fusang/Fusang-main/real_data/afproject_genome/ecoli_shigella/NC_002695.fasta	0.0253947	0	4151/10000
/mnt/d/系统发育树项目/Fusang/Fusang-main/real_data/afproject_genome/ecoli_shigella/NC_007779.fasta	/mnt/d/系统发育树项目/Fusang/Fusang-main/real_data/afproject_genome/ecoli_shigella/NC_002695.fasta	0.0220766	0	4588/10000
/mnt/d/系统发育树项目/Fusang/Fusang-main/real_data/afproject_genome/ecoli_shigella/NC_007946.fasta	/mnt/d/系统发育树项目/Fusang/Fusang-main/real_data/afproject_genome/ecoli_shigella/NC_002695.fasta	0.035053	0	3149/10000
/mnt/d/系统发育树项目/Fusang/Fusang-main/real_data/afproject_genome/ecoli_shigella/NC_008253.fasta	/mnt/d/系统发育树项目/Fusang/Fusang-main/real_data/afproject_genome/ecoli_shigella/NC_002695.fasta	0.0349726	0	3156/10000
/mnt/d/系统发育树项目/Fusang/Fusang-main/real_data/afproject_genome/ecoli_shigella/NC_008258.fasta	/mnt/d/系统发育树项目/Fusang/Fusang-main/real_data/afproject_genome/ecoli_shigella/NC_002695.fasta	0.0252895	0	4164/10000
/mnt/d/系统发育树项目/Fusang/Fusang-main/real_data/afproject_genome/ecoli_shigella/NC_008563.fasta	/mnt/d/系统发育树项目/Fusang/Fusang-main/real_data/afproject_genome/ecoli_shigella/NC_002695.fasta	0.034676	0	3182/10000
/mnt/d/系统发育树项目/Fusang/Fusang-main/real_data/afproject_genome/ecoli_shigella/NC_009800.fasta	/mnt/d/系统发育树项目/Fusang/Fusang-main/real_data/afproject_genome/ecoli_shigella/NC_002695.fasta	0.0229748	0	4464/10000
/mnt/d/系统发育树项目/Fusang/Fusang-main/real_data/afproject_genome/ecoli_shigella/NC_009801.fasta	/mnt/d/系统发育树项目/Fusang/Fusang-main/real_data/afproject_genome/ecoli_shigella/NC_002695.fasta	0.0227399	0	4496/10000
/mnt/d/系统发育树项目/Fusang/Fusang-main/real_data/afproject_genome/ecoli_shigella/NC_010468.fasta	/mnt/d/系统发育树项目/Fusang/Fusang-main/real_data/afproject_genome/ecoli_shigella/NC_002695.fasta	0.0222981	0	4557/10000
/mnt/d/系统发育树项目/Fusang/Fusang-main/real_data/afproject_genome/ecoli_shigella/NC_010498.fasta	/mnt/d/系统发育树项目/Fusang/Fusang-main/real_data/afproject_genome/ecoli_shigella/NC_002695.fasta	0.0298127	0	3649/10000
/mnt/d/系统发育树项目/Fusang/Fusang-main/real_data/afproject_genome/ecoli_shigella/NC_010658.fasta	/mnt/d/系统发育树项目/Fusang/Fusang-main/real_data/afproject_genome/ecoli_shigella/NC_002695.fasta	0.0254596	0	4143/10000
/mnt/d/系统发育树项目/Fusang/Fusang-main/real_data/afproject_genome/ecoli_shigella/NC_011415.fasta	/mnt/d/系统发育树项目/Fusang/Fusang-main/real_data/afproject_genome/ecoli_shigella/NC_002695.fasta	0.0223844	0	4545/10000
/mnt/d/系统发育树项目/Fusang/Fusang-main/real_data/afproject_genome/ecoli_shigella/NC_011601.fasta	/mnt/d/系统发育树项目/Fusang/Fusang-main/real_data/afproject_genome/ecoli_shigella/NC_002695.fasta	0.0328823	0	3345/10000
/mnt/d/系统发育树项目/Fusang/Fusang-main/real_data/afproject_genome/ecoli_shigella/NC_011741.fasta	/mnt/d/系统发育树项目/Fusang/Fusang-main/real_data/afproject_genome/ecoli_shigella/NC_002695.fasta	0.0218781	0	4616/10000
/mnt/d/系统发育树项目/Fusang/Fusang-main/real_data/afproject_genome/ecoli_shigella/NC_011742.fasta	/mnt/d/系统发育树项目/Fusang/Fusang-main/real_data/afproject_genome/ecoli_shigella/NC_002695.fasta	0.0341138	0	3232/10000
/mnt/d/系统发育树项目/Fusang/Fusang-main/real_data/afproject_genome/ecoli_shigella/NC_011745.fasta	/mnt/d/系统发育树项目/Fusang/Fusang-main/real_data/afproject_genome/ecoli_shigella/NC_002695.fasta	0.0347214	0	3178/10000
/mnt/d/系统发育树项目/Fusang/Fusang-main/real_data/afproject_genome/ecoli_shigella/NC_011748.fasta	/mnt/d/系统发育树项目/Fusang/Fusang-main/real_data/afproject_genome/ecoli_shigella/NC_002695.fasta	0.0225289	0	4525/10000
/mnt/d/系统发育树项目/Fusang/Fusang-main/real_data/afproject_genome/ecoli_shigella/NC_011750.fasta	/mnt/d/系统发育树项目/Fusang/Fusang-main/real_data/afproject_genome/ecoli_shigella/NC_002695.fasta	0.0301397	0	3615/10000
/mnt/d/系统发育树项目/Fusang/Fusang-main/real_data/afproject_genome/ecoli_shigella/NC_011751.fasta	/mnt/d/系统发育树项目/Fusang/Fusang-main/real_data/afproject_genome/ecoli_shigella/NC_002695.fasta	0.0278752	0	3859/10000
/mnt/d/系统发育树项目/Fusang/Fusang-main/real_data/afproject_genome/ecoli_shigella/NC_000913.fasta	/mnt/d/系统发育树项目/Fusang/Fusang-main/real_data/afproject_genome/ecoli_shigella/NC_004337.fasta	0.0195055	0	4969/10000
/mnt/d/系统发育树项目/Fusang/Fusang-main/real_data/afproject_genome/ecoli_shigella/NC_002655.fasta	/mnt/d/系统发育树项目/Fusang/Fusang-main/real_data/afproject_genome/ecoli_shigella/NC_004337.fasta	0.0253299	0	4159/10000
/mnt/d/系统发育树项目/Fusang/Fusang-main/real_data/afproject_genome/ecoli_shigella/NC_002695.fasta	/mnt/d/系统发育树项目/Fusang/Fusang-main/real_data/afproject_genome/ecoli_shigella/NC_004337.fasta	0.0253947	0	4151/10000
/mnt/d/系统发育树项目/Fusang/Fusang-main/real_data/afproject_genome/ecoli_shigella/NC_004337.fasta	/mnt/d/系统发育树项目/Fusang/Fusang-main/real_data/afproject_genome/ecoli_shigella/NC_004337.fasta	0	0	10000/10000
/mnt/d/系统发育树项目/Fusang/Fusang-main/real_data/afproject_genome/ecoli_shigella/NC_004431.fasta	/mnt/d/系统发育树项目/Fusang/Fusang-main/real_data/afproject_genome/ecoli_shigella/NC_004337.fasta	0.0340915	0	3234/10000
/mnt/d/系统发育树项目/Fusang/Fusang-main/real_data/afproject_genome/ecoli_shigella/NC_004741.fasta	/mnt/d/系统发育树项目/Fusang/Fusang-main/real_data/afproject_genome/ecoli_shigella/NC_004337.fasta	0.000599203	0	9753/10000
/mnt/d/系统发育树项目/Fusang/Fusang-main/real_data/afproject_genome/ecoli_shigella/NC_007384.fasta	/mnt/d/系统发育树项目/Fusang/Fusang-main/real_data/afproject_genome/ecoli_shigella/NC_004337.fasta	0.017359	0	5320/10000
/mnt/d/系统发育树项目/Fusang/Fusang-main/real_data/afproject_genome/ecoli_shigella/NC_007606.fasta	/mnt/d/系统发育树项目/Fusang/Fusang-main/real_data/afproject_genome/ecoli_shigella/NC_004337.fasta	0.0250644	0	4192/10000
/mnt/d/系统发育树项目/Fusang/Fusang-main/real_data/afproject_genome/ecoli_shigella/NC_007613.fasta	/mnt/d/系统发育树项目/Fusang/Fusang-main/real_data/afproject_genome/ecoli_shigella/NC_004337.fasta	0.0179208	0	5225/10000
/mnt/d/系统发育树项目/Fusang/Fusang-main/real_data/afproject_genome/ecoli_shigella/NC_007779.fasta	/mnt/d/系统发育树项目/Fusang/Fusang-main/real_data/afproject_genome/ecoli_shigella/NC_004337.fasta	0.0194799	0	4973/10000
/mnt/d/系统发育树项目/Fusang/Fusang-main/real_data/afproject_genome/ecoli_shigella/NC_007946.fasta	/mnt/d/系统发育树项目/Fusang/Fusang-main/real_data/afproject_genome/ecoli_shigella/NC_004337.fasta	0.0347328	0	3177/10000
/mnt/d/系统发育树项目/Fusang/Fusang-main/real_data/afproject_genome/ecoli_shigella/NC_008253.fasta	/mnt/d/系统发育树项目/Fusang/Fusang-main/real_data/afproject_genome/ecoli_shigella/NC_004337.fasta	0.0339251	0	3249/10000
/mnt/d/系统发育树项目/Fusang/Fusang-main/real_data/afproject_genome/ecoli_shigella/NC_008258.fasta	/mnt/d/系统发育树项目/Fusang/Fusang-main/real_data/afproject_genome/ecoli_shigella/NC_004337.fasta	0.00298898	0	8853/10000
/mnt/d/系统发育树项目/Fusang/Fusang-main/real_data/afproject_genome/ecoli_shigella/NC_008563.fasta	/mnt/d/系统发育树项目/Fusang/Fusang-main/real_data/afproject_genome/ecoli_shigella/NC_004337.fasta	0.034416	0	3205/10000
/mnt/d/系统发育树项目/Fusang/Fusang-main/real_data/afproject_genome/ecoli_shigella/NC_009800.fasta	/mnt/d/系统发育树项目/Fusang/Fusang-main/real_data/afproject_genome/ecoli_shigella/NC_004337.fasta	0.0196597	0	4945/10000
/mnt/d/系统发育树项目/Fusang/Fusang-main/real_data/afproject_genome/ecoli_shigella/NC_009801.fasta	/mnt/d/系统发育树项目/Fusang/Fusang-main/real_data/afproject_genome/ecoli_shigella/NC_004337.fasta	0.0195632	0	4960/10000
/mnt/d/系统发育树项目/Fusang/Fusang-main/real_data/afproject_genome/ecoli_shigella/NC_010468.fasta	/mnt/d/系统发育树项目/Fusang/Fusang-main/real_data/afproject_genome/ecoli_shigella/NC_004337.fasta	0.0200232	0	4889/10000
/mnt/d/系统发育树项目/Fusang/Fusang-main/real_data/afproject_genome/ecoli_shigella/NC_010498.fasta	/mnt/d/系统发育树项目/Fusang/Fusang-main/real_data/afproject_genome/ecoli_shigella/NC_004337.fasta	0.0306179	0	3566/10000
/mnt/d/系统发育树项目/Fusang/Fusang-main/real_data/afproject_genome/ecoli_shigella/NC_010658.fasta	/mnt/d/系统发育树项目/Fusang/Fusang-main/real_data/afproject_genome/ecoli_shigella/NC_004337.fasta	0.0189925	0	5050/10000
/mnt/d/系统发育树项目/Fusang/Fusang-main/real_data/afproject_genome/ecoli_shigella/NC_011415.fasta	/mnt/d/系统发育树项目/Fusang/Fusang-main/real_data/afproject_genome/ecoli_shigella/NC_004337.fasta	0.018737	0	5091/10000
/mnt/d/系统发育树项目/Fusang/Fusang-main/real_data/afproject_genome/ecoli_shigella/NC_011601.fasta	/mnt/d/系统发育树项目/Fusang/Fusang-main/real_data/afproject_genome/ecoli_shigella/NC_004337.fasta	0.0336389	0	3275/10000
/mnt/d/系统发育树项目/Fusang/Fusang-main/real_data/afproject_genome/ecoli_shigella/NC_011741.fasta	/mnt/d/系统发育树项目/Fusang/Fusang-main/real_data/afproject_genome/ecoli_shigella/NC_004337.fasta	0.0179088	0	5227/10000
/mnt/d/系统发育树项目/Fusang/Fusang-main/real_data/afproject_genome/ecoli_shigella/NC_011742.fasta	/mnt/d/系统发育树项目/Fusang/Fusang-main/real_data/afproject_genome/ecoli_shigella/NC_004337.fasta	0.0341027	0	3233/10000
/mnt/d/系统发育树项目/Fusang/Fusang-main/real_data/afproject_genome/ecoli_shigella/NC_011745.fasta	/mnt/d/系统发育树项目/Fusang/Fusang-main/real_data/afproject_genome/ecoli_shigella/NC_004337.fasta	0.0342813	0	3217/10000
/mnt/d/系统发育树项目/Fusang/Fusang-main/real_data/afproject_genome/ecoli_shigella/NC_011748.fasta	/mnt/d/系统发育树项目/Fusang/Fusang-main/real_data/afproject_genome/ecoli_shigella/NC_004337.fasta	0.0193523	0	4993/10000
/mnt/d/系统发育树项目/Fusang/Fusang-main/real_data/afproject_genome/ecoli_shigella/NC_011750.fasta	/mnt/d/系统发育树项目/Fusang/Fusang-main/real_data/afproject_genome/ecoli_shigella/NC_004337.fasta	0.0304217	0	3586/10000
/mnt/d/系统发育树项目/Fusang/Fusang-main/real_data/afproject_genome/ecoli_shigella/NC_011751.fasta	/mnt/d/系统发育树项目/Fusang/Fusang-main/real_data/afproject_genome/ecoli_shigella/NC_004337.fasta	0.0291328	0	3721/10000
/mnt/d/系统发育树项目/Fusang/Fusang-main/real_data/afproject_genome/ecoli_shigella/NC_000913.fasta	/mnt/d/系统发育树项目/Fusang/Fusang-main/real_data/afproject_genome/ecoli_shigella/NC_004431.fasta	0.0324167	0	3389/10000
/mnt/d/系统发育树项目/Fusang/Fusang-main/real_data/afproject_genome/ecoli_shigella/NC_002655.fasta	/mnt/d/系统发育树项目/Fusang/Fusang-main/real_data/afproject_genome/ecoli_shigella/NC_004431.fasta	0.0354817	0	3112/10000
/mnt/d/系统发育树项目/Fusang/Fusang-main/real_data/afproject_genome/ecoli_shigella/NC_002695.fasta	/mnt/d/系统发育树项目/Fusang/Fusang-main/real_data/afproject_genome/ecoli_shigella/NC_004431.fasta	0.0354817	0	3112/10000
/mnt/d/系统发育树项目/Fusang/Fusang-main/real_data/afproject_genome/ecoli_shigella/NC_004337.fasta	/mnt/d/系统发育树项目/Fusang/Fusang-main/real_data/afproject_genome/ecoli_shigella/NC_004431.fasta	0.0340915	0	3234/10000
/mnt/d/系统发育树项目/Fusang/Fusang-main/real_data/afproject_genome/ecoli_shigella/NC_004431.fasta	/mnt/d/系统发育树项目/Fusang/Fusang-main/real_data/afproject_genome/ecoli_shigella/NC_004431.fasta	0	0	10000/10000
/mnt/d/系统发育树项目/Fusang/Fusang-main/real_data/afproject_genome/ecoli_shigella/NC_004741.fasta	/mnt/d/系统发育树项目/Fusang/Fusang-main/real_data/afproject_genome/ecoli_shigella/NC_004431.fasta	0.0340693	0	3236/10000
/mnt/d/系统发育树项目/Fusang/Fusang-main/real_data/afproject_genome/ecoli_shigella/NC_007384.fasta	/mnt/d/系统发育树项目/Fusang/Fusang-main/real_data/afproject_genome/ecoli_shigella/NC_004431.fasta	0.0341138	0	3232/10000
/mnt/d/系统发育树项目/Fusang/Fusang-main/real_data/afproject_genome/ecoli_shigella/NC_007606.fasta	/mnt/d/系统发育树项目/Fusang/Fusang-main/real_data/afproject_genome/ecoli_shigella/NC_004431.fasta	0.0361664	0	3054/10000
/mnt/d/系统发育树项目/Fusang/Fusang-main/real_data/afproject_genome/ecoli_shigella/NC_007613.fasta	/mnt/d/系统发育树项目/Fusang/Fusang-main/real_data/afproject_genome/ecoli_shigella/NC_004431.fasta	0.0351567	0	3140/10000
/mnt/d/系统发育树项目/Fusang/Fusang-main/real_data/afproject_genome/ecoli_shigella/NC_007779.fasta	/mnt/d/系统发育树项目/Fusang/Fusang-main/real_data/afproject_genome/ecoli_shigella/NC_004431.fasta	0.0323748	0	3393/10000
/mnt/d/系统发育树项目/Fusang/Fusang-main/real_data/afproject_genome/ecoli_shigella/NC_007946.fasta	/mnt/d/系统发育树项目/Fusang/Fusang-main/real_data/afproject_genome/ecoli_shigella/NC_004431.fasta	0.01104	0	6571/10000
/mnt/d/系统发育树项目/Fusang/Fusang-main/real_data/afproject_genome/ecoli_shigella/NC_008253.fasta	/mnt/d/系统发育树项目/Fusang/Fusang-main/real_data/afproject_genome/ecoli_shigella/NC_004431.fasta	0.0106716	0	6656/10000
/mnt/d/系统发育树项目/Fusang/Fusang-main/real_data/afproject_genome/ecoli_shigella/NC_008258.fasta	/mnt/d/系统发育树项目/Fusang/Fusang-main/real_data/afproject_genome/ecoli_shigella/NC_004431.fasta	0.0345513	0	3193/10000
/mnt/d/系统发育树项目/Fusang/Fusang-main/real_data/afproject_genome/ecoli_shigella/NC_008563.fasta	/mnt/d/系统发育树项目/Fusang/Fusang-main/real_data/afproject_genome/ecoli_shigella/NC_004431.fasta	0.0117202	0	6418/10000
/mnt/d/系统发育树项目/Fusang/Fusang-main/real_data/afproject_genome/ecoli_shigella/NC_009800.fasta	/mnt/d/系统发育树项目/Fusang/Fusang-main/real_data/afproject_genome/ecoli_shigella/NC_004431.fasta	0.0323329	0	3397/10000
/mnt/d/系统发育树项目/Fusang/Fusang-main/real_data/afproject_genome/ecoli_shigella/NC_009801.fasta	/mnt/d/系统发育树项目/Fusang/Fusang-main/real_data/afproject_genome/ecoli_shigella/NC_004431.fasta	0.0334751	0	3290/10000
/mnt/d/系统发育树项目/Fusang/Fusang-main/real_data/afproject_genome/ecoli_shigella/NC_010468.fasta	/mnt/d/系统发育树项目/Fusang/Fusang-main/real_data/afproject_genome/ecoli_shigella/NC_004431.fasta	0.0323538	0	3395/10000
/mnt/d/系统发育树项目/Fusang/Fusang-main/real_data/afproject_genome/ecoli_shigella/NC_010498.fasta	/mnt/d/系统发育树项目/Fusang/Fusang-main/real_data/afproject_genome/ecoli_shigella/NC_004431.fasta	0.0277331	0	3875/10000
/mnt/d/系统发育树项目/Fusang/Fusang-main/real_data/afproject_genome/ecoli_shigella/NC_010658.fasta	/mnt/d/系统发育树项目/Fusang/Fusang-main/real_data/afproject_genome/ecoli_shigella/NC_004431.fasta	0.0352955	0	3128/10000
/mnt/d/系统发育树项目/Fusang/Fusang-main/real_data/afproject_genome/ecoli_shigella/NC_011415.fasta	/mnt/d/系统发育树项目/Fusang/Fusang-main/real_data/afproject_genome/ecoli_shigella/NC_004431.fasta	0.0334207	0	3295/10000
/mnt/d/系统发育树项目/Fusang/Fusang-main/real_data/afproject_genome/ecoli_shigella/NC_011601.fasta	/mnt/d/系统发育树项目/Fusang/Fusang-main/real_data/afproject_genome/ecoli_shigella/NC_004431.fasta	0.0178491	0	5237/10000
/mnt/d/系统发育树项目/Fusang/Fusang-main/real_data/afproject_genome/ecoli_shigella/NC_011741.fasta	/mnt/d/系统发育树项目/Fusang/Fusang-main/real_data/afproject_genome/ecoli_shigella/NC_004431.fasta	0.0327652	0	3356/10000
/mnt/d/系统发育树项目/Fusang/Fusang-main/real_data/afproject_genome/ecoli_shigella/NC_011742.fasta	/mnt/d/系统发育树项目/Fusang/Fusang-main/real_data/afproject_genome/ecoli_shigella/NC_004431.fasta	0.0120115	0	6354/10000
/mnt/d/系统发育树项目/Fusang/Fusang-main/real_data/afproject_genome/ecoli_shigella/NC_011745.fasta	/mnt/d/系统发育树项目/Fusang/Fusang-main/real_data/afproject_genome/ecoli_shigella/NC_004431.fasta	0.0135706	0	6026/10000
/mnt/d/系统发育树项目/Fusang/Fusang-main/real_data/afproject_genome/ecoli_shigella/NC_011748.fasta	/mnt/d/系统发育树项目/Fusang/Fusang-main/real_data/afproject_genome/ecoli_shigella/NC_004431.fasta	0.0318762	0	3441/10000
/mnt/d/系统发育树项目/Fusang/Fusang-main/real_data/afproject_genome/ecoli_shigella/NC_011750.fasta	/mnt/d/系统发育树项目/Fusang/Fusang-main/real_data/afproject_genome/ecoli_shigella/NC_004431.fasta	0.0268704	0	3974/10000
/mnt/d/系统发育树项目/Fusang/Fusang-main/real_data/afproject_genome/ecoli_shigella/NC_011751.fasta	/mnt/d/系统发育树项目/Fusang/Fusang-main/real_data/afproject_genome/ecoli_shigella/NC_004431.fasta	0.0309944	0	3528/10000
/mnt/d/系统发育树项目/Fusang/Fusang-main/real_data/afproject_genome/ecoli_shigella/NC_000913.fasta	/mnt/d/系统发育树项目/Fusang/Fusang-main/real_data/afproject_genome/ecoli_shigella/NC_004741.fasta	0.0196017	0	4954/10000
/mnt/d/系统发育树项目/Fusang/Fusang-main/real_data/afproject_genome/ecoli_shigella/NC_002655.fasta	/mnt/d/系统发育树项目/Fusang/Fusang-main/real_data/afproject_genome/ecoli_shigella/NC_004741.fasta	0.0252976	0	4163/10000
/mnt/d/系统发育树项目/Fusang/Fusang-main/real_data/afproject_genome/ecoli_shigella/NC_002695.fasta	/mnt/d/系统发育树项目/Fusang/Fusang-main/real_data/afproject_genome/ecoli_shigella/NC_004741.fasta	0.0253866	0	4152/10000
/mnt/d/系统发育树项目/Fusang/Fusang-main/real_data/afproject_genome/ecoli_shigella/NC_004337.fasta	/mnt/d/系统发育树项目/Fusang/Fusang-main/real_data/afproject_genome/ecoli_shigella/NC_004741.fasta	0.000599203	0	9753/10000
/mnt/d/系统发育树项目/Fusang/Fusang-main/real_data/afproject_genome/ecoli_shigella/NC_004431.fasta	/mnt/d/系统发育树项目/Fusang/Fusang-main/real_data/afproject_genome/ecoli_shigella/NC_004741.fasta	0.0340693	0	3236/10000
/mnt/d/系统发育树项目/Fusang/Fusang-main/real_data/afproject_genome/ecoli_shigella/NC_004741.fasta	/mnt/d/系统发育树项目/Fusang/Fusang-main/real_data/afproject_genome/ecoli_shigella/NC_004741.fasta	0	0	10000/10000
/mnt/d/系统发育树项目/Fusang/Fusang-main/real_data/afproject_genome/ecoli_shigella/NC_007384.fasta	/mnt/d/系统发育树项目/Fusang/Fusang-main/real_data/afproject_genome/ecoli_shigella/NC_004741.fasta	0.0173941	0	5314/10000
/mnt/d/系统发育树项目/Fusang/Fusang-main/real_data/afproject_genome/ecoli_shigella/NC_007606.fasta	/mnt/d/系统发育树项目/Fusang/Fusang-main/real_data/afproject_genome/ecoli_shigella/NC_004741.fasta	0.0251928	0	4176/10000
/mnt/d/系统发育树项目/Fusang/Fusang-main/real_data/afproject_genome/ecoli_shigella/NC_007613.fasta	/mnt/d/系统发育树项目/Fusang/Fusang-main/real_data/afproject_genome/ecoli_shigella/NC_004741.fasta	0.0180048	0	5211/10000
/mnt/d/系统发育树项目/Fusang/Fusang-main/real_data/afproject_genome/ecoli_shigella/NC_007779.fasta	/mnt/d/系统发育树项目/Fusang/Fusang-main/real_data/afproject_genome/ecoli_shigella/NC_004741.fasta	0.0195568	0	4961/10000
/mnt/d/系统发育树项目/Fusang/Fusang-main/real_data/afproject_genome/ecoli_shigella/NC_007946.fasta	/mnt/d/系统发育树项目/Fusang/Fusang-main/real_data/afproject_genome/ecoli_shigella/NC_004741.fasta	0.0347214	0	3178/10000
/mnt/d/系统发育树项目/Fusang/Fusang-main/real_data/afproject_genome/ecoli_shigella/NC_008253.fasta	/mnt/d/系统发育树项目/Fusang/Fusang-main/real_data/afproject_genome/ecoli_shigella/NC_004741.fasta	0.0339251	0	3249/10000
/mnt/d/系统发育树项目/Fusang/Fusang-main/real_data/afproject_genome/ecoli_shigella/NC_008258.fasta	/mnt/d/系统发育树项目/Fusang/Fusang-main/real_data/afproject_genome/ecoli_shigella/NC_004741.fasta	0.00300039	0	8849/10000
/mnt/d/系统发育树项目/Fusang/Fusang-main/real_data/afproject_genome/ecoli_shigella/NC_008563.fasta	/mnt/d/系统发育树项目/Fusang/Fusang-main/real_data/afproject_genome/ecoli_shigella/NC_004741.fasta	0.0344611	0	3201/10000
/mnt/d/系统发育树项目/Fusang/Fusang-main/real_data/afproject_genome/ecoli_shigella/NC_009800.fasta	/mnt/d/系统发育树项目/Fusang/Fusang-main/real_data/afproject_genome/ecoli_shigella/NC_004741.fasta	0.0196725	0	4943/10000
/mnt/d/系统发育树项目/Fusang/Fusang-main/real_data/afproject_genome/ecoli_shigella/NC_009801.fasta	/mnt/d/系统发育树项目/Fusang/Fusang-main/real_data/afproject_genome/ecoli_shigella/NC_004741.fasta	0.0195825	0	4957/10000
/mnt/d/系统发育树项目/Fusang/Fusang-main/real_data/afproject_genome/ecoli_shigella/NC_010468.fasta	/mnt/d/系统发育树项目/Fusang/Fusang-main/real_data/afproject_genome/ecoli_shigella/NC_004741.fasta	0.020056	0	4884/10000
/mnt/d/系统发育树项目/Fusang/Fusang-main/real_data/afproject_genome/ecoli_shigella/NC_010498.fasta	/mnt/d/系统发育树项目/Fusang/Fusang-main/real_data/afproject_genome/ecoli_shigella/NC_004741.fasta	0.0306277	0	3565/10000
/mnt/d/系统发育树项目/Fusang/Fusang-main/real_data/afproject_genome/ecoli_shigella/NC_010658.fasta	/mnt/d/系统发育树项目/Fusang/Fusang-main/real_data/afproject_genome/ecoli_shigella/NC_004741.fasta	0.0190741	0	5037/10000
/mnt/d/系统发育树项目/Fusang/Fusang-main/real_data/afproject_genome/ecoli_shigella/NC_011415.fasta	/mnt/d/系统发育树项目/Fusang/Fusang-main/real_data/afproject_genome/ecoli_shigella/NC_004741.fasta	0.0187618	0	5087/10000
/mnt/d/系统发育树项目/Fusang/Fusang-main/real_data/afproject_genome/ecoli_shigella/NC_011601.fasta	/mnt/d/系统发育树项目/Fusang/Fusang-main/real_data/afproject_genome/ecoli_shigella/NC_004741.fasta	0.0335514	0	3283/10000
/mnt/d/系统发育树项目/Fusang/Fusang-main/real_data/afproject_genome/ecoli_shigella/NC_011741.fasta	/mnt/d/系统发育树项目/Fusang/Fusang-main/real_data/afproject_genome/ecoli_shigella/NC_004741.fasta	0.0179088	0	5227/10000
/mnt/d/系统发育树项目/Fusang/Fusang-main/real_data/afproject_genome/ecoli_shigella/NC_011742.fasta	/mnt/d/系统发育树项目/Fusang/Fusang-main/real_data/afproject_genome/ecoli_shigella/NC_004741.fasta	0.0340915	0	3234/10000
/mnt/d/系统发育树项目/Fusang/Fusang-main/real_data/afproject_genome/ecoli_shigella/NC_011745.fasta	/mnt/d/系统发育树项目/Fusang/Fusang-main/real_data/afproject_genome/ecoli_shigella/NC_004741.fasta	0.034371	0	3209/10000
/mnt/d/系统发育树项目/Fusang/Fusang-main/real_data/afproject_genome/ecoli_shigella/NC_011748.fasta	/mnt/d/系统发育树项目/Fusang/Fusang-main/real_data/afproject_genome/ecoli_shigella/NC_004741.fasta	0.0193778	0	4989/10000
/mnt/d/系统发育树项目/Fusang/Fusang-main/real_data/afproject_genome/ecoli_shigella/NC_011750.fasta	/mnt/d/系统发育树项目/Fusang/Fusang-main/real_data/afproject_genome/ecoli_shigella/NC_004741.fasta	0.0303339	0	3595/10000
/mnt/d/系统发育树项目/Fusang/Fusang-main/real_data/afproject_genome/ecoli_shigella/NC_011751.fasta	/mnt/d/系统发育树项目/Fusang/Fusang-main/real_data/afproject_genome/ecoli_shigella/NC_004741.fasta	0.0291421	0	3720/10000
/mnt/d/系统发育树项目/Fusang/Fusang-main/real_data/afproject_genome/ecoli_shigella/NC_000913.fasta	/mnt/d/系统发育树项目/Fusang/Fusang-main/real_data/afproject_genome/ecoli_shigella/NC_007384.fasta	0.0171612	0	5354/10000
/mnt/d/系统发育树项目/Fusang/Fusang-main/real_data/afproject_genome/ecoli_shigella/NC_002655.fasta	/mnt/d/系统发育树项目/Fusang/Fusang-main/real_data/afproject_genome/ecoli_shigella/NC_007384.fasta	0.0240136	0	4326/10000
/mnt/d/系统发育树项目/Fusang/Fusang-main/real_data/afproject_genome/ecoli_shigella/NC_002695.fasta	/mnt/d/系统发育树项目/Fusang/Fusang-main/real_data/afproject_genome/ecoli_shigella/NC_007384.fasta	0.0240213	0	4325/10000
/mnt/d/系统发育树项目/Fusang/Fusang-main/real_data/afproject_genome/ecoli_shigella/NC_004337.fasta	/mnt/d/系统发育树项目/Fusang/Fusang-main/real_data/afproject_genome/ecoli_shigella/NC_007384.fasta	0.017359	0	5320/10000
/mnt/d/系统发育树项目/Fusang/Fusang-main/real_data/afproject_genome/ecoli_shigella/NC_004431.fasta	/mnt/d/系统发育树项目/Fusang/Fusang-main/real_data/afproject_genome/ecoli_shigella/NC_007384.fasta	0.0341138	0	3232/10000
/mnt/d/系统发育树项目/Fusang/Fusang-main/real_data/afproject_genome/ecoli_shigella/NC_004741.fasta	/mnt/d/系统发育树项目/Fusang/Fusang-main/real_data/afproject_genome/ecoli_shigella/NC_007384.fasta	0.0173941	0	5314/10000
/mnt/d/系统发育树项目/Fusang/Fusang-main/real_data/afproject_genome/ecoli_shigella/NC_007384.fasta	/mnt/d/系统发育树项目/Fusang/Fusang-main/real_data/afproject_genome/ecoli_shigella/NC_007384.fasta	0	0	10000/10000
/mnt/d/系统发育树项目/Fusang/Fusang-main/real_data/afproject_genome/ecoli_shigella/NC_007606.fasta	/mnt/d/系统发育树项目/Fusang/Fusang-main/real_data/afproject_genome/ecoli_shigella/NC_007384.fasta	0.024284	0	4291/10000
/mnt/d/系统发育树项目/Fusang/Fusang-main/real_data/afproject_genome/ecoli_shigella/NC_007613.fasta	/mnt/d/系统发育树项目/Fusang/Fusang-main/real_data/afproject_genome/ecoli_shigella/NC_007384.fasta	0.0150391	0	5738/10000
/mnt/d/系统发育树项目/Fusang/Fusang-main/real_data/afproject_genome/ecoli_shigella/NC_007779.fasta	/mnt/d/系统发育树项目/Fusang/Fusang-main/real_data/afproject_genome/ecoli_shigella/NC_007384.fasta	0.0171322	0	5359/10000
/mnt/d/系统发育树项目/Fusang/Fusang-main/real_data/afproject_genome/ecoli_shigella/NC_007946.fasta	/mnt/d/系统发育树项目/Fusang/Fusang-main/real_data/afproject_genome/ecoli_shigella/NC_007384.fasta	0.0337817	0	3262/10000
/mnt/d/系统发育树项目/Fusang/Fusang-main/real_data/afproject_genome/ecoli_shigella/NC_008253.fasta	/mnt/d/系统发育树项目/Fusang/Fusang-main/real_data/afproject_genome/ecoli_shigella/NC_007384.fasta	0.0331395	0	3321/10000
/mnt/d/系统发育树项目/Fusang/Fusang-main/real_data/afproject_genome/ecoli_shigella/NC_008258.fasta	/mnt/d/系统发育树项目/Fusang/Fusang-main/real_data/afproject_genome/ecoli_shigella/NC_007384.fasta	0.0175585	0	5286/10000
/mnt/d/系统发育树项目/Fusang/Fusang-main/real_data/afproject_genome/ecoli_shigella/NC_008563.fasta	/mnt/d/系统发育树项目/Fusang/Fusang-main/real_data/afproject_genome/ecoli_shigella/NC_007384.fasta	0.033628	0	3276/10000
/mnt/d/系统发育树项目/Fusang/Fusang-main/real_data/afproject_genome/ecoli_shigella/NC_009800.fasta	/mnt/d/系统发育树项目/Fusang/Fusang-main/real_data/afproject_genome/ecoli_shigella/NC_007384.fasta	0.0162081	0	5522/10000
/mnt/d/系统发育树项目/Fusang/Fusang-main/real_data/afproject_genome/ecoli_shigella/NC_009801.fasta	/mnt/d/系统发育树项目/Fusang/Fusang-main/real_data/afproject_genome/ecoli_shigella/NC_007384.fasta	0.0150813	0	5730/10000
/mnt/d/系统发育树项目/Fusang/Fusang-main/real_data/afproject_genome/ecoli_shigella/NC_010468.fasta	/mnt/d/系统发育树项目/Fusang/Fusang-main/real_data/afproject_genome/ecoli_shigella/NC_007384.fasta	0.0167479	0	5426/10000
/mnt/d/系统发育树项目/Fusang/Fusang-main/real_data/afproject_genome/ecoli_shigella/NC_010498.fasta	/mnt/d/系统发育树项目/Fusang/Fusang-main/real_data/afproject_genome/ecoli_shigella/NC_007384.fasta	0.0291048	0	3724/10000
/mnt/d/系统发育树项目/Fusang/Fusang-main/real_data/afproject_genome/ecoli_shigella/NC_010658.fasta	/mnt/d/系统发育树项目/Fusang/Fusang-main/real_data/afproject_genome/ecoli_shigella/NC_007384.fasta	0.0155727	0	5638/10000
/mnt/d/系统发育树项目/Fusang/Fusang-main/real_data/afproject_genome/ecoli_shigella/NC_011415.fasta	/mnt/d/系统发育树项目/Fusang/Fusang-main/real_data/afproject_genome/ecoli_shigella/NC_007384.fasta	0.0151448	0	5718/10000
/mnt/d/系统发育树项目/Fusang/Fusang-main/real_data/afproject_genome/ecoli_shigella/NC_011601.fasta	/mnt/d/系统发育树项目/Fusang/Fusang-main/real_data/afproject_genome/ecoli_shigella/NC_007384.fasta	0.032925	0	3341/10000
/mnt/d/系统发育树项目/Fusang/Fusang-main/real_data/afproject_genome/ecoli_shigella/NC_011741.fasta	/mnt/d/系统发育树项目/Fusang/Fusang-main/real_data/afproject_genome/ecoli_shigella/NC_007384.fasta	0.0139235	0	5955/10000
/mnt/d/系统发育树项目/Fusang/Fusang-main/real_data/afproject_genome/ecoli_shigella/NC_011742.fasta	/mnt/d/系统发育树项目/Fusang/Fusang-main/real_data/afproject_genome/ecoli_shigella/NC_007384.fasta	0.0327758	0	3355/10000
/mnt/d/系统发育树项目/Fusang/Fusang-main/real_data/afproject_genome/ecoli_shigella/NC_011745.fasta	/mnt/d/系统发育树项目/Fusang/Fusang-main/real_data/afproject_genome/ecoli_shigella/NC_007384.fasta	0.0331502	0	3320/10000
/mnt/d/系统发育树项目/Fusang/Fusang-main/real_data/afproject_genome/ecoli_shigella/NC_011748.fasta	/mnt/d/系统发育树项目/Fusang/Fusang-main/real_data/afproject_genome/ecoli_shigella/NC_007384.fasta	0.0154166	0	5667/10000
/mnt/d/系统发育树项目/Fusang/Fusang-main/real_data/afproject_genome/ecoli_shigella/NC_011750.fasta	/mnt/d/系统发育树项目/Fusang/Fusang-main/real_data/afproject_genome/ecoli_shigella/NC_007384.fasta	0.0291888	0	3715/10000
/mnt/d/系统发育树项目/Fusang/Fusang-main/real_data/afproject_genome/ecoli_shigella/NC_011751.fasta	/mnt/d/系统发育树项目/Fusang/Fusang-main/real_data/afproject_genome/ecoli_shigella/NC_007384.fasta	0.0269649	0	3963/10000
/mnt/d/系统发育树项目/Fusang/Fusang-main/real_data/afproject_genome/ecoli_shigella/NC_000913.fasta	/mnt/d/系统发育树项目/Fusang/Fusang-main/real_data/afproject_genome/ecoli_shigella/NC_007606.fasta	0.0243073	0	4288/10000
/mnt/d/系统发育树项目/Fusang/Fusang-main/real_data/afproject_genome/ecoli_shigella/NC_002655.fasta	/mnt/d/系统发育树项目/Fusang/Fusang-main/real_data/afproject_genome/ecoli_shigella/NC_007606.fasta	0.0225361	0	4524/10000
/mnt/d/系统发育树项目/Fusang/Fusang-main/real_data/afproject_genome/ecoli_shigella/NC_002695.fasta	/mnt/d/系统发育树项目/Fusang/Fusang-main/real_data/afproject_genome/ecoli_shigella/NC_007606.fasta	0.022616	0	4513/10000
/mnt/d/系统发育树项目/Fusang/Fusang-main/real_data/afproject_genome/ecoli_shigella/NC_004337.fasta	/mnt/d/系统发育树项目/Fusang/Fusang-main/real_data/afproject_genome/ecoli_shigella/NC_007606.fasta	0.0250644	0	4192/10000
/mnt/d/系统发育树项目/Fusang/Fusang-main/real_data/afproject_genome/ecoli_shigella/NC_004431.fasta	/mnt/d/系统发育树项目/Fusang/Fusang-main/real_data/afproject_genome/ecoli_shigella/NC_007606.fasta	0.0361664	0	3054/10000
/mnt/d/系统发育树项目/Fusang/Fusang-main/real_data/afproject_genome/ecoli_shigella/NC_004741.fasta	/mnt/d/系统发育树项目/Fusang/Fusang-main/real_data/afproject_genome/ecoli_shigella/NC_007606.fasta	0.0251928	0	4176/10000
/mnt/d/系统发育树项目/Fusang/Fusang-main/real_data/afproject_genome/ecoli_shigella/NC_007384.fasta	/mnt/d/系统发育树项目/Fusang/Fusang-main/real_data/afproject_genome/ecoli_shigella/NC_007606.fasta	0.024284	0	4291/10000
/mnt/d/系统发育树项目/Fusang/Fusang-main/real_data/afproject_genome/ecoli_shigella/NC_007606.fasta	/mnt/d/系统发育树项目/Fusang/Fusang-main/real_data/afproject_genome/ecoli_shigella/NC_007606.fasta	0	0	10000/10000
/mnt/d/系统发育树项目/Fusang/Fusang-main/real_data/afproject_genome/ecoli_shigella/NC_007613.fasta	/mnt/d/系统发育树项目/Fusang/Fusang-main/real_data/afproject_genome/ecoli_shigella/NC_007606.fasta	0.0245023	0	4263/10000
/mnt/d/系统发育树项目/Fusang/Fusang-main/real_data/afproject_genome/ecoli_shigella/NC_007779.fasta	/mnt/d/系统发育树项目/Fusang/Fusang-main/real_data/afproject_genome/ecoli_shigella/NC_007606.fasta	0.0242529	0	4295/10000
/mnt/d/系统发育树项目/Fusang/Fusang-main/real_data/afproject_genome/ecoli_shigella/NC_007946.fasta	/mnt/d/系统发育树项目/Fusang/Fusang-main/real_data/afproject_genome/ecoli_shigella/NC_007606.fasta	0.0356925	0	3094/10000
/mnt/d/系统发育树项目/Fusang/Fusang-main/real_data/afproject_genome/ecoli_shigella/NC_008253.fasta	/mnt/d/系统发育树项目/Fusang/Fusang-main/real_data/afproject_genome/ecoli_shigella/NC_007606.fasta	0.0349956	0	3154/10000
/mnt/d/系统发育树项目/Fusang/Fusang-main/real_data/afproject_genome/ecoli_shigella/NC_008258.fasta	/mnt/d/系统发育树项目/Fusang/Fusang-main/real_data/afproject_genome/ecoli_shigella/NC_007606.fasta	0.0250644	0	4192/10000
/mnt/d/系统发育树项目/Fusang/Fusang-main/real_data/afproject_genome/ecoli_shigella/NC_008563.fasta	/mnt/d/系统发育树项目/Fusang/Fusang-main/real_data/afproject_genome/ecoli_shigella/NC_007606.fasta	0.0359167	0	3075/10000
/mnt/d/系统发育树项目/Fusang/Fusang-main/real_data/afproject_genome/ecoli_shigella/NC_009800.fasta	/mnt/d/系统发育树项目/Fusang/Fusang-main/real_data/afproject_genome/ecoli_shigella/NC_007606.fasta	0.0247304	0	4234/10000
/mnt/d/系统发育树项目/Fusang/Fusang-main/real_data/afproject_genome/ecoli_shigella/NC_009801.fasta	/mnt/d/系统发育树项目/Fusang/Fusang-main/real_data/afproject_genome/ecoli_shigella/NC_007606.fasta	0.0254109	0	4149/10000
/mnt/d/系统发育树项目/Fusang/Fusang-main/real_data/afproject_genome/ecoli_shigella/NC_010468.fasta	/mnt/d/系统发育树项目/Fusang/Fusang-main/real_data/afproject_genome/ecoli_shigella/NC_007606.fasta	0.0245572	0	4256/10000
/mnt/d/系统发育树项目/Fusang/Fusang-main/real_data/afproject_genome/ecoli_shigella/NC_010498.fasta	/mnt/d/系统发育树项目/Fusang/Fusang-main/real_data/afproject_genome/ecoli_shigella/NC_007606.fasta	0.0321244	0	3417/10000
/mnt/d/系统发育树项目/Fusang/Fusang-main/real_data/afproject_genome/ecoli_shigella/NC_010658.fasta	/mnt/d/系统发育树项目/Fusang/Fusang-main/real_data/afproject_genome/ecoli_shigella/NC_007606.fasta	0.0244554	0	4269/10000
/mnt/d/系统发育树项目/Fusang/Fusang-main/real_data/afproject_genome/ecoli_shigella/NC_011415.fasta	/mnt/d/系统发育树项目/Fusang/Fusang-main/real_data/afproject_genome/ecoli_shigella/NC_007606.fasta	0.0260348	0	4073/10000
/mnt/d/系统发育树项目/Fusang/Fusang-main/real_data/afproject_genome/ecoli_shigella/NC_011601.fasta	/mnt/d/系统发育树项目/Fusang/Fusang-main/real_data/afproject_genome/ecoli_shigella/NC_007606.fasta	0.0348239	0	3169/10000
/mnt/d/系统发育树项目/Fusang/Fusang-main/real_data/afproject_genome/ecoli_shigella/NC_011741.fasta	/mnt/d/系统发育树项目/Fusang/Fusang-main/real_data/afproject_genome/ecoli_shigella/NC_007606.fasta	0.0249526	0	4206/10000
/mnt/d/系统发育树项目/Fusang/Fusang-main/real_data/afproject_genome/ecoli_shigella/NC_011742.fasta	/mnt/d/系统发育树项目/Fusang/Fusang-main/real_data/afproject_genome/ecoli_shigella/NC_007606.fasta	0.0347442	0	3176/10000
/mnt/d/系统发育树项目/Fusang/Fusang-main/real_data/afproject_genome/ecoli_shigella/NC_011745.fasta	/mnt/d/系统发育树项目/Fusang/Fusang-main/real_data/afproject_genome/ecoli_shigella/NC_007606.fasta	0.0357513	0	3089/10000
/mnt/d/系统发育树项目/Fusang/Fusang-main/real_data/afproject_genome/ecoli_shigella/NC_011748.fasta	/mnt/d/系统发育树项目/Fusang/Fusang-main/real_data/afproject_genome/ecoli_shigella/NC_007606.fasta	0.026462	0	4022/10000
/mnt/d/系统发育树项目/Fusang/Fusang-main/real_data/afproject_genome/ecoli_shigella/NC_011750.fasta	/mnt/d/系统发育树项目/Fusang/Fusang-main/real_data/afproject_genome/ecoli_shigella/NC_007606.fasta	0.0320518	0	3424/10000
/mnt/d/系统发育树项目/Fusang/Fusang-main/real_data/afproject_genome/ecoli_shigella/NC_011751.fasta	/mnt/d/系统发育树项目/Fusang/Fusang-main/real_data/afproject_genome/ecoli_shigella/NC_007606.fasta	0.0302269	0	3606/10000
/mnt/d/系统发育树项目/Fusang/Fusang-main/real_data/afproject_genome/ecoli_shigella/NC_000913.fasta	/mnt/d/系统发育树项目/Fusang/Fusang-main/real_data/afproject_genome/ecoli_shigella/NC_007613.fasta	0.0183193	0	5159/10000
/mnt/d/系统发育树项目/Fusang/Fusang-main/real_data/afproject_genome/ecoli_shigella/NC_002655.fasta	/mnt/d/系统发育树项目/Fusang/Fusang-main/real_data/afproject_genome/ecoli_shigella/NC_007613.fasta	0.0253299	0	4159/10000
/mnt/d/系统发育树项目/Fusang/Fusang-main/real_data/afproject_genome/ecoli_shigella/NC_002695.fasta	/mnt/d/系统发育树项目/Fusang/Fusang-main/real_data/afproject_genome/ecoli_shigella/NC_007613.fasta	0.0253947	0	4151/10000
/mnt/d/系统发育树项目/Fusang/Fusang-main/real_data/afproject_genome/ecoli_shigella/NC_004337.fasta	/mnt/d/系统发育树项目/Fusang/Fusang-main/real_data/afproject_genome/ecoli_shigella/NC_007613.fasta	0.0179208	0	5225/10000
/mnt/d/系统发育树项目/Fusang/Fusang-main/real_data/afproject_genome/ecoli_shigella/NC_004431.fasta	/mnt/d/系统发育树项目/Fusang/Fusang-main/real_data/afproject_genome/ecoli_shigella/NC_007613.fasta	0.0351567	0	3140/10000
/mnt/d/系统发育树项目/Fusang/Fusang-main/real_data/afproject_genome/ecoli_shigella/NC_004741.fasta	/mnt/d/系统发育树项目/Fusang/Fusang-main/real_data/afproject_genome/ecoli_shigella/NC_007613.fasta	0.0180048	0	5211/10000
/mnt/d/系统发育树项目/Fusang/Fusang-main/real_data/afproject_genome/ecoli_shigella/NC_007384.fasta	/mnt/d/系统发育树项目/Fusang/Fusang-main/real_data/afproject_genome/ecoli_shigella/NC_007613.fasta	0.0150391	0	5738/10000
/mnt/d/系统发育树项目/Fusang/Fusang-main/real_data/afproject_genome/ecoli_shigella/NC_007606.fasta	/mnt/d/系统发育树项目/Fusang/Fusang-main/real_data/afproject_genome/ecoli_shigella/NC_007613.fasta	0.0245023	0	4263/10000
/mnt/d/系统发育树项目/Fusang/Fusang-main/real_data/afproject_genome/ecoli_shigella/NC_007613.fasta	/mnt/d/系统发育树项目/Fusang/Fusang-main/real_data/afproject_genome/ecoli_shigella/NC_007613.fasta	0	0	10000/10000
/mnt/d/系统发育树项目/Fusang/Fusang-main/real_data/afproject_genome/ecoli_shigella/NC_007779.fasta	/mnt/d/系统发育树项目/Fusang/Fusang-main/real_data/afproject_genome/ecoli_shigella/NC_007613.fasta	0.0182828	0	5165/10000
/mnt/d/系统发育树项目/Fusang/Fusang-main/real_data/afproject_genome/ecoli_shigella/NC_007946.fasta	/mnt/d/系统发育树项目/Fusang/Fusang-main/real_data/afproject_genome/ecoli_shigella/NC_007613.fasta	0.03454	0	3194/10000
/mnt/d/系统发育树项目/Fusang/Fusang-main/real_data/afproject_genome/ecoli_shigella/NC_008253.fasta	/mnt/d/系统发育树项目/Fusang/Fusang-main/real_data/afproject_genome/ecoli_shigella/NC_007613.fasta	0.0344385	0	3203/10000
/mnt/d/系统发育树项目/Fusang/Fusang-main/real_data/afproject_genome/ecoli_shigella/NC_008258.fasta	/mnt/d/系统发育树项目/Fusang/Fusang-main/real_data/afproject_genome/ecoli_shigella/NC_007613.fasta	0.0177895	0	5247/10000
/mnt/d/系统发育树项目/Fusang/Fusang-main/real_data/afproject_genome/ecoli_shigella/NC_008563.fasta	/mnt/d/系统发育树项目/Fusang/Fusang-main/real_data/afproject_genome/ecoli_shigella/NC_007613.fasta	0.0346533	0	3184/10000
/mnt/d/系统发育树项目/Fusang/Fusang-main/real_data/afproject_genome/ecoli_shigella/NC_009800.fasta	/mnt/d/系统发育树项目/Fusang/Fusang-main/real_data/afproject_genome/ecoli_shigella/NC_007613.fasta	0.0178252	0	5241/10000
/mnt/d/系统发育树项目/Fusang/Fusang-main/real_data/afproject_genome/ecoli_shigella/NC_009801.fasta	/mnt/d/系统发育树项目/Fusang/Fusang-main/real_data/afproject_genome/ecoli_shigella/NC_007613.fasta	0.0173473	0	5322/10000
/mnt/d/系统发育树项目/Fusang/Fusang-main/real_data/afproject_genome/ecoli_shigella/NC_010468.fasta	/mnt/d/系统发育树项目/Fusang/Fusang-main/real_data/afproject_genome/ecoli_shigella/NC_007613.fasta	0.0178014	0	5245/10000
/mnt/d/系统发育树项目/Fusang/Fusang-main/real_data/afproject_genome/ecoli_shigella/NC_010498.fasta	/mnt/d/系统发育树项目/Fusang/Fusang-main/real_data/afproject_genome/ecoli_shigella/NC_007613.fasta	0.0307758	0	3550/10000
/mnt/d/系统发育树项目/Fusang/Fusang-main/real_data/afproject_genome/ecoli_shigella/NC_010658.fasta	/mnt/d/系统发育树项目/Fusang/Fusang-main/real_data/afproject_genome/ecoli_shigella/NC_007613.fasta	0.00615579	0	7837/10000
/mnt/d/系统发育树项目/Fusang/Fusang-main/real_data/afproject_genome/ecoli_shigella/NC_011415.fasta	/mnt/d/系统发育树项目/Fusang/Fusang-main/real_data/afproject_genome/ecoli_shigella/NC_007613.fasta	0.0167251	0	5430/10000
/mnt/d/系统发育树项目/Fusang/Fusang-main/real_data/afproject_genome/ecoli_shigella/NC_011601.fasta	/mnt/d/系统发育树项目/Fusang/Fusang-main/real_data/afproject_genome/ecoli_shigella/NC_007613.fasta	0.0339141	0	3250/10000
/mnt/d/系统发育树项目/Fusang/Fusang-main/real_data/afproject_genome/ecoli_shigella/NC_011741.fasta	/mnt/d/系统发育树项目/Fusang/Fusang-main/real_data/afproject_genome/ecoli_shigella/NC_007613.fasta	0.0156322	0	5627/10000
/mnt/d/系统发育树项目/Fusang/Fusang-main/real_data/afproject_genome/ecoli_shigella/NC_011742.fasta	/mnt/d/系统发育树项目/Fusang/Fusang-main/real_data/afproject_genome/ecoli_shigella/NC_007613.fasta	0.033903	0	3251/10000
/mnt/d/系统发育树项目/Fusang/Fusang-main/real_data/afproject_genome/ecoli_shigella/NC_011745.fasta	/mnt/d/系统发育树项目/Fusang/Fusang-main/real_data/afproject_genome/ecoli_shigella/NC_007613.fasta	0.034676	0	3182/10000
/mnt/d/系统发育树项目/Fusang/Fusang-main/real_data/afproject_genome/ecoli_shigella/NC_011748.fasta	/mnt/d/系统发育树项目/Fusang/Fusang-main/real_data/afproject_genome/ecoli_shigella/NC_007613.fasta	0.017736	0	5256/10000
/mnt/d/系统发育树项目/Fusang/Fusang-main/real_data/afproject_genome/ecoli_shigella/NC_011750.fasta	/mnt/d/系统发育树项目/Fusang/Fusang-main/real_data/afproject_genome/ecoli_shigella/NC_007613.fasta	0.0309247	0	3535/10000
/mnt/d/系统发育树项目/Fusang/Fusang-main/real_data/afproject_genome/ecoli_shigella/NC_011751.fasta	/mnt/d/系统发育树项目/Fusang/Fusang-main/real_data/afproject_genome/ecoli_shigella/NC_007613.fasta	0.0294046	0	3692/10000
/mnt/d/系统发育树项目/Fusang/Fusang-main/real_data/afproject_genome/ecoli_shigella/NC_000913.fasta	/mnt/d/系统发育树项目/Fusang/Fusang-main/real_data/afproject_genome/ecoli_shigella/NC_007779.fasta	4.05279e-05	0	9983/10000
/mnt/d/系统发育树项目/Fusang/Fusang-main/real_data/afproject_genome/ecoli_shigella/NC_002655.fasta	/mnt/d/系统发育树项目/Fusang/Fusang-main/real_data/afproject_genome/ecoli_shigella/NC_007779.fasta	0.0219913	0	4600/10000
/mnt/d/系统发育树项目/Fusang/Fusang-main/real_data/afproject_genome/ecoli_shigella/NC_002695.fasta	/mnt/d/系统发育树项目/Fusang/Fusang-main/real_data/afproject_genome/ecoli_shigella/NC_007779.fasta	0.0220766	0	4588/10000
/mnt/d/系统发育树项目/Fusang/Fusang-main/real_data/afproject_genome/ecoli_shigella/NC_004337.fasta	/mnt/d/系统发育树项目/Fusang/Fusang-main/real_data/afproject_genome/ecoli_shigella/NC_007779.fasta	0.0194799	0	4973/10000
/mnt/d/系统发育树项目/Fusang/Fusang-main/real_data/afproject_genome/ecoli_shigella/NC_004431.fasta	/mnt/d/系统发育树项目/Fusang/Fusang-main/real_data/afproject_genome/ecoli_shigella/NC_007779.fasta	0.0323748	0	3393/10000
/mnt/d/系统发育树项目/Fusang/Fusang-main/real_data/afproject_genome/ecoli_shigella/NC_004741.fasta	/mnt/d/系统发育树项目/Fusang/Fusang-main/real_data/afproject_genome/ecoli_shigella/NC_007779.fasta	0.0195568	0	4961/10000
/mnt/d/系统发育树项目/Fusang/Fusang-main/real_data/afproject_genome/ecoli_shigella/NC_007384.fasta	/mnt/d/系统发育树项目/Fusang/Fusang-main/real_data/afproject_genome/ecoli_shigella/NC_007779.fasta	0.0171322	0	5359/10000
/mnt/d/系统发育树项目/Fusang/Fusang-main/real_data/afproject_genome/ecoli_shigella/NC_007606.fasta	/mnt/d/系统发育树项目/Fusang/Fusang-main/real_data/afproject_genome/ecoli_shigella/NC_007779.fasta	0.0242529	0	4295/10000
/mnt/d/系统发育树项目/Fusang/Fusang-main/real_data/afproject_genome/ecoli_shigella/NC_007613.fasta	/mnt/d/系统发育树项目/Fusang/Fusang-main/real_data/afproject_genome/ecoli_shigella/NC_007779.fasta	0.0182828	0	5165/10000
/mnt/d/系统发育树项目/Fusang/Fusang-main/real_data/afproject_genome/ecoli_shigella/NC_007779.fasta	/mnt/d/系统发育树项目/Fusang/Fusang-main/real_data/afproject_genome/ecoli_shigella/NC_007779.fasta	0	0	10000/10000
/mnt/d/系统发育树项目/Fusang/Fusang-main/real_data/afproject_genome/ecoli_shigella/NC_007946.fasta	/mnt/d/系统发育树项目/Fusang/Fusang-main/real_data/afproject_genome/ecoli_shigella/NC_007779.fasta	0.0318762	0	3441/10000
/mnt/d/系统发育树项目/Fusang/Fusang-main/real_data/afproject_genome/ecoli_shigella/NC_008253.fasta	/mnt/d/系统发育树项目/Fusang/Fusang-main/real_data/afproject_genome/ecoli_shigella/NC_007779.fasta	0.0312752	0	3500/10000
/mnt/d/系统发育树项目/Fusang/Fusang-main/real_data/afproject_genome/ecoli_shigella/NC_008258.fasta	/mnt/d/系统发育树项目/Fusang/Fusang-main/real_data/afproject_genome/ecoli_shigella/NC_007779.fasta	0.0193905	0	4987/10000
/mnt/d/系统发育树项目/Fusang/Fusang-main/real_data/afproject_genome/ecoli_shigella/NC_008563.fasta	/mnt/d/系统发育树项目/Fusang/Fusang-main/real_data/afproject_genome/ecoli_shigella/NC_007779.fasta	0.0312954	0	3498/10000
/mnt/d/系统发育树项目/Fusang/Fusang-main/real_data/afproject_genome/ecoli_shigella/NC_009800.fasta	/mnt/d/系统发育树项目/Fusang/Fusang-main/real_data/afproject_genome/ecoli_shigella/NC_007779.fasta	0.011313	0	6509/10000
/mnt/d/系统发育树项目/Fusang/Fusang-main/real_data/afproject_genome/ecoli_shigella/NC_009801.fasta	/mnt/d/系统发育树项目/Fusang/Fusang-main/real_data/afproject_genome/ecoli_shigella/NC_007779.fasta	0.0150391	0	5738/10000
/mnt/d/系统发育树项目/Fusang/Fusang-main/real_data/afproject_genome/ecoli_shigella/NC_010468.fasta	/mnt/d/系统发育树项目/Fusang/Fusang-main/real_data/afproject_genome/ecoli_shigella/NC_007779.fasta	0.00980554	0	6862/10000
/mnt/d/系统发育树项目/Fusang/Fusang-main/real_data/afproject_genome/ecoli_shigella/NC_010498.fasta	/mnt/d/系统发育树项目/Fusang/Fusang-main/real_data/afproject_genome/ecoli_shigella/NC_007779.fasta	0.0265635	0	4010/10000
/mnt/d/系统发育树项目/Fusang/Fusang-main/real_data/afproject_genome/ecoli_shigella/NC_010658.fasta	/mnt/d/系统发育树项目/Fusang/Fusang-main/real_data/afproject_genome/ecoli_shigella/NC_007779.fasta	0.0189925	0	5050/10000
/mnt/d/系统发育树项目/Fusang/Fusang-main/real_data/afproject_genome/ecoli_shigella/NC_011415.fasta	/mnt/d/系统发育树项目/Fusang/Fusang-main/real_data/afproject_genome/ecoli_shigella/NC_007779.fasta	0.014554	0	5831/10000
/mnt/d/系统发育树项目/Fusang/Fusang-main/real_data/afproject_genome/ecoli_shigella/NC_011601.fasta	/mnt/d/系统发育树项目/Fusang/Fusang-main/real_data/afproject_genome/ecoli_shigella/NC_007779.fasta	0.0313762	0	3490/10000
/mnt/d/系统发育树项目/Fusang/Fusang-main/real_data/afproject_genome/ecoli_shigella/NC_011741.fasta	/mnt/d/系统发育树项目/Fusang/Fusang-main/real_data/afproject_genome/ecoli_shigella/NC_007779.fasta	0.0142721	0	5886/10000
/mnt/d/系统发育树项目/Fusang/Fusang-main/real_data/afproject_genome/ecoli_shigella/NC_011742.fasta	/mnt/d/系统发育树项目/Fusang/Fusang-main/real_data/afproject_genome/ecoli_shigella/NC_007779.fasta	0.0305294	0	3575/10000
/mnt/d/系统发育树项目/Fusang/Fusang-main/real_data/afproject_genome/ecoli_shigella/NC_011745.fasta	/mnt/d/系统发育树项目/Fusang/Fusang-main/real_data/afproject_genome/ecoli_shigella/NC_007779.fasta	0.0318762	0	3441/10000
/mnt/d/系统发育树项目/Fusang/Fusang-main/real_data/afproject_genome/ecoli_shigella/NC_011748.fasta	/mnt/d/系统发育树项目/Fusang/Fusang-main/real_data/afproject_genome/ecoli_shigella/NC_007779.fasta	0.0157626	0	5603/10000
/mnt/d/系统发育树项目/Fusang/Fusang-main/real_data/afproject_genome/ecoli_shigella/NC_011750.fasta	/mnt/d/系统发育树项目/Fusang/Fusang-main/real_data/afproject_genome/ecoli_shigella/NC_007779.fasta	0.0266399	0	4001/10000
/mnt/d/系统发育树项目/Fusang/Fusang-main/real_data/afproject_genome/ecoli_shigella/NC_011751.fasta	/mnt/d/系统发育树项目/Fusang/Fusang-main/real_data/afproject_genome/ecoli_shigella/NC_007779.fasta	0.0245729	0	4254/10000
/mnt/d/系统发育树项目/Fusang/Fusang-main/real_data/afproject_genome/ecoli_shigella/NC_000913.fasta	/mnt/d/系统发育树项目/Fusang/Fusang-main/real_data/afproject_genome/ecoli_shigella/NC_007946.fasta	0.0318865	0	3440/10000
/mnt/d/系统发育树项目/Fusang/Fusang-main/real_data/afproject_genome/ecoli_shigella/NC_002655.fasta	/mnt/d/系统发育树项目/Fusang/Fusang-main/real_data/afproject_genome/ecoli_shigella/NC_007946.fasta	0.0349612	0	3157/10000
/mnt/d/系统发育树项目/Fusang/Fusang-main/real_data/afproject_genome/ecoli_shigella/NC_002695.fasta	/mnt/d/系统发育树项目/Fusang/Fusang-main/real_data/afproject_genome/ecoli_shigella/NC_007946.fasta	0.035053	0	3149/10000
/mnt/d/系统发育树项目/Fusang/Fusang-main/real_data/afproject_genome/ecoli_shigella/NC_004337.fasta	/mnt/d/系统发育树项目/Fusang/Fusang-main/real_data/afproject_genome/ecoli_shigella/NC_007946.fasta	0.0347328	0	3177/10000
/mnt/d/系统发育树项目/Fusang/Fusang-main/real_data/afproject_genome/ecoli_shigella/NC_004431.fasta	/mnt/d/系统发育树项目/Fusang/Fusang-main/real_data/afproject_genome/ecoli_shigella/NC_007946.fasta	0.01104	0	6571/10000
/mnt/d/系统发育树项目/Fusang/Fusang-main/real_data/afproject_genome/ecoli_shigella/NC_004741.fasta	/mnt/d/系统发育树项目/Fusang/Fusang-main/real_data/afproject_genome/ecoli_shigella/NC_007946.fasta	0.0347214	0	3178/10000
/mnt/d/系统发育树项目/Fusang/Fusang-main/real_data/afproject_genome/ecoli_shigella/NC_007384.fasta	/mnt/d/系统发育树项目/Fusang/Fusang-main/real_data/afproject_genome/ecoli_shigella/NC_007946.fasta	0.0337817	0	3262/10000
/mnt/d/系统发育树项目/Fusang/Fusang-main/real_data/afproject_genome/ecoli_shigella/NC_007606.fasta	/mnt/d/系统发育树项目/Fusang/Fusang-main/real_data/afproject_genome/ecoli_shigella/NC_007946.fasta	0.0356925	0	3094/10000
/mnt/d/系统发育树项目/Fusang/Fusang-main/real_data/afproject_genome/ecoli_shigella/NC_007613.fasta	/mnt/d/系统发育树项目/Fusang/Fusang-main/real_data/afproject_genome/ecoli_shigella/NC_007946.fasta	0.03454	0	3194/10000
/mnt/d/系统发育树项目/Fusang/Fusang-main/real_data/afproject_genome/ecoli_shigella/NC_007779.fasta	/mnt/d/系统发育树项目/Fusang/Fusang-main/real_data/afproject_genome/ecoli_shigella/NC_007946.fasta	0.0318762	0	3441/10000
/mnt/d/系统发育树项目/Fusang/Fusang-main/real_data/afproject_genome/ecoli_shigella/NC_007946.fasta	/mnt/d/系统发育树项目/Fusang/Fusang-main/real_data/afproject_genome/ecoli_shigella/NC_007946.fasta	0	0	10000/10000
/mnt/d/系统发育树项目/Fusang/Fusang-main/real_data/afproject_genome/ecoli_shigella/NC_008253.fasta	/mnt/d/系统发育树项目/Fusang/Fusang-main/real_data/afproject_genome/ecoli_shigella/NC_007946.fasta	0.010255	0	6754/10000
/mnt/d/系统发育树项目/Fusang/Fusang-main/real_data/afproject_genome/ecoli_shigella/NC_008258.fasta	/mnt/d/系统发育树项目/Fusang/Fusang-main/real_data/afproject_genome/ecoli_shigella/NC_007946.fasta	0.0344048	0	3206/10000
/mnt/d/系统发育树项目/Fusang/Fusang-main/real_data/afproject_genome/ecoli_shigella/NC_008563.fasta	/mnt/d/系统发育树项目/Fusang/Fusang-main/real_data/afproject_genome/ecoli_shigella/NC_007946.fasta	0.00344282	0	8696/10000
/mnt/d/系统发育树项目/Fusang/Fusang-main/real_data/afproject_genome/ecoli_shigella/NC_009800.fasta	/mnt/d/系统发育树项目/Fusang/Fusang-main/real_data/afproject_genome/ecoli_shigella/NC_007946.fasta	0.0321452	0	3415/10000
/mnt/d/系统发育树项目/Fusang/Fusang-main/real_data/afproject_genome/ecoli_shigella/NC_009801.fasta	/mnt/d/系统发育树项目/Fusang/Fusang-main/real_data/afproject_genome/ecoli_shigella/NC_007946.fasta	0.0331933	0	3316/10000
/mnt/d/系统发育树项目/Fusang/Fusang-main/real_data/afproject_genome/ecoli_shigella/NC_010468.fasta	/mnt/d/系统发育树项目/Fusang/Fusang-main/real_data/afproject_genome/ecoli_shigella/NC_007946.fasta	0.0324482	0	3386/10000
/mnt/d/系统发育树项目/Fusang/Fusang-main/real_data/afproject_genome/ecoli_shigella/NC_010498.fasta	/mnt/d/系统发育树项目/Fusang/Fusang-main/real_data/afproject_genome/ecoli_shigella/NC_007946.fasta	0.0278218	0	3865/10000
/mnt/d/系统发育树项目/Fusang/Fusang-main/real_data/afproject_genome/ecoli_shigella/NC_010658.fasta	/mnt/d/系统发育树项目/Fusang/Fusang-main/real_data/afproject_genome/ecoli_shigella/NC_007946.fasta	0.034574	0	3191/10000
/mnt/d/系统发育树项目/Fusang/Fusang-main/real_data/afproject_genome/ecoli_shigella/NC_011415.fasta	/mnt/d/系统发育树项目/Fusang/Fusang-main/real_data/afproject_genome/ecoli_shigella/NC_007946.fasta	0.0327864	0	3354/10000
/mnt/d/系统发育树项目/Fusang/Fusang-main/real_data/afproject_genome/ecoli_shigella/NC_011601.fasta	/mnt/d/系统发育树项目/Fusang/Fusang-main/real_data/afproject_genome/ecoli_shigella/NC_007946.fasta	0.0175349	0	5290/10000
/mnt/d/系统发育树项目/Fusang/Fusang-main/real_data/afproject_genome/ecoli_shigella/NC_011741.fasta	/mnt/d/系统发育树项目/Fusang/Fusang-main/real_data/afproject_genome/ecoli_shigella/NC_007946.fasta	0.032638	0	3368/10000
/mnt/d/系统发育树项目/Fusang/Fusang-main/real_data/afproject_genome/ecoli_shigella/NC_011742.fasta	/mnt/d/系统发育树项目/Fusang/Fusang-main/real_data/afproject_genome/ecoli_shigella/NC_007946.fasta	0.00449292	0	8348/10000
/mnt/d/系统发育树项目/Fusang/Fusang-main/real_data/afproject_genome/ecoli_shigella/NC_011745.fasta	/mnt/d/系统发育树项目/Fusang/Fusang-main/real_data/afproject_genome/ecoli_shigella/NC_007946.fasta	0.0141098	0	5918/10000
/mnt/d/系统发育树项目/Fusang/Fusang-main/real_data/afproject_genome/ecoli_shigella/NC_011748.fasta	/mnt/d/系统发育树项目/Fusang/Fusang-main/real_data/afproject_genome/ecoli_shigella/NC_007946.fasta	0.0318453	0	3444/10000
/mnt/d/系统发育树项目/Fusang/Fusang-main/real_data/afproject_genome/ecoli_shigella/NC_011750.fasta	/mnt/d/系统发育树项目/Fusang/Fusang-main/real_data/afproject_genome/ecoli_shigella/NC_007946.fasta	0.0267165	0	3992/10000
/mnt/d/系统发育树项目/Fusang/Fusang-main/real_data/afproject_genome/ecoli_shigella/NC_011751.fasta	/mnt/d/系统发育树项目/Fusang/Fusang-main/real_data/afproject_genome/ecoli_shigella/NC_007946.fasta	0.0313156	0	3496/10000
/mnt/d/系统发育树项目/Fusang/Fusang-main/real_data/afproject_genome/ecoli_shigella/NC_000913.fasta	/mnt/d/系统发育树项目/Fusang/Fusang-main/real_data/afproject_genome/ecoli_shigella/NC_008253.fasta	0.0312954	0	3498/10000
/mnt/d/系统发育树项目/Fusang/Fusang-main/real_data/afproject_genome/ecoli_shigella/NC_002655.fasta	/mnt/d/系统发育树项目/Fusang/Fusang-main/real_data/afproject_genome/ecoli_shigella/NC_008253.fasta	0.0350185	0	3152/10000
/mnt/d/系统发育树项目/Fusang/Fusang-main/real_data/afproject_genome/ecoli_shigella/NC_002695.fasta	/mnt/d/系统发育树项目/Fusang/Fusang-main/real_data/afproject_genome/ecoli_shigella/NC_008253.fasta	0.0349726	0	3156/10000
/mnt/d/系统发育树项目/Fusang/Fusang-main/real_data/afproject_genome/ecoli_shigella/NC_004337.fasta	/mnt/d/系统发育树项目/Fusang/Fusang-main/real_data/afproject_genome/ecoli_shigella/NC_008253.fasta	0.0339251	0	3249/10000
/mnt/d/系统发育树项目/Fusang/Fusang-main/real_data/afproject_genome/ecoli_shigella/NC_004431.fasta	/mnt/d/系统发育树项目/Fusang/Fusang-main/real_data/afproject_genome/ecoli_shigella/NC_008253.fasta	0.0106716	0	6656/10000
/mnt/d/系统发育树项目/Fusang/Fusang-main/real_data/afproject_genome/ecoli_shigella/NC_004741.fasta	/mnt/d/系统发育树项目/Fusang/Fusang-main/real_data/afproject_genome/ecoli_shigella/NC_008253.fasta	0.0339251	0	3249/10000
/mnt/d/系统发育树项目/Fusang/Fusang-main/real_data/afproject_genome/ecoli_shigella/NC_007384.fasta	/mnt/d/系统发育树项目/Fusang/Fusang-main/real_data/afproject_genome/ecoli_shigella/NC_008253.fasta	0.0331395	0	3321/10000
/mnt/d/系统发育树项目/Fusang/Fusang-main/real_data/afproject_genome/ecoli_shigella/NC_007606.fasta	/mnt/d/系统发育树项目/Fusang/Fusang-main/real_data/afproject_genome/ecoli_shigella/NC_008253.fasta	0.0349956	0	3154/10000
/mnt/d/系统发育树项目/Fusang/Fusang-main/real_data/afproject_genome/ecoli_shigella/NC_007613.fasta	/mnt/d/系统发育树项目/Fusang/Fusang-main/real_data/afproject_genome/ecoli_shigella/NC_008253.fasta	0.0344385	0	3203/10000
/mnt/d/系统发育树项目/Fusang/Fusang-main/real_data/afproject_genome/ecoli_shigella/NC_007779.fasta	/mnt/d/系统发育树项目/Fusang/Fusang-main/real_data/afproject_genome/ecoli_shigella/NC_008253.fasta	0.0312752	0	3500/10000
/mnt/d/系统发育树项目/Fusang/Fusang-main/real_data/afproject_genome/ecoli_shigella/NC_007946.fasta	/mnt/d/系统发育树项目/Fusang/Fusang-main/real_data/afproject_genome/ecoli_shigella/NC_008253.fasta	0.010255	0	6754/10000
/mnt/d/系统发育树项目/Fusang/Fusang-main/real_data/afproject_genome/ecoli_shigella/NC_008253.fasta	/mnt/d/系统发育树项目/Fusang/Fusang-main/real_data/afproject_genome/ecoli_shigella/NC_008253.fasta	0	0	10000/10000
/mnt/d/系统发育树项目/Fusang/Fusang-main/real_data/afproject_genome/ecoli_shigella/NC_008258.fasta	/mnt/d/系统发育树项目/Fusang/Fusang-main/real_data/afproject_genome/ecoli_shigella/NC_008253.fasta	0.0340471	0	3238/10000
/mnt/d/系统发育树项目/Fusang/Fusang-main/real_data/afproject_genome/ecoli_shigella/NC_008563.fasta	/mnt/d/系统发育树项目/Fusang/Fusang-main/real_data/afproject_genome/ecoli_shigella/NC_008253.fasta	0.0124748	0	6254/10000
/mnt/d/系统发育树项目/Fusang/Fusang-main/real_data/afproject_genome/ecoli_shigella/NC_009800.fasta	/mnt/d/系统发育树项目/Fusang/Fusang-main/real_data/afproject_genome/ecoli_shigella/NC_008253.fasta	0.0311746	0	3510/10000
/mnt/d/系统发育树项目/Fusang/Fusang-main/real_data/afproject_genome/ecoli_shigella/NC_009801.fasta	/mnt/d/系统发育树项目/Fusang/Fusang-main/real_data/afproject_genome/ecoli_shigella/NC_008253.fasta	0.032218	0	3408/10000
/mnt/d/系统发育树项目/Fusang/Fusang-main/real_data/afproject_genome/ecoli_shigella/NC_010468.fasta	/mnt/d/系统发育树项目/Fusang/Fusang-main/real_data/afproject_genome/ecoli_shigella/NC_008253.fasta	0.0313863	0	3489/10000
/mnt/d/系统发育树项目/Fusang/Fusang-main/real_data/afproject_genome/ecoli_shigella/NC_010498.fasta	/mnt/d/系统发育树项目/Fusang/Fusang-main/real_data/afproject_genome/ecoli_shigella/NC_008253.fasta	0.0267933	0	3983/10000
/mnt/d/系统发育树项目/Fusang/Fusang-main/real_data/afproject_genome/ecoli_shigella/NC_010658.fasta	/mnt/d/系统发育树项目/Fusang/Fusang-main/real_data/afproject_genome/ecoli_shigella/NC_008253.fasta	0.0350185	0	3152/10000
/mnt/d/系统发育树项目/Fusang/Fusang-main/real_data/afproject_genome/ecoli_shigella/NC_011415.fasta	/mnt/d/系统发育树项目/Fusang/Fusang-main/real_data/afproject_genome/ecoli_shigella/NC_008253.fasta	0.0323538	0	3395/10000
/mnt/d/系统发育树项目/Fusang/Fusang-main/real_data/afproject_genome/ecoli_shigella/NC_011601.fasta	/mnt/d/系统发育树项目/Fusang/Fusang-main/real_data/afproject_genome/ecoli_shigella/NC_008253.fasta	0.0176885	0	5264/10000
/mnt/d/系统发育树项目/Fusang/Fusang-main/real_data/afproject_genome/ecoli_shigella/NC_011741.fasta	/mnt/d/系统发育树项目/Fusang/Fusang-main/real_data/afproject_genome/ecoli_shigella/NC_008253.fasta	0.0314065	0	3487/10000
/mnt/d/系统发育树项目/Fusang/Fusang-main/real_data/afproject_genome/ecoli_shigella/NC_011742.fasta	/mnt/d/系统发育树项目/Fusang/Fusang-main/real_data/afproject_genome/ecoli_shigella/NC_008253.fasta	0.0130589	0	6131/10000
/mnt/d/系统发育树项目/Fusang/Fusang-main/real_data/afproject_genome/ecoli_shigella/NC_011745.fasta	/mnt/d/系统发育树项目/Fusang/Fusang-main/real_data/afproject_genome/ecoli_shigella/NC_008253.fasta	0.0144973	0	5842/10000
/mnt/d/系统发育树项目/Fusang/Fusang-main/real_data/afproject_genome/ecoli_shigella/NC_011748.fasta	/mnt/d/系统发育树项目/Fusang/Fusang-main/real_data/afproject_genome/ecoli_shigella/NC_008253.fasta	0.0318042	0	3448/10000
/mnt/d/系统发育树项目/Fusang/Fusang-main/real_data/afproject_genome/ecoli_shigella/NC_011750.fasta	/mnt/d/系统发育树项目/Fusang/Fusang-main/real_data/afproject_genome/ecoli_shigella/NC_008253.fasta	0.0264873	0	4019/10000
/mnt/d/系统发育树项目/Fusang/Fusang-main/real_data/afproject_genome/ecoli_shigella/NC_011751.fasta	/mnt/d/系统发育树项目/Fusang/Fusang-main/real_data/afproject_genome/ecoli_shigella/NC_008253.fasta	0.0306967	0	3558/10000
/mnt/d/系统发育树项目/Fusang/Fusang-main/real_data/afproject_genome/ecoli_shigella/NC_000913.fasta	/mnt/d/系统发育树项目/Fusang/Fusang-main/real_data/afproject_genome/ecoli_shigella/NC_008258.fasta	0.0194352	0	4980/10000
/mnt/d/系统发育树项目/Fusang/Fusang-main/real_data/afproject_genome/ecoli_shigella/NC_002655.fasta	/mnt/d/系统发育树项目/Fusang/Fusang-main/real_data/afproject_genome/ecoli_shigella/NC_008258.fasta	0.0252653	0	4167/10000
/mnt/d/系统发育树项目/Fusang/Fusang-main/real_data/afproject_genome/ecoli_shigella/NC_002695.fasta	/mnt/d/系统发育树项目/Fusang/Fusang-main/real_data/afproject_genome/ecoli_shigella/NC_008258.fasta	0.0252895	0	4164/10000
/mnt/d/系统发育树项目/Fusang/Fusang-main/real_data/afproject_genome/ecoli_shigella/NC_004337.fasta	/mnt/d/系统发育树项目/Fusang/Fusang-main/real_data/afproject_genome/ecoli_shigella/NC_008258.fasta	0.00298898	0	8853/10000
/mnt/d/系统发育树项目/Fusang/Fusang-main/real_data/afproject_genome/ecoli_shigella/NC_004431.fasta	/mnt/d/系统发育树项目/Fusang/Fusang-main/real_data/afproject_genome/ecoli_shigella/NC_008258.fasta	0.0345513	0	3193/10000
/mnt/d/系统发育树项目/Fusang/Fusang-main/real_data/afproject_genome/ecoli_shigella/NC_004741.fasta	/mnt/d/系统发育树项目/Fusang/Fusang-main/real_data/afproject_genome/ecoli_shigella/NC_008258.fasta	0.00300039	0	8849/10000
/mnt/d/系统发育树项目/Fusang/Fusang-main/real_data/afproject_genome/ecoli_shigella/NC_007384.fasta	/mnt/d/系统发育树项目/Fusang/Fusang-main/real_data/afproject_genome/ecoli_shigella/NC_008258.fasta	0.0175585	0	5286/10000
/mnt/d/系统发育树项目/Fusang/Fusang-main/real_data/afproject_genome/ecoli_shigella/NC_007606.fasta	/mnt/d/系统发育树项目/Fusang/Fusang-main/real_data/afproject_genome/ecoli_shigella/NC_008258.fasta	0.0250644	0	4192/10000
/mnt/d/系统发育树项目/Fusang/Fusang-main/real_data/afproject_genome/ecoli_shigella/NC_007613.fasta	/mnt/d/系统发育树项目/Fusang/Fusang-main/real_data/afproject_genome/ecoli_shigella/NC_008258.fasta	0.0177895	0	5247/10000
/mnt/d/系统发育树项目/Fusang/Fusang-main/real_data/afproject_genome/ecoli_shigella/NC_007779.fasta	/mnt/d/系统发育树项目/Fusang/Fusang-main/real_data/afproject_genome/ecoli_shigella/NC_008258.fasta	0.0193905	0	4987/10000
/mnt/d/系统发育树项目/Fusang/Fusang-main/real_data/afproject_genome/ecoli_shigella/NC_007946.fasta	/mnt/d/系统发育树项目/Fusang/Fusang-main/real_data/afproject_genome/ecoli_shigella/NC_008258.fasta	0.0344048	0	3206/10000
/mnt/d/系统发育树项目/Fusang/Fusang-main/real_data/afproject_genome/ecoli_shigella/NC_008253.fasta	/mnt/d/系统发育树项目/Fusang/Fusang-main/real_data/afproject_genome/ecoli_shigella/NC_008258.fasta	0.0340471	0	3238/10000
/mnt/d/系统发育树项目/Fusang/Fusang-main/real_data/afproject_genome/ecoli_shigella/NC_008258.fasta	/mnt/d/系统发育树项目/Fusang/Fusang-main/real_data/afproject_genome/ecoli_shigella/NC_008258.fasta	0	0	10000/10000
/mnt/d/系统发育树项目/Fusang/Fusang-main/real_data/afproject_genome/ecoli_shigella/NC_008563.fasta	/mnt/d/系统发育树项目/Fusang/Fusang-main/real_data/afproject_genome/ecoli_shigella/NC_008258.fasta	0.0342701	0	3218/10000
/mnt/d/系统发育树项目/Fusang/Fusang-main/real_data/afproject_genome/ecoli_shigella/NC_009800.fasta	/mnt/d/系统发育树项目/Fusang/Fusang-main/real_data/afproject_genome/ecoli_shigella/NC_008258.fasta	0.0195247	0	4966/10000
/mnt/d/系统发育树项目/Fusang/Fusang-main/real_data/afproject_genome/ecoli_shigella/NC_009801.fasta	/mnt/d/系统发育树项目/Fusang/Fusang-main/real_data/afproject_genome/ecoli_shigella/NC_008258.fasta	0.0194735	0	4974/10000
/mnt/d/系统发育树项目/Fusang/Fusang-main/real_data/afproject_genome/ecoli_shigella/NC_010468.fasta	/mnt/d/系统发育树项目/Fusang/Fusang-main/real_data/afproject_genome/ecoli_shigella/NC_008258.fasta	0.0199905	0	4894/10000
/mnt/d/系统发育树项目/Fusang/Fusang-main/real_data/afproject_genome/ecoli_shigella/NC_010498.fasta	/mnt/d/系统发育树项目/Fusang/Fusang-main/real_data/afproject_genome/ecoli_shigella/NC_008258.fasta	0.0307066	0	3557/10000
/mnt/d/系统发育树项目/Fusang/Fusang-main/real_data/afproject_genome/ecoli_shigella/NC_010658.fasta	/mnt/d/系统发育树项目/Fusang/Fusang-main/real_data/afproject_genome/ecoli_shigella/NC_008258.fasta	0.0187866	0	5083/10000
/mnt/d/系统发育树项目/Fusang/Fusang-main/real_data/afproject_genome/ecoli_shigella/NC_011415.fasta	/mnt/d/系统发育树项目/Fusang/Fusang-main/real_data/afproject_genome/ecoli_shigella/NC_008258.fasta	0.0186937	0	5098/10000
/mnt/d/系统发育树项目/Fusang/Fusang-main/real_data/afproject_genome/ecoli_shigella/NC_011601.fasta	/mnt/d/系统发育树项目/Fusang/Fusang-main/real_data/afproject_genome/ecoli_shigella/NC_008258.fasta	0.0337377	0	3266/10000
/mnt/d/系统发育树项目/Fusang/Fusang-main/real_data/afproject_genome/ecoli_shigella/NC_011741.fasta	/mnt/d/系统发育树项目/Fusang/Fusang-main/real_data/afproject_genome/ecoli_shigella/NC_008258.fasta	0.0177241	0	5258/10000
/mnt/d/系统发育树项目/Fusang/Fusang-main/real_data/afproject_genome/ecoli_shigella/NC_011742.fasta	/mnt/d/系统发育树项目/Fusang/Fusang-main/real_data/afproject_genome/ecoli_shigella/NC_008258.fasta	0.0338809	0	3253/10000
/mnt/d/系统发育树项目/Fusang/Fusang-main/real_data/afproject_genome/ecoli_shigella/NC_011745.fasta	/mnt/d/系统发育树项目/Fusang/Fusang-main/real_data/afproject_genome/ecoli_shigella/NC_008258.fasta	0.0351221	0	3143/10000
/mnt/d/系统发育树项目/Fusang/Fusang-main/real_data/afproject_genome/ecoli_shigella/NC_011748.fasta	/mnt/d/系统发育树项目/Fusang/Fusang-main/real_data/afproject_genome/ecoli_shigella/NC_008258.fasta	0.0194799	0	4973/10000
/mnt/d/系统发育树项目/Fusang/Fusang-main/real_data/afproject_genome/ecoli_shigella/NC_011750.fasta	/mnt/d/系统发育树项目/Fusang/Fusang-main/real_data/afproject_genome/ecoli_shigella/NC_008258.fasta	0.0303729	0	3591/10000
/mnt/d/系统发育树项目/Fusang/Fusang-main/real_data/afproject_genome/ecoli_shigella/NC_011751.fasta	/mnt/d/系统发育树项目/Fusang/Fusang-main/real_data/afproject_genome/ecoli_shigella/NC_008258.fasta	0.0292449	0	3709/10000
/mnt/d/系统发育树项目/Fusang/Fusang-main/real_data/afproject_genome/ecoli_shigella/NC_000913.fasta	/mnt/d/系统发育树项目/Fusang/Fusang-main/real_data/afproject_genome/ecoli_shigella/NC_008563.fasta	0.0313257	0	3495/10000
/mnt/d/系统发育树项目/Fusang/Fusang-main/real_data/afproject_genome/ecoli_shigella/NC_002655.fasta	/mnt/d/系统发育树项目/Fusang/Fusang-main/real_data/afproject_genome/ecoli_shigella/NC_008563.fasta	0.0346193	0	3187/10000
/mnt/d/系统发育树项目/Fusang/Fusang-main/real_data/afproject_genome/ecoli_shigella/NC_002695.fasta	/mnt/d/系统发育树项目/Fusang/Fusang-main/real_data/afproject_genome/ecoli_shigella/NC_008563.fasta	0.034676	0	3182/10000
/mnt/d/系统发育树项目/Fusang/Fusang-main/real_data/afproject_genome/ecoli_shigella/NC_004337.fasta	/mnt/d/系统发育树项目/Fusang/Fusang-main/real_data/afproject_genome/ecoli_shigella/NC_008563.fasta	0.034416	0	3205/10000
/mnt/d/系统发育树项目/Fusang/Fusang-main/real_data/afproject_genome/ecoli_shigella/NC_004431.fasta	/mnt/d/系统发育树项目/Fusang/Fusang-main/real_data/afproject_genome/ecoli_shigella/NC_008563.fasta	0.0117202	0	6418/10000
/mnt/d/系统发育树项目/Fusang/Fusang-main/real_data/afproject_genome/ecoli_shigella/NC_004741.fasta	/mnt/d/系统发育树项目/Fusang/Fusang-main/real_data/afproject_genome/ecoli_shigella/NC_008563.fasta	0.0344611	0	3201/10000
/mnt/d/系统发育树项目/Fusang/Fusang-main/real_data/afproject_genome/ecoli_shigella/NC_007384.fasta	/mnt/d/系统发育树项目/Fusang/Fusang-main/real_data/afproject_genome/ecoli_shigella/NC_008563.fasta	0.033628	0	3276/10000
/mnt/d/系统发育树项目/Fusang/Fusang-main/real_data/afproject_genome/ecoli_shigella/NC_007606.fasta	/mnt/d/系统发育树项目/Fusang/Fusang-main/real_data/afproject_genome/ecoli_shigella/NC_008563.fasta	0.0359167	0	3075/10000
/mnt/d/系统发育树项目/Fusang/Fusang-main/real_data/afproject_genome/ecoli_shigella/NC_007613.fasta	/mnt/d/系统发育树项目/Fusang/Fusang-main/real_data/afproject_genome/ecoli_shigella/NC_008563.fasta	0.0346533	0	3184/10000
/mnt/d/系统发育树项目/Fusang/Fusang-main/real_data/afproject_genome/ecoli_shigella/NC_007779.fasta	/mnt/d/系统发育树项目/Fusang/Fusang-main/real_data/afproject_genome/ecoli_shigella/NC_008563.fasta	0.0312954	0	3498/10000
/mnt/d/系统发育树项目/Fusang/Fusang-main/real_data/afproject_genome/ecoli_shigella/NC_007946.fasta	/mnt/d/系统发育树项目/Fusang/Fusang-main/real_data/afproject_genome/ecoli_shigella/NC_008563.fasta	0.00344282	0	8696/10000
/mnt/d/系统发育树项目/Fusang/Fusang-main/real_data/afproject_genome/ecoli_shigella/NC_008253.fasta	/mnt/d/系统发育树项目/Fusang/Fusang-main/real_data/afproject_genome/ecoli_shigella/NC_008563.fasta	0.0124748	0	6254/10000
/mnt/d/系统发育树项目/Fusang/Fusang-main/real_data/afproject_genome/ecoli_shigella/NC_008258.fasta	/mnt/d/系统发育树项目/Fusang/Fusang-main/real_data/afproject_genome/ecoli_shigella/NC_008563.fasta	0.0342701	0	3218/10000
/mnt/d/系统发育树项目/Fusang/Fusang-main/real_data/afproject_genome/ecoli_shigella/NC_008563.fasta	/mnt/d/系统发育树项目/Fusang/Fusang-main/real_data/afproject_genome/ecoli_shigella/NC_008563.fasta	0	0	10000/10000
/mnt/d/系统发育树项目/Fusang/Fusang-main/real_data/afproject_genome/ecoli_shigella/NC_009800.fasta	/mnt/d/系统发育树项目/Fusang/Fusang-main/real_data/afproject_genome/ecoli_shigella/NC_008563.fasta	0.031794	0	3449/10000
/mnt/d/系统发育树项目/Fusang/Fusang-main/real_data/afproject_genome/ecoli_shigella/NC_009801.fasta	/mnt/d/系统发育树项目/Fusang/Fusang-main/real_data/afproject_genome/ecoli_shigella/NC_008563.fasta	0.0327333	0	3359/10000
/mnt/d/系统发育树项目/Fusang/Fusang-main/real_data/afproject_genome/ecoli_shigella/NC_010468.fasta	/mnt/d/系统发育树项目/Fusang/Fusang-main/real_data/afproject_genome/ecoli_shigella/NC_008563.fasta	0.0321244	0	3417/10000
/mnt/d/系统发育树项目/Fusang/Fusang-main/real_data/afproject_genome/ecoli_shigella/NC_010498.fasta	/mnt/d/系统发育树项目/Fusang/Fusang-main/real_data/afproject_genome/ecoli_shigella/NC_008563.fasta	0.0271116	0	3946/10000
/mnt/d/系统发育树项目/Fusang/Fusang-main/real_data/afproject_genome/ecoli_shigella/NC_010658.fasta	/mnt/d/系统发育树项目/Fusang/Fusang-main/real_data/afproject_genome/ecoli_shigella/NC_008563.fasta	0.0345513	0	3193/10000
/mnt/d/系统发育树项目/Fusang/Fusang-main/real_data/afproject_genome/ecoli_shigella/NC_011415.fasta	/mnt/d/系统发育树项目/Fusang/Fusang-main/real_data/afproject_genome/ecoli_shigella/NC_008563.fasta	0.0324062	0	3390/10000
/mnt/d/系统发育树项目/Fusang/Fusang-main/real_data/afproject_genome/ecoli_shigella/NC_011601.fasta	/mnt/d/系统发育树项目/Fusang/Fusang-main/real_data/afproject_genome/ecoli_shigella/NC_008563.fasta	0.0177895	0	5247/10000
/mnt/d/系统发育树项目/Fusang/Fusang-main/real_data/afproject_genome/ecoli_shigella/NC_011741.fasta	/mnt/d/系统发育树项目/Fusang/Fusang-main/real_data/afproject_genome/ecoli_shigella/NC_008563.fasta	0.0323958	0	3391/10000
/mnt/d/系统发育树项目/Fusang/Fusang-main/real_data/afproject_genome/ecoli_shigella/NC_011742.fasta	/mnt/d/系统发育树项目/Fusang/Fusang-main/real_data/afproject_genome/ecoli_shigella/NC_008563.fasta	0.00289508	0	8886/10000
/mnt/d/系统发育树项目/Fusang/Fusang-main/real_data/afproject_genome/ecoli_shigella/NC_011745.fasta	/mnt/d/系统发育树项目/Fusang/Fusang-main/real_data/afproject_genome/ecoli_shigella/NC_008563.fasta	0.0134329	0	6054/10000
/mnt/d/系统发育树项目/Fusang/Fusang-main/real_data/afproject_genome/ecoli_shigella/NC_011748.fasta	/mnt/d/系统发育树项目/Fusang/Fusang-main/real_data/afproject_genome/ecoli_shigella/NC_008563.fasta	0.0318865	0	3440/10000
/mnt/d/系统发育树项目/Fusang/Fusang-main/real_data/afproject_genome/ecoli_shigella/NC_011750.fasta	/mnt/d/系统发育树项目/Fusang/Fusang-main/real_data/afproject_genome/ecoli_shigella/NC_008563.fasta	0.0260847	0	4067/10000
/mnt/d/系统发育树项目/Fusang/Fusang-main/real_data/afproject_genome/ecoli_shigella/NC_011751.fasta	/mnt/d/系统发育树项目/Fusang/Fusang-main/real_data/afproject_genome/ecoli_shigella/NC_008563.fasta	0.0310344	0	3524/10000
/mnt/d/系统发育树项目/Fusang/Fusang-main/real_data/afproject_genome/ecoli_shigella/NC_000913.fasta	/mnt/d/系统发育树项目/Fusang/Fusang-main/real_data/afproject_genome/ecoli_shigella/NC_009800.fasta	0.0113618	0	6498/10000
/mnt/d/系统发育树项目/Fusang/Fusang-main/real_data/afproject_genome/ecoli_shigella/NC_002655.fasta	/mnt/d/系统发育树项目/Fusang/Fusang-main/real_data/afproject_genome/ecoli_shigella/NC_009800.fasta	0.0228497	0	4481/10000
/mnt/d/系统发育树项目/Fusang/Fusang-main/real_data/afproject_genome/ecoli_shigella/NC_002695.fasta	/mnt/d/系统发育树项目/Fusang/Fusang-main/real_data/afproject_genome/ecoli_shigella/NC_009800.fasta	0.0229748	0	4464/10000
/mnt/d/系统发育树项目/Fusang/Fusang-main/real_data/afproject_genome/ecoli_shigella/NC_004337.fasta	/mnt/d/系统发育树项目/Fusang/Fusang-main/real_data/afproject_genome/ecoli_shigella/NC_009800.fasta	0.0196597	0	4945/10000
/mnt/d/系统发育树项目/Fusang/Fusang-main/real_data/afproject_genome/ecoli_shigella/NC_004431.fasta	/mnt/d/系统发育树项目/Fusang/Fusang-main/real_data/afproject_genome/ecoli_shigella/NC_009800.fasta	0.0323329	0	3397/10000
/mnt/d/系统发育树项目/Fusang/Fusang-main/real_data/afproject_genome/ecoli_shigella/NC_004741.fasta	/mnt/d/系统发育树项目/Fusang/Fusang-main/real_data/afproject_genome/ecoli_shigella/NC_009800.fasta	0.0196725	0	4943/10000
/mnt/d/系统发育树项目/Fusang/Fusang-main/real_data/afproject_genome/ecoli_shigella/NC_007384.fasta	/mnt/d/系统发育树项目/Fusang/Fusang-main/real_data/afproject_genome/ecoli_shigella/NC_009800.fasta	0.0162081	0	5522/10000
/mnt/d/系统发育树项目/Fusang/Fusang-main/real_data/afproject_genome/ecoli_shigella/NC_007606.fasta	/mnt/d/系统发育树项目/Fusang/Fusang-main/real_data/afproject_genome/ecoli_shigella/NC_009800.fasta	0.0247304	0	4234/10000
/mnt/d/系统发育树项目/Fusang/Fusang-main/real_data/afproject_genome/ecoli_shigella/NC_007613.fasta	/mnt/d/系统发育树项目/Fusang/Fusang-main/real_data/afproject_genome/ecoli_shigella/NC_009800.fasta	0.0178252	0	5241/10000
/mnt/d/系统发育树项目/Fusang/Fusang-main/real_data/afproject_genome/ecoli_shigella/NC_007779.fasta	/mnt/d/系统发育树项目/Fusang/Fusang-main/real_data/afproject_genome/ecoli_shigella/NC_009800.fasta	0.011313	0	6509/10000
/mnt/d/系统发育树项目/Fusang/Fusang-main/real_data/afproject_genome/ecoli_shigella/NC_007946.fasta	/mnt/d/系统发育树项目/Fusang/Fusang-main/real_data/afproject_genome/ecoli_shigella/NC_009800.fasta	0.0321452	0	3415/10000
/mnt/d/系统发育树项目/Fusang/Fusang-main/real_data/afproject_genome/ecoli_shigella/NC_008253.fasta	/mnt/d/系统发育树项目/Fusang/Fusang-main/real_data/afproject_genome/ecoli_shigella/NC_009800.fasta	0.0311746	0	3510/10000
/mnt/d/系统发育树项目/Fusang/Fusang-main/real_data/afproject_genome/ecoli_shigella/NC_008258.fasta	/mnt/d/系统发育树项目/Fusang/Fusang-main/real_data/afproject_genome/ecoli_shigella/NC_009800.fasta	0.0195247	0	4966/10000
/mnt/d/系统发育树项目/Fusang/Fusang-main/real_data/afproject_genome/ecoli_shigella/NC_008563.fasta	/mnt/d/系统发育树项目/Fusang/Fusang-main/real_data/afproject_genome/ecoli_shigella/NC_009800.fasta	0.031794	0	3449/10000
/mnt/d/系统发育树项目/Fusang/Fusang-main/real_data/afproject_genome/ecoli_shigella/NC_009800.fasta	/mnt/d/系统发育树项目/Fusang/Fusang-main/real_data/afproject_genome/ecoli_shigella/NC_009800.fasta	0	0	10000/10000
/mnt/d/系统发育树项目/Fusang/Fusang-main/real_data/afproject_genome/ecoli_shigella/NC_009801.fasta	/mnt/d/系统发育树项目/Fusang/Fusang-main/real_data/afproject_genome/ecoli_shigella/NC_009800.fasta	0.0142772	0	5885/10000
/mnt/d/系统发育树项目/Fusang/Fusang-main/real_data/afproject_genome/ecoli_shigella/NC_010468.fasta	/mnt/d/系统发育树项目/Fusang/Fusang-main/real_data/afproject_genome/ecoli_shigella/NC_009800.fasta	0.00864257	0	7153/10000
/mnt/d/系统发育树项目/Fusang/Fusang-main/real_data/afproject_genome/ecoli_shigella/NC_010498.fasta	/mnt/d/系统发育树项目/Fusang/Fusang-main/real_data/afproject_genome/ecoli_shigella/NC_009800.fasta	0.0275214	0	3899/10000
/mnt/d/系统发育树项目/Fusang/Fusang-main/real_data/afproject_genome/ecoli_shigella/NC_010658.fasta	/mnt/d/系统发育树项目/Fusang/Fusang-main/real_data/afproject_genome/ecoli_shigella/NC_009800.fasta	0.018368	0	5151/10000
/mnt/d/系统发育树项目/Fusang/Fusang-main/real_data/afproject_genome/ecoli_shigella/NC_011415.fasta	/mnt/d/系统发育树项目/Fusang/Fusang-main/real_data/afproject_genome/ecoli_shigella/NC_009800.fasta	0.0137886	0	5982/10000
/mnt/d/系统发育树项目/Fusang/Fusang-main/real_data/afproject_genome/ecoli_shigella/NC_011601.fasta	/mnt/d/系统发育树项目/Fusang/Fusang-main/real_data/afproject_genome/ecoli_shigella/NC_009800.fasta	0.0317222	0	3456/10000
/mnt/d/系统发育树项目/Fusang/Fusang-main/real_data/afproject_genome/ecoli_shigella/NC_011741.fasta	/mnt/d/系统发育树项目/Fusang/Fusang-main/real_data/afproject_genome/ecoli_shigella/NC_009800.fasta	0.0131313	0	6116/10000
/mnt/d/系统发育树项目/Fusang/Fusang-main/real_data/afproject_genome/ecoli_shigella/NC_011742.fasta	/mnt/d/系统发育树项目/Fusang/Fusang-main/real_data/afproject_genome/ecoli_shigella/NC_009800.fasta	0.030875	0	3540/10000
/mnt/d/系统发育树项目/Fusang/Fusang-main/real_data/afproject_genome/ecoli_shigella/NC_011745.fasta	/mnt/d/系统发育树项目/Fusang/Fusang-main/real_data/afproject_genome/ecoli_shigella/NC_009800.fasta	0.0327227	0	3360/10000
/mnt/d/系统发育树项目/Fusang/Fusang-main/real_data/afproject_genome/ecoli_shigella/NC_011748.fasta	/mnt/d/系统发育树项目/Fusang/Fusang-main/real_data/afproject_genome/ecoli_shigella/NC_009800.fasta	0.0151289	0	5721/10000
/mnt/d/系统发育树项目/Fusang/Fusang-main/real_data/afproject_genome/ecoli_shigella/NC_011750.fasta	/mnt/d/系统发育树项目/Fusang/Fusang-main/real_data/afproject_genome/ecoli_shigella/NC_009800.fasta	0.0274162	0	3911/10000
/mnt/d/系统发育树项目/Fusang/Fusang-main/real_data/afproject_genome/ecoli_shigella/NC_011751.fasta	/mnt/d/系统发育树项目/Fusang/Fusang-main/real_data/afproject_genome/ecoli_shigella/NC_009800.fasta	0.0265211	0	4015/10000
/mnt/d/系统发育树项目/Fusang/Fusang-main/real_data/afproject_genome/ecoli_shigella/NC_000913.fasta	/mnt/d/系统发育树项目/Fusang/Fusang-main/real_data/afproject_genome/ecoli_shigella/NC_009801.fasta	0.0150707	0	5732/10000
/mnt/d/系统发育树项目/Fusang/Fusang-main/real_data/afproject_genome/ecoli_shigella/NC_002655.fasta	/mnt/d/系统发育树项目/Fusang/Fusang-main/real_data/afproject_genome/ecoli_shigella/NC_009801.fasta	0.022616	0	4513/10000
/mnt/d/系统发育树项目/Fusang/Fusang-main/real_data/afproject_genome/ecoli_shigella/NC_002695.fasta	/mnt/d/系统发育树项目/Fusang/Fusang-main/real_data/afproject_genome/ecoli_shigella/NC_009801.fasta	0.0227399	0	4496/10000
/mnt/d/系统发育树项目/Fusang/Fusang-main/real_data/afproject_genome/ecoli_shigella/NC_004337.fasta	/mnt/d/系统发育树项目/Fusang/Fusang-main/real_data/afproject_genome/ecoli_shigella/NC_009801.fasta	0.0195632	0	4960/10000
/mnt/d/系统发育树项目/Fusang/Fusang-main/real_data/afproject_genome/ecoli_shigella/NC_004431.fasta	/mnt/d/系统发育树项目/Fusang/Fusang-main/real_data/afproject_genome/ecoli_shigella/NC_009801.fasta	0.0334751	0	3290/10000
/mnt/d/系统发育树项目/Fusang/Fusang-main/real_data/afproject_genome/ecoli_shigella/NC_004741.fasta	/mnt/d/系统发育树项目/Fusang/Fusang-main/real_data/afproject_genome/ecoli_shigella/NC_009801.fasta	0.0195825	0	4957/10000
/mnt/d/系统发育树项目/Fusang/Fusang-main/real_data/afproject_genome/ecoli_shigella/NC_007384.fasta	/mnt/d/系统发育树项目/Fusang/Fusang-main/real_data/afproject_genome/ecoli_shigella/NC_009801.fasta	0.0150813	0	5730/10000
/mnt/d/系统发育树项目/Fusang/Fusang-main/real_data/afproject_genome/ecoli_shigella/NC_007606.fasta	/mnt/d/系统发育树项目/Fusang/Fusang-main/real_data/afproject_genome/ecoli_shigella/NC_009801.fasta	0.0254109	0	4149/10000
/mnt/d/系统发育树项目/Fusang/Fusang-main/real_data/afproject_genome/ecoli_shigella/NC_007613.fasta	/mnt/d/系统发育树项目/Fusang/Fusang-main/real_data/afproject_genome/ecoli_shigella/NC_009801.fasta	0.0173473	0	5322/10000
/mnt/d/系统发育树项目/Fusang/Fusang-main/real_data/afproject_genome/ecoli_shigella/NC_007779.fasta	/mnt/d/系统发育树项目/Fusang/Fusang-main/real_data/afproject_genome/ecoli_shigella/NC_009801.fasta	0.0150391	0	5738/10000
/mnt/d/系统发育树项目/Fusang/Fusang-main/real_data/afproject_genome/ecoli_shigella/NC_007946.fasta	/mnt/d/系统发育树项目/Fusang/Fusang-main/real_data/afproject_genome/ecoli_shigella/NC_009801.fasta	0.0331933	0	3316/10000
/mnt/d/系统发育树项目/Fusang/Fusang-main/real_data/afproject_genome/ecoli_shigella/NC_008253.fasta	/mnt/d/系统发育树项目/Fusang/Fusang-main/real_data/afproject_genome/ecoli_shigella/NC_009801.fasta	0.032218	0	3408/10000
/mnt/d/系统发育树项目/Fusang/Fusang-main/real_data/afproject_genome/ecoli_shigella/NC_008258.fasta	/mnt/d/系统发育树项目/Fusang/Fusang-main/real_data/afproject_genome/ecoli_shigella/NC_009801.fasta	0.0194735	0	4974/10000
/mnt/d/系统发育树项目/Fusang/Fusang-main/real_data/afproject_genome/ecoli_shigella/NC_008563.fasta	/mnt/d/系统发育树项目/Fusang/Fusang-main/real_data/afproject_genome/ecoli_shigella/NC_009801.fasta	0.0327333	0	3359/10000
/mnt/d/系统发育树项目/Fusang/Fusang-main/real_data/afproject_genome/ecoli_shigella/NC_009800.fasta	/mnt/d/系统发育树项目/Fusang/Fusang-main/real_data/afproject_genome/ecoli_shigella/NC_009801.fasta	0.0142772	0	5885/10000
/mnt/d/系统发育树项目/Fusang/Fusang-main/real_data/afproject_genome/ecoli_shigella/NC_009801.fasta	/mnt/d/系统发育树项目/Fusang/Fusang-main/real_data/afproject_genome/ecoli_shigella/NC_009801.fasta	0	0	10000/10000
/mnt/d/系统发育树项目/Fusang/Fusang-main/real_data/afproject_genome/ecoli_shigella/NC_010468.fasta	/mnt/d/系统发育树项目/Fusang/Fusang-main/real_data/afproject_genome/ecoli_shigella/NC_009801.fasta	0.0151183	0	5723/10000
/mnt/d/系统发育树项目/Fusang/Fusang-main/real_data/afproject_genome/ecoli_shigella/NC_010498.fasta	/mnt/d/系统发育树项目/Fusang/Fusang-main/real_data/afproject_genome/ecoli_shigella/NC_009801.fasta	0.0276359	0	3886/10000
/mnt/d/系统发育树项目/Fusang/Fusang-main/real_data/afproject_genome/ecoli_shigella/NC_010658.fasta	/mnt/d/系统发育树项目/Fusang/Fusang-main/real_data/afproject_genome/ecoli_shigella/NC_009801.fasta	0.0176352	0	5273/10000
/mnt/d/系统发育树项目/Fusang/Fusang-main/real_data/afproject_genome/ecoli_shigella/NC_011415.fasta	/mnt/d/系统发育树项目/Fusang/Fusang-main/real_data/afproject_genome/ecoli_shigella/NC_009801.fasta	0.0094547	0	6948/10000
/mnt/d/系统发育树项目/Fusang/Fusang-main/real_data/afproject_genome/ecoli_shigella/NC_011601.fasta	/mnt/d/系统发育树项目/Fusang/Fusang-main/real_data/afproject_genome/ecoli_shigella/NC_009801.fasta	0.0324482	0	3386/10000
/mnt/d/系统发育树项目/Fusang/Fusang-main/real_data/afproject_genome/ecoli_shigella/NC_011741.fasta	/mnt/d/系统发育树项目/Fusang/Fusang-main/real_data/afproject_genome/ecoli_shigella/NC_009801.fasta	0.0089319	0	7079/10000
/mnt/d/系统发育树项目/Fusang/Fusang-main/real_data/afproject_genome/ecoli_shigella/NC_011742.fasta	/mnt/d/系统发育树项目/Fusang/Fusang-main/real_data/afproject_genome/ecoli_shigella/NC_009801.fasta	0.0317017	0	3458/10000
/mnt/d/系统发育树项目/Fusang/Fusang-main/real_data/afproject_genome/ecoli_shigella/NC_011745.fasta	/mnt/d/系统发育树项目/Fusang/Fusang-main/real_data/afproject_genome/ecoli_shigella/NC_009801.fasta	0.0328183	0	3351/10000
/mnt/d/系统发育树项目/Fusang/Fusang-main/real_data/afproject_genome/ecoli_shigella/NC_011748.fasta	/mnt/d/系统发育树项目/Fusang/Fusang-main/real_data/afproject_genome/ecoli_shigella/NC_009801.fasta	0.0107793	0	6631/10000
/mnt/d/系统发育树项目/Fusang/Fusang-main/real_data/afproject_genome/ecoli_shigella/NC_011750.fasta	/mnt/d/系统发育树项目/Fusang/Fusang-main/real_data/afproject_genome/ecoli_shigella/NC_009801.fasta	0.0281887	0	3824/10000
/mnt/d/系统发育树项目/Fusang/Fusang-main/real_data/afproject_genome/ecoli_shigella/NC_011751.fasta	/mnt/d/系统发育树项目/Fusang/Fusang-main/real_data/afproject_genome/ecoli_shigella/NC_009801.fasta	0.0265889	0	4007/10000
/mnt/d/系统发育树项目/Fusang/Fusang-main/real_data/afproject_genome/ecoli_shigella/NC_000913.fasta	/mnt/d/系统发育树项目/Fusang/Fusang-main/real_data/afproject_genome/ecoli_shigella/NC_010468.fasta	0.00985499	0	6850/10000
/mnt/d/系统发育树项目/Fusang/Fusang-main/real_data/afproject_genome/ecoli_shigella/NC_002655.fasta	/mnt/d/系统发育树项目/Fusang/Fusang-main/real_data/afproject_genome/ecoli_shigella/NC_010468.fasta	0.0221478	0	4578/10000
/mnt/d/系统发育树项目/Fusang/Fusang-main/real_data/afproject_genome/ecoli_shigella/NC_002695.fasta	/mnt/d/系统发育树项目/Fusang/Fusang-main/real_data/afproject_genome/ecoli_shigella/NC_010468.fasta	0.0222981	0	4557/10000
/mnt/d/系统发育树项目/Fusang/Fusang-main/real_data/afproject_genome/ecoli_shigella/NC_004337.fasta	/mnt/d/系统发育树项目/Fusang/Fusang-main/real_data/afproject_genome/ecoli_shigella/NC_010468.fasta	0.0200232	0	4889/10000
/mnt/d/系统发育树项目/Fusang/Fusang-main/real_data/afproject_genome/ecoli_shigella/NC_004431.fasta	/mnt/d/系统发育树项目/Fusang/Fusang-main/real_data/afproject_genome/ecoli_shigella/NC_010468.fasta	0.0323538	0	3395/10000
/mnt/d/系统发育树项目/Fusang/Fusang-main/real_data/afproject_genome/ecoli_shigella/NC_004741.fasta	/mnt/d/系统发育树项目/Fusang/Fusang-main/real_data/afproject_genome/ecoli_shigella/NC_010468.fasta	0.020056	0	4884/10000
/mnt/d/系统发育树项目/Fusang/Fusang-main/real_data/afproject_genome/ecoli_shigella/NC_007384.fasta	/mnt/d/系统发育树项目/Fusang/Fusang-main/real_data/afproject_genome/ecoli_shigella/NC_010468.fasta	0.0167479	0	5426/10000
/mnt/d/系统发育树项目/Fusang/Fusang-main/real_data/afproject_genome/ecoli_shigella/NC_007606.fasta	/mnt/d/系统发育树项目/Fusang/Fusang-main/real_data/afproject_genome/ecoli_shigella/NC_010468.fasta	0.0245572	0	4256/10000
/mnt/d/系统发育树项目/Fusang/Fusang-main/real_data/afproject_genome/ecoli_shigella/NC_007613.fasta	/mnt/d/系统发育树项目/Fusang/Fusang-main/real_data/afproject_genome/ecoli_shigella/NC_010468.fasta	0.0178014	0	5245/10000
/mnt/d/系统发育树项目/Fusang/Fusang-main/real_data/afproject_genome/ecoli_shigella/NC_007779.fasta	/mnt/d/系统发育树项目/Fusang/Fusang-main/real_data/afproject_genome/ecoli_shigella/NC_010468.fasta	0.00980554	0	6862/10000
/mnt/d/系统发育树项目/Fusang/Fusang-main/real_data/afproject_genome/ecoli_shigella/NC_007946.fasta	/mnt/d/系统发育树项目/Fusang/Fusang-main/real_data/afproject_genome/ecoli_shigella/NC_010468.fasta	0.0324482	0	3386/10000
/mnt/d/系统发育树项目/Fusang/Fusang-main/real_data/afproject_genome/ecoli_shigella/NC_008253.fasta	/mnt/d/系统发育树项目/Fusang/Fusang-main/real_data/afproject_genome/ecoli_shigella/NC_010468.fasta	0.0313863	0	3489/10000
/mnt/d/系统发育树项目/Fusang/Fusang-main/real_data/afproject_genome/ecoli_shigella/NC_008258.fasta	/mnt/d/系统发育树项目/Fusang/Fusang-main/real_data/afproject_genome/ecoli_shigella/NC_010468.fasta	0.0199905	0	4894/10000
/mnt/d/系统发育树项目/Fusang/Fusang-main/real_data/afproject_genome/ecoli_shigella/NC_008563.fasta	/mnt/d/系统发育树项目/Fusang/Fusang-main/real_data/afproject_genome/ecoli_shigella/NC_010468.fasta	0.0321244	0	3417/10000
/mnt/d/系统发育树项目/Fusang/Fusang-main/real_data/afproject_genome/ecoli_shigella/NC_009800.fasta	/mnt/d/系统发育树项目/Fusang/Fusang-main/real_data/afproject_genome/ecoli_shigella/NC_010468.fasta	0.00864257	0	7153/10000
/mnt/d/系统发育树项目/Fusang/Fusang-main/real_data/afproject_genome/ecoli_shigella/NC_009801.fasta	/mnt/d/系统发育树项目/Fusang/Fusang-main/real_data/afproject_genome/ecoli_shigella/NC_010468.fasta	0.0151183	0	5723/10000
/mnt/d/系统发育树项目/Fusang/Fusang-main/real_data/afproject_genome/ecoli_shigella/NC_010468.fasta	/mnt/d/系统发育树项目/Fusang/Fusang-main/real_data/afproject_genome/ecoli_shigella/NC_010468.fasta	0	0	10000/10000
/mnt/d/系统发育树项目/Fusang/Fusang-main/real_data/afproject_genome/ecoli_shigella/NC_010498.fasta	/mnt/d/系统发育树项目/Fusang/Fusang-main/real_data/afproject_genome/ecoli_shigella/NC_010468.fasta	0.0267591	0	3987/10000
/mnt/d/系统发育树项目/Fusang/Fusang-main/real_data/afproject_genome/ecoli_shigella/NC_010658.fasta	/mnt/d/系统发育树项目/Fusang/Fusang-main/real_data/afproject_genome/ecoli_shigella/NC_010468.fasta	0.0185702	0	5118/10000
/mnt/d/系统发育树项目/Fusang/Fusang-main/real_data/afproject_genome/ecoli_shigella/NC_011415.fasta	/mnt/d/系统发育树项目/Fusang/Fusang-main/real_data/afproject_genome/ecoli_shigella/NC_010468.fasta	0.0149286	0	5759/10000
/mnt/d/系统发育树项目/Fusang/Fusang-main/real_data/afproject_genome/ecoli_shigella/NC_011601.fasta	/mnt/d/系统发育树项目/Fusang/Fusang-main/real_data/afproject_genome/ecoli_shigella/NC_010468.fasta	0.0314369	0	3484/10000
/mnt/d/系统发育树项目/Fusang/Fusang-main/real_data/afproject_genome/ecoli_shigella/NC_011741.fasta	/mnt/d/系统发育树项目/Fusang/Fusang-main/real_data/afproject_genome/ecoli_shigella/NC_010468.fasta	0.0139787	0	5944/10000
/mnt/d/系统发育树项目/Fusang/Fusang-main/real_data/afproject_genome/ecoli_shigella/NC_011742.fasta	/mnt/d/系统发育树项目/Fusang/Fusang-main/real_data/afproject_genome/ecoli_shigella/NC_010468.fasta	0.0307857	0	3549/10000
/mnt/d/系统发育树项目/Fusang/Fusang-main/real_data/afproject_genome/ecoli_shigella/NC_011745.fasta	/mnt/d/系统发育树项目/Fusang/Fusang-main/real_data/afproject_genome/ecoli_shigella/NC_010468.fasta	0.0325008	0	3381/10000
/mnt/d/系统发育树项目/Fusang/Fusang-main/real_data/afproject_genome/ecoli_shigella/NC_011748.fasta	/mnt/d/系统发育树项目/Fusang/Fusang-main/real_data/afproject_genome/ecoli_shigella/NC_010468.fasta	0.015535	0	5645/10000
/mnt/d/系统发育树项目/Fusang/Fusang-main/real_data/afproject_genome/ecoli_shigella/NC_011750.fasta	/mnt/d/系统发育树项目/Fusang/Fusang-main/real_data/afproject_genome/ecoli_shigella/NC_010468.fasta	0.0270943	0	3948/10000
/mnt/d/系统发育树项目/Fusang/Fusang-main/real_data/afproject_genome/ecoli_shigella/NC_011751.fasta	/mnt/d/系统发育树项目/Fusang/Fusang-main/real_data/afproject_genome/ecoli_shigella/NC_010468.fasta	0.0254759	0	4141/10000
/mnt/d/系统发育树项目/Fusang/Fusang-main/real_data/afproject_genome/ecoli_shigella/NC_000913.fasta	/mnt/d/系统发育树项目/Fusang/Fusang-main/real_data/afproject_genome/ecoli_shigella/NC_010498.fasta	0.0266229	0	4003/10000
/mnt/d/系统发育树项目/Fusang/Fusang-main/real_data/afproject_genome/ecoli_shigella/NC_002655.fasta	/mnt/d/系统发育树项目/Fusang/Fusang-main/real_data/afproject_genome/ecoli_shigella/NC_010498.fasta	0.0298222	0	3648/10000
/mnt/d/系统发育树项目/Fusang/Fusang-main/real_data/afproject_genome/ecoli_shigella/NC_002695.fasta	/mnt/d/系统发育树项目/Fusang/Fusang-main/real_data/afproject_genome/ecoli_shigella/NC_010498.fasta	0.0298127	0	3649/10000
/mnt/d/系统发育树项目/Fusang/Fusang-main/real_data/afproject_genome/ecoli_shigella/NC_004337.fasta	/mnt/d/系统发育树项目/Fusang/Fusang-main/real_data/afproject_genome/ecoli_shigella/NC_010498.fasta	0.0306179	0	3566/10000
/mnt/d/系统发育树项目/Fusang/Fusang-main/real_data/afproject_genome/ecoli_shigella/NC_004431.fasta	/mnt/d/系统发育树项目/Fusang/Fusang-main/real_data/afproject_genome/ecoli_shigella/NC_010498.fasta	0.0277331	0	3875/10000
/mnt/d/系统发育树项目/Fusang/Fusang-main/real_data/afproject_genome/ecoli_shigella/NC_004741.fasta	/mnt/d/系统发育树项目/Fusang/Fusang-main/real_data/afproject_genome/ecoli_shigella/NC_010498.fasta	0.0306277	0	3565/10000
/mnt/d/系统发育树项目/Fusang/Fusang-main/real_data/afproject_genome/ecoli_shigella/NC_007384.fasta	/mnt/d/系统发育树项目/Fusang/Fusang-main/real_data/afproject_genome/ecoli_shigella/NC_010498.fasta	0.0291048	0	3724/10000
/mnt/d/系统发育树项目/Fusang/Fusang-main/real_data/afproject_genome/ecoli_shigella/NC_007606.fasta	/mnt/d/系统发育树项目/Fusang/Fusang-main/real_data/afproject_genome/ecoli_shigella/NC_010498.fasta	0.0321244	0	3417/10000
/mnt/d/系统发育树项目/Fusang/Fusang-main/real_data/afproject_genome/ecoli_shigella/NC_007613.fasta	/mnt/d/系统发育树项目/Fusang/Fusang-main/real_data/afproject_genome/ecoli_shigella/NC_010498.fasta	0.0307758	0	3550/10000
/mnt/d/系统发育树项目/Fusang/Fusang-main/real_data/afproject_genome/ecoli_shigella/NC_007779.fasta	/mnt/d/系统发育树项目/Fusang/Fusang-main/real_data/afproject_genome/ecoli_shigella/NC_010498.fasta	0.0265635	0	4010/10000
/mnt/d/系统发育树项目/Fusang/Fusang-main/real_data/afproject_genome/ecoli_shigella/NC_007946.fasta	/mnt/d/系统发育树项目/Fusang/Fusang-main/real_data/afproject_genome/ecoli_shigella/NC_010498.fasta	0.0278218	0	3865/10000
/mnt/d/系统发育树项目/Fusang/Fusang-main/real_data/afproject_genome/ecoli_shigella/NC_008253.fasta	/mnt/d/系统发育树项目/Fusang/Fusang-main/real_data/afproject_genome/ecoli_shigella/NC_010498.fasta	0.0267933	0	3983/10000
/mnt/d/系统发育树项目/Fusang/Fusang-main/real_data/afproject_genome/ecoli_shigella/NC_008258.fasta	/mnt/d/系统发育树项目/Fusang/Fusang-main/real_data/afproject_genome/ecoli_shigella/NC_010498.fasta	0.0307066	0	3557/10000
/mnt/d/系统发育树项目/Fusang/Fusang-main/real_data/afproject_genome/ecoli_shigella/NC_008563.fasta	/mnt/d/系统发育树项目/Fusang/Fusang-main/real_data/afproject_genome/ecoli_shigella/NC_010498.fasta	0.0271116	0	3946/10000
/mnt/d/系统发育树项目/Fusang/Fusang-main/real_data/afproject_genome/ecoli_shigella/NC_009800.fasta	/mnt/d/系统发育树项目/Fusang/Fusang-main/real_data/afproject_genome/ecoli_shigella/NC_010498.fasta	0.0275214	0	3899/10000
/mnt/d/系统发育树项目/Fusang/Fusang-main/real_data/afproject_genome/ecoli_shigella/NC_009801.fasta	/mnt/d/系统发育树项目/Fusang/Fusang-main/real_data/afproject_genome/ecoli_shigella/NC_010498.fasta	0.0276359	0	3886/10000
/mnt/d/系统发育树项目/Fusang/Fusang-main/real_data/afproject_genome/ecoli_shigella/NC_010468.fasta	/mnt/d/系统发育树项目/Fusang/Fusang-main/real_data/afproject_genome/ecoli_shigella/NC_010498.fasta	0.0267591	0	3987/10000
/mnt/d/系统发育树项目/Fusang/Fusang-main/real_data/afproject_genome/ecoli_shigella/NC_010498.fasta	/mnt/d/系统发育树项目/Fusang/Fusang-main/real_data/afproject_genome/ecoli_shigella/NC_010498.fasta	0	0	10000/10000
/mnt/d/系统发育树项目/Fusang/Fusang-main/real_data/afproject_genome/ecoli_shigella/NC_010658.fasta	/mnt/d/系统发育树项目/Fusang/Fusang-main/real_data/afproject_genome/ecoli_shigella/NC_010498.fasta	0.0314674	0	3481/10000
/mnt/d/系统发育树项目/Fusang/Fusang-main/real_data/afproject_genome/ecoli_shigella/NC_011415.fasta	/mnt/d/系统发育树项目/Fusang/Fusang-main/real_data/afproject_genome/ecoli_shigella/NC_010498.fasta	0.0279287	0	3853/10000
/mnt/d/系统发育树项目/Fusang/Fusang-main/real_data/afproject_genome/ecoli_shigella/NC_011601.fasta	/mnt/d/系统发育树项目/Fusang/Fusang-main/real_data/afproject_genome/ecoli_shigella/NC_010498.fasta	0.0275478	0	3896/10000
/mnt/d/系统发育树项目/Fusang/Fusang-main/real_data/afproject_genome/ecoli_shigella/NC_011741.fasta	/mnt/d/系统发育树项目/Fusang/Fusang-main/real_data/afproject_genome/ecoli_shigella/NC_010498.fasta	0.0274337	0	3909/10000
/mnt/d/系统发育树项目/Fusang/Fusang-main/real_data/afproject_genome/ecoli_shigella/NC_011742.fasta	/mnt/d/系统发育树项目/Fusang/Fusang-main/real_data/afproject_genome/ecoli_shigella/NC_010498.fasta	0.0272678	0	3928/10000
/mnt/d/系统发育树项目/Fusang/Fusang-main/real_data/afproject_genome/ecoli_shigella/NC_011745.fasta	/mnt/d/系统发育树项目/Fusang/Fusang-main/real_data/afproject_genome/ecoli_shigella/NC_010498.fasta	0.0283422	0	3807/10000
/mnt/d/系统发育树项目/Fusang/Fusang-main/real_data/afproject_genome/ecoli_shigella/NC_011748.fasta	/mnt/d/系统发育树项目/Fusang/Fusang-main/real_data/afproject_genome/ecoli_shigella/NC_010498.fasta	0.028297	0	3812/10000
/mnt/d/系统发育树项目/Fusang/Fusang-main/real_data/afproject_genome/ecoli_shigella/NC_011750.fasta	/mnt/d/系统发育树项目/Fusang/Fusang-main/real_data/afproject_genome/ecoli_shigella/NC_010498.fasta	0.0168963	0	5400/10000
/mnt/d/系统发育树项目/Fusang/Fusang-main/real_data/afproject_genome/ecoli_shigella/NC_011751.fasta	/mnt/d/系统发育树项目/Fusang/Fusang-main/real_data/afproject_genome/ecoli_shigella/NC_010498.fasta	0.0240136	0	4326/10000
/mnt/d/系统发育树项目/Fusang/Fusang-main/real_data/afproject_genome/ecoli_shigella/NC_000913.fasta	/mnt/d/系统发育树项目/Fusang/Fusang-main/real_data/afproject_genome/ecoli_shigella/NC_010658.fasta	0.019049	0	5041/10000
/mnt/d/系统发育树项目/Fusang/Fusang-main/real_data/afproject_genome/ecoli_shigella/NC_002655.fasta	/mnt/d/系统发育树项目/Fusang/Fusang-main/real_data/afproject_genome/ecoli_shigella/NC_010658.fasta	0.0253623	0	4155/10000
/mnt/d/系统发育树项目/Fusang/Fusang-main/real_data/afproject_genome/ecoli_shigella/NC_002695.fasta	/mnt/d/系统发育树项目/Fusang/Fusang-main/real_data/afproject_genome/ecoli_shigella/NC_010658.fasta	0.0254596	0	4143/10000
/mnt/d/系统发育树项目/Fusang/Fusang-main/real_data/afproject_genome/ecoli_shigella/NC_004337.fasta	/mnt/d/系统发育树项目/Fusang/Fusang-main/real_data/afproject_genome/ecoli_shigella/NC_010658.fasta	0.0189925	0	5050/10000
/mnt/d/系统发育树项目/Fusang/Fusang-main/real_data/afproject_genome/ecoli_shigella/NC_004431.fasta	/mnt/d/系统发育树项目/Fusang/Fusang-main/real_data/afproject_genome/ecoli_shigella/NC_010658.fasta	0.0352955	0	3128/10000
/mnt/d/系统发育树项目/Fusang/Fusang-main/real_data/afproject_genome/ecoli_shigella/NC_004741.fasta	/mnt/d/系统发育树项目/Fusang/Fusang-main/real_data/afproject_genome/ecoli_shigella/NC_010658.fasta	0.0190741	0	5037/10000
/mnt/d/系统发育树项目/Fusang/Fusang-main/real_data/afproject_genome/ecoli_shigella/NC_007384.fasta	/mnt/d/系统发育树项目/Fusang/Fusang-main/real_data/afproject_genome/ecoli_shigella/NC_010658.fasta	0.0155727	0	5638/10000
/mnt/d/系统发育树项目/Fusang/Fusang-main/real_data/afproject_genome/ecoli_shigella/NC_007606.fasta	/mnt/d/系统发育树项目/Fusang/Fusang-main/real_data/afproject_genome/ecoli_shigella/NC_010658.fasta	0.0244554	0	4269/10000
/mnt/d/系统发育树项目/Fusang/Fusang-main/real_data/afproject_genome/ecoli_shigella/NC_007613.fasta	/mnt/d/系统发育树项目/Fusang/Fusang-main/real_data/afproject_genome/ecoli_shigella/NC_010658.fasta	0.00615579	0	7837/10000
/mnt/d/系统发育树项目/Fusang/Fusang-main/real_data/afproject_genome/ecoli_shigella/NC_007779.fasta	/mnt/d/系统发育树项目/Fusang/Fusang-main/real_data/afproject_genome/ecoli_shigella/NC_010658.fasta	0.0189925	0	5050/10000
/mnt/d/系统发育树项目/Fusang/Fusang-main/real_data/afproject_genome/ecoli_shigella/NC_007946.fasta	/mnt/d/系统发育树项目/Fusang/Fusang-main/real_data/afproject_genome/ecoli_shigella/NC_010658.fasta	0.034574	0	3191/10000
/mnt/d/系统发育树项目/Fusang/Fusang-main/real_data/afproject_genome/ecoli_shigella/NC_008253.fasta	/mnt/d/系统发育树项目/Fusang/Fusang-main/real_data/afproject_genome/ecoli_shigella/NC_010658.fasta	0.0350185	0	3152/10000
/mnt/d/系统发育树项目/Fusang/Fusang-main/real_data/afproject_genome/ecoli_shigella/NC_008258.fasta	/mnt/d/系统发育树项目/Fusang/Fusang-main/real_data/afproject_genome/ecoli_shigella/NC_010658.fasta	0.0187866	0	5083/10000
/mnt/d/系统发育树项目/Fusang/Fusang-main/real_data/afproject_genome/ecoli_shigella/NC_008563.fasta	/mnt/d/系统发育树项目/Fusang/Fusang-main/real_data/afproject_genome/ecoli_shigella/NC_010658.fasta	0.0345513	0	3193/10000
/mnt/d/系统发育树项目/Fusang/Fusang-main/real_data/afproject_genome/ecoli_shigella/NC_009800.fasta	/mnt/d/系统发育树项目/Fusang/Fusang-main/real_data/afproject_genome/ecoli_shigella/NC_010658.fasta	0.018368	0	5151/10000
/mnt/d/系统发育树项目/Fusang/Fusang-main/real_data/afproject_genome/ecoli_shigella/NC_009801.fasta	/mnt/d/系统发育树项目/Fusang/Fusang-main/real_data/afproject_genome/ecoli_shigella/NC_010658.fasta	0.0176352	0	5273/10000
/mnt/d/系统发育树项目/Fusang/Fusang-main/real_data/afproject_genome/ecoli_shigella/NC_010468.fasta	/mnt/d/系统发育树项目/Fusang/Fusang-main/real_data/afproject_genome/ecoli_shigella/NC_010658.fasta	0.0185702	0	5118/10000
/mnt/d/系统发育树项目/Fusang/Fusang-main/real_data/afproject_genome/ecoli_shigella/NC_010498.fasta	/mnt/d/系统发育树项目/Fusang/Fusang-main/real_data/afproject_genome/ecoli_shigella/NC_010658.fasta	0.0314674	0	3481/10000
/mnt/d/系统发育树项目/Fusang/Fusang-main/real_data/afproject_genome/ecoli_shigella/NC_010658.fasta	/mnt/d/系统发育树项目/Fusang/Fusang-main/real_data/afproject_genome/ecoli_shigella/NC_010658.fasta	0	0	10000/10000
/mnt/d/系统发育树项目/Fusang/Fusang-main/real_data/afproject_genome/ecoli_shigella/NC_011415.fasta	/mnt/d/系统发育树项目/Fusang/Fusang-main/real_data/afproject_genome/ecoli_shigella/NC_010658.fasta	0.0170745	0	5369/10000
/mnt/d/系统发育树项目/Fusang/Fusang-main/real_data/afproject_genome/ecoli_shigella/NC_011601.fasta	/mnt/d/系统发育树项目/Fusang/Fusang-main/real_data/afproject_genome/ecoli_shigella/NC_010658.fasta	0.033892	0	3252/10000
/mnt/d/系统发育树项目/Fusang/Fusang-main/real_data/afproject_genome/ecoli_shigella/NC_011741.fasta	/mnt/d/系统发育树项目/Fusang/Fusang-main/real_data/afproject_genome/ecoli_shigella/NC_010658.fasta	0.0158882	0	5580/10000
/mnt/d/系统发育树项目/Fusang/Fusang-main/real_data/afproject_genome/ecoli_shigella/NC_011742.fasta	/mnt/d/系统发育树项目/Fusang/Fusang-main/real_data/afproject_genome/ecoli_shigella/NC_010658.fasta	0.0336937	0	3270/10000
/mnt/d/系统发育树项目/Fusang/Fusang-main/real_data/afproject_genome/ecoli_shigella/NC_011745.fasta	/mnt/d/系统发育树项目/Fusang/Fusang-main/real_data/afproject_genome/ecoli_shigella/NC_010658.fasta	0.0345062	0	3197/10000
/mnt/d/系统发育树项目/Fusang/Fusang-main/real_data/afproject_genome/ecoli_shigella/NC_011748.fasta	/mnt/d/系统发育树项目/Fusang/Fusang-main/real_data/afproject_genome/ecoli_shigella/NC_010658.fasta	0.0174938	0	5297/10000
/mnt/d/系统发育树项目/Fusang/Fusang-main/real_data/afproject_genome/ecoli_shigella/NC_011750.fasta	/mnt/d/系统发育树项目/Fusang/Fusang-main/real_data/afproject_genome/ecoli_shigella/NC_010658.fasta	0.03162	0	3466/10000
/mnt/d/系统发育树项目/Fusang/Fusang-main/real_data/afproject_genome/ecoli_shigella/NC_011751.fasta	/mnt/d/系统发育树项目/Fusang/Fusang-main/real_data/afproject_genome/ecoli_shigella/NC_010658.fasta	0.0298701	0	3643/10000
/mnt/d/系统发育树项目/Fusang/Fusang-main/real_data/afproject_genome/ecoli_shigella/NC_000913.fasta	/mnt/d/系统发育树项目/Fusang/Fusang-main/real_data/afproject_genome/ecoli_shigella/NC_011415.fasta	0.0146108	0	5820/10000
/mnt/d/系统发育树项目/Fusang/Fusang-main/real_data/afproject_genome/ecoli_shigella/NC_002655.fasta	/mnt/d/系统发育树项目/Fusang/Fusang-main/real_data/afproject_genome/ecoli_shigella/NC_011415.fasta	0.0223053	0	4556/10000
/mnt/d/系统发育树项目/Fusang/Fusang-main/real_data/afproject_genome/ecoli_shigella/NC_002695.fasta	/mnt/d/系统发育树项目/Fusang/Fusang-main/real_data/afproject_genome/ecoli_shigella/NC_011415.fasta	0.0223844	0	4545/10000
/mnt/d/系统发育树项目/Fusang/Fusang-main/real_data/afproject_genome/ecoli_shigella/NC_004337.fasta	/mnt/d/系统发育树项目/Fusang/Fusang-main/real_data/afproject_genome/ecoli_shigella/NC_011415.fasta	0.018737	0	5091/10000
/mnt/d/系统发育树项目/Fusang/Fusang-main/real_data/afproject_genome/ecoli_shigella/NC_004431.fasta	/mnt/d/系统发育树项目/Fusang/Fusang-main/real_data/afproject_genome/ecoli_shigella/NC_011415.fasta	0.0334207	0	3295/10000
/mnt/d/系统发育树项目/Fusang/Fusang-main/real_data/afproject_genome/ecoli_shigella/NC_004741.fasta	/mnt/d/系统发育树项目/Fusang/Fusang-main/real_data/afproject_genome/ecoli_shigella/NC_011415.fasta	0.0187618	0	5087/10000
/mnt/d/系统发育树项目/Fusang/Fusang-main/real_data/afproject_genome/ecoli_shigella/NC_007384.fasta	/mnt/d/系统发育树项目/Fusang/Fusang-main/real_data/afproject_genome/ecoli_shigella/NC_011415.fasta	0.0151448	0	5718/10000
/mnt/d/系统发育树项目/Fusang/Fusang-main/real_data/afproject_genome/ecoli_shigella/NC_007606.fasta	/mnt/d/系统发育树项目/Fusang/Fusang-main/real_data/afproject_genome/ecoli_shigella/NC_011415.fasta	0.0260348	0	4073/10000
/mnt/d/系统发育树项目/Fusang/Fusang-main/real_data/afproject_genome/ecoli_shigella/NC_007613.fasta	/mnt/d/系统发育树项目/Fusang/Fusang-main/real_data/afproject_genome/ecoli_shigella/NC_011415.fasta	0.0167251	0	5430/10000
/mnt/d/系统发育树项目/Fusang/Fusang-main/real_data/afproject_genome/ecoli_shigella/NC_007779.fasta	/mnt/d/系统发育树项目/Fusang/Fusang-main/real_data/afproject_genome/ecoli_shigella/NC_011415.fasta	0.014554	0	5831/10000
/mnt/d/系统发育树项目/Fusang/Fusang-main/real_data/afproject_genome/ecoli_shigella/NC_007946.fasta	/mnt/d/系统发育树项目/Fusang/Fusang-main/real_data/afproject_genome/ecoli_shigella/NC_011415.fasta	0.0327864	0	3354/10000
/mnt/d/系统发育树项目/Fusang/Fusang-main/real_data/afproject_genome/ecoli_shigella/NC_008253.fasta	/mnt/d/系统发育树项目/Fusang/Fusang-main/real_data/afproject_genome/ecoli_shigella/NC_011415.fasta	0.0323538	0	3395/10000
/mnt/d/系统发育树项目/Fusang/Fusang-main/real_data/afproject_genome/ecoli_shigella/NC_008258.fasta	/mnt/d/系统发育树项目/Fusang/Fusang-main/real_data/afproject_genome/ecoli_shigella/NC_011415.fasta	0.0186937	0	5098/10000
/mnt/d/系统发育树项目/Fusang/Fusang-main/real_data/afproject_genome/ecoli_shigella/NC_008563.fasta	/mnt/d/系统发育树项目/Fusang/Fusang-main/real_data/afproject_genome/ecoli_shigella/NC_011415.fasta	0.0324062	0	3390/10000
/mnt/d/系统发育树项目/Fusang/Fusang-main/real_data/afproject_genome/ecoli_shigella/NC_009800.fasta	/mnt/d/系统发育树项目/Fusang/Fusang-main/real_data/afproject_genome/ecoli_shigella/NC_011415.fasta	0.0137886	0	5982/10000
/mnt/d/系统发育树项目/Fusang/Fusang-main/real_data/afproject_genome/ecoli_shigella/NC_009801.fasta	/mnt/d/系统发育树项目/Fusang/Fusang-main/real_data/afproject_genome/ecoli_shigella/NC_011415.fasta	0.0094547	0	6948/10000
/mnt/d/系统发育树项目/Fusang/Fusang-main/real_data/afproject_genome/ecoli_shigella/NC_010468.fasta	/mnt/d/系统发育树项目/Fusang/Fusang-main/real_data/afproject_genome/ecoli_shigella/NC_011415.fasta	0.0149286	0	5759/10000
/mnt/d/系统发育树项目/Fusang/Fusang-main/real_data/afproject_genome/ecoli_shigella/NC_010498.fasta	/mnt/d/系统发育树项目/Fusang/Fusang-main/real_data/afproject_genome/ecoli_shigella/NC_011415.fasta	0.0279287	0	3853/10000
/mnt/d/系统发育树项目/Fusang/Fusang-main/real_data/afproject_genome/ecoli_shigella/NC_010658.fasta	/mnt/d/系统发育树项目/Fusang/Fusang-main/real_data/afproject_genome/ecoli_shigella/NC_011415.fasta	0.0170745	0	5369/10000
/mnt/d/系统发育树项目/Fusang/Fusang-main/real_data/afproject_genome/ecoli_shigella/NC_011415.fasta	/mnt/d/系统发育树项目/Fusang/Fusang-main/real_data/afproject_genome/ecoli_shigella/NC_011415.fasta	0	0	10000/10000
/mnt/d/系统发育树项目/Fusang/Fusang-main/real_data/afproject_genome/ecoli_shigella/NC_011601.fasta	/mnt/d/系统发育树项目/Fusang/Fusang-main/real_data/afproject_genome/ecoli_shigella/NC_011415.fasta	0.0320621	0	3423/10000
/mnt/d/系统发育树项目/Fusang/Fusang-main/real_data/afproject_genome/ecoli_shigella/NC_011741.fasta	/mnt/d/系统发育树项目/Fusang/Fusang-main/real_data/afproject_genome/ecoli_shigella/NC_011415.fasta	0.0078218	0	7369/10000
/mnt/d/系统发育树项目/Fusang/Fusang-main/real_data/afproject_genome/ecoli_shigella/NC_011742.fasta	/mnt/d/系统发育树项目/Fusang/Fusang-main/real_data/afproject_genome/ecoli_shigella/NC_011415.fasta	0.0321556	0	3414/10000
/mnt/d/系统发育树项目/Fusang/Fusang-main/real_data/afproject_genome/ecoli_shigella/NC_011745.fasta	/mnt/d/系统发育树项目/Fusang/Fusang-main/real_data/afproject_genome/ecoli_shigella/NC_011415.fasta	0.0331825	0	3317/10000
/mnt/d/系统发育树项目/Fusang/Fusang-main/real_data/afproject_genome/ecoli_shigella/NC_011748.fasta	/mnt/d/系统发育树项目/Fusang/Fusang-main/real_data/afproject_genome/ecoli_shigella/NC_011415.fasta	0.0103859	0	6723/10000
/mnt/d/系统发育树项目/Fusang/Fusang-main/real_data/afproject_genome/ecoli_shigella/NC_011750.fasta	/mnt/d/系统发育树项目/Fusang/Fusang-main/real_data/afproject_genome/ecoli_shigella/NC_011415.fasta	0.0281977	0	3823/10000
/mnt/d/系统发育树项目/Fusang/Fusang-main/real_data/afproject_genome/ecoli_shigella/NC_011751.fasta	/mnt/d/系统发育树项目/Fusang/Fusang-main/real_data/afproject_genome/ecoli_shigella/NC_011415.fasta	0.0268361	0	3978/10000
/mnt/d/系统发育树项目/Fusang/Fusang-main/real_data/afproject_genome/ecoli_shigella/NC_000913.fasta	/mnt/d/系统发育树项目/Fusang/Fusang-main/real_data/afproject_genome/ecoli_shigella/NC_011601.fasta	0.0314369	0	3484/10000
/mnt/d/系统发育树项目/Fusang/Fusang-main/real_data/afproject_genome/ecoli_shigella/NC_002655.fasta	/mnt/d/系统发育树项目/Fusang/Fusang-main/real_data/afproject_genome/ecoli_shigella/NC_011601.fasta	0.0327546	0	3357/10000
/mnt/d/系统发育树项目/Fusang/Fusang-main/real_data/afproject_genome/ecoli_shigella/NC_002695.fasta	/mnt/d/系统发育树项目/Fusang/Fusang-main/real_data/afproject_genome/ecoli_shigella/NC_011601.fasta	0.0328823	0	3345/10000
/mnt/d/系统发育树项目/Fusang/Fusang-main/real_data/afproject_genome/ecoli_shigella/NC_004337.fasta	/mnt/d/系统发育树项目/Fusang/Fusang-main/real_data/afproject_genome/ecoli_shigella/NC_011601.fasta	0.0336389	0	3275/10000
/mnt/d/系统发育树项目/Fusang/Fusang-main/real_data/afproject_genome/ecoli_shigella/NC_004431.fasta	/mnt/d/系统发育树项目/Fusang/Fusang-main/real_data/afproject_genome/ecoli_shigella/NC_011601.fasta	0.0178491	0	5237/10000
/mnt/d/系统发育树项目/Fusang/Fusang-main/real_data/afproject_genome/ecoli_shigella/NC_004741.fasta	/mnt/d/系统发育树项目/Fusang/Fusang-main/real_data/afproject_genome/ecoli_shigella/NC_011601.fasta	0.0335514	0	3283/10000
/mnt/d/系统发育树项目/Fusang/Fusang-main/real_data/afproject_genome/ecoli_shigella/NC_007384.fasta	/mnt/d/系统发育树项目/Fusang/Fusang-main/real_data/afproject_genome/ecoli_shigella/NC_011601.fasta	0.032925	0	3341/10000
/mnt/d/系统发育树项目/Fusang/Fusang-main/real_data/afproject_genome/ecoli_shigella/NC_007606.fasta	/mnt/d/系统发育树项目/Fusang/Fusang-main/real_data/afproject_genome/ecoli_shigella/NC_011601.fasta	0.0348239	0	3169/10000
/mnt/d/系统发育树项目/Fusang/Fusang-main/real_data/afproject_genome/ecoli_shigella/NC_007613.fasta	/mnt/d/系统发育树项目/Fusang/Fusang-main/real_data/afproject_genome/ecoli_shigella/NC_011601.fasta	0.0339141	0	3250/10000
/mnt/d/系统发育树项目/Fusang/Fusang-main/real_data/afproject_genome/ecoli_shigella/NC_007779.fasta	/mnt/d/系统发育树项目/Fusang/Fusang-main/real_data/afproject_genome/ecoli_shigella/NC_011601.fasta	0.0313762	0	3490/10000
/mnt/d/系统发育树项目/Fusang/Fusang-main/real_data/afproject_genome/ecoli_shigella/NC_007946.fasta	/mnt/d/系统发育树项目/Fusang/Fusang-main/real_data/afproject_genome/ecoli_shigella/NC_011601.fasta	0.0175349	0	5290/10000
/mnt/d/系统发育树项目/Fusang/Fusang-main/real_data/afproject_genome/ecoli_shigella/NC_008253.fasta	/mnt/d/系统发育树项目/Fusang/Fusang-main/real_data/afproject_genome/ecoli_shigella/NC_011601.fasta	0.0176885	0	5264/10000
/mnt/d/系统发育树项目/Fusang/Fusang-main/real_data/afproject_genome/ecoli_shigella/NC_008258.fasta	/mnt/d/系统发育树项目/Fusang/Fusang-main/real_data/afproject_genome/ecoli_shigella/NC_011601.fasta	0.0337377	0	3266/10000
/mnt/d/系统发育树项目/Fusang/Fusang-main/real_data/afproject_genome/ecoli_shigella/NC_008563.fasta	/mnt/d/系统发育树项目/Fusang/Fusang-main/real_data/afproject_genome/ecoli_shigella/NC_011601.fasta	0.0177895	0	5247/10000
/mnt/d/系统发育树项目/Fusang/Fusang-main/real_data/afproject_genome/ecoli_shigella/NC_009800.fasta	/mnt/d/系统发育树项目/Fusang/Fusang-main/real_data/afproject_genome/ecoli_shigella/NC_011601.fasta	0.0317222	0	3456/10000
/mnt/d/系统发育树项目/Fusang/Fusang-main/real_data/afproject_genome/ecoli_shigella/NC_009801.fasta	/mnt/d/系统发育树项目/Fusang/Fusang-main/real_data/afproject_genome/ecoli_shigella/NC_011601.fasta	0.0324482	0	3386/10000
/mnt/d/系统发育树项目/Fusang/Fusang-main/real_data/afproject_genome/ecoli_shigella/NC_010468.fasta	/mnt/d/系统发育树项目/Fusang/Fusang-main/real_data/afproject_genome/ecoli_shigella/NC_011601.fasta	0.0314369	0	3484/10000
/mnt/d/系统发育树项目/Fusang/Fusang-main/real_data/afproject_genome/ecoli_shigella/NC_010498.fasta	/mnt/d/系统发育树项目/Fusang/Fusang-main/real_data/afproject_genome/ecoli_shigella/NC_011601.fasta	0.0275478	0	3896/10000
/mnt/d/系统发育树项目/Fusang/Fusang-main/real_data/afproject_genome/ecoli_shigella/NC_010658.fasta	/mnt/d/系统发育树项目/Fusang/Fusang-main/real_data/afproject_genome/ecoli_shigella/NC_011601.fasta	0.033892	0	3252/10000
/mnt/d/系统发育树项目/Fusang/Fusang-main/real_data/afproject_genome/ecoli_shigella/NC_011415.fasta	/mnt/d/系统发育树项目/Fusang/Fusang-main/real_data/afproject_genome/ecoli_shigella/NC_011601.fasta	0.0320621	0	3423/10000
/mnt/d/系统发育树项目/Fusang/Fusang-main/real_data/afproject_genome/ecoli_shigella/NC_011601.fasta	/mnt/d/系统发育树项目/Fusang/Fusang-main/real_data/afproject_genome/ecoli_shigella/NC_011601.fasta	0	0	10000/10000
/mnt/d/系统发育树项目/Fusang/Fusang-main/real_data/afproject_genome/ecoli_shigella/NC_011741.fasta	/mnt/d/系统发育树项目/Fusang/Fusang-main/real_data/afproject_genome/ecoli_shigella/NC_011601.fasta	0.0312752	0	3500/10000
/mnt/d/系统发育树项目/Fusang/Fusang-main/real_data/afproject_genome/ecoli_shigella/NC_011742.fasta	/mnt/d/系统发育树项目/Fusang/Fusang-main/real_data/afproject_genome/ecoli_shigella/NC_011601.fasta	0.0178073	0	5244/10000
/mnt/d/系统发育树项目/Fusang/Fusang-main/real_data/afproject_genome/ecoli_shigella/NC_011745.fasta	/mnt/d/系统发育树项目/Fusang/Fusang-main/real_data/afproject_genome/ecoli_shigella/NC_011601.fasta	0.0185518	0	5121/10000
/mnt/d/系统发育树项目/Fusang/Fusang-main/real_data/afproject_genome/ecoli_shigella/NC_011748.fasta	/mnt/d/系统发育树项目/Fusang/Fusang-main/real_data/afproject_genome/ecoli_shigella/NC_011601.fasta	0.0316813	0	3460/10000
/mnt/d/系统发育树项目/Fusang/Fusang-main/real_data/afproject_genome/ecoli_shigella/NC_011750.fasta	/mnt/d/系统发育树项目/Fusang/Fusang-main/real_data/afproject_genome/ecoli_shigella/NC_011601.fasta	0.0285058	0	3789/10000
/mnt/d/系统发育树项目/Fusang/Fusang-main/real_data/afproject_genome/ecoli_shigella/NC_011751.fasta	/mnt/d/系统发育树项目/Fusang/Fusang-main/real_data/afproject_genome/ecoli_shigella/NC_011601.fasta	0.0310444	0	3523/10000
/mnt/d/系统发育树项目/Fusang/Fusang-main/real_data/afproject_genome/ecoli_shigella/NC_000913.fasta	/mnt/d/系统发育树项目/Fusang/Fusang-main/real_data/afproject_genome/ecoli_shigella/NC_011741.fasta	0.0143129	0	5878/10000
/mnt/d/系统发育树项目/Fusang/Fusang-main/real_data/afproject_genome/ecoli_shigella/NC_002655.fasta	/mnt/d/系统发育树项目/Fusang/Fusang-main/real_data/afproject_genome/ecoli_shigella/NC_011741.fasta	0.0218147	0	4625/10000
/mnt/d/系统发育树项目/Fusang/Fusang-main/real_data/afproject_genome/ecoli_shigella/NC_002695.fasta	/mnt/d/系统发育树项目/Fusang/Fusang-main/real_data/afproject_genome/ecoli_shigella/NC_011741.fasta	0.0218781	0	4616/10000
/mnt/d/系统发育树项目/Fusang/Fusang-main/real_data/afproject_genome/ecoli_shigella/NC_004337.fasta	/mnt/d/系统发育树项目/Fusang/Fusang-main/real_data/afproject_genome/ecoli_shigella/NC_011741.fasta	0.0179088	0	5227/10000
/mnt/d/系统发育树项目/Fusang/Fusang-main/real_data/afproject_genome/ecoli_shigella/NC_004431.fasta	/mnt/d/系统发育树项目/Fusang/Fusang-main/real_data/afproject_genome/ecoli_shigella/NC_011741.fasta	0.0327652	0	3356/10000
/mnt/d/系统发育树项目/Fusang/Fusang-main/real_data/afproject_genome/ecoli_shigella/NC_004741.fasta	/mnt/d/系统发育树项目/Fusang/Fusang-main/real_data/afproject_genome/ecoli_shigella/NC_011741.fasta	0.0179088	0	5227/10000
/mnt/d/系统发育树项目/Fusang/Fusang-main/real_data/afproject_genome/ecoli_shigella/NC_007384.fasta	/mnt/d/系统发育树项目/Fusang/Fusang-main/real_data/afproject_genome/ecoli_shigella/NC_011741.fasta	0.0139235	0	5955/10000
/mnt/d/系统发育树项目/Fusang/Fusang-main/real_data/afproject_genome/ecoli_shigella/NC_007606.fasta	/mnt/d/系统发育树项目/Fusang/Fusang-main/real_data/afproject_genome/ecoli_shigella/NC_011741.fasta	0.0249526	0	4206/10000
/mnt/d/系统发育树项目/Fusang/Fusang-main/real_data/afproject_genome/ecoli_shigella/NC_007613.fasta	/mnt/d/系统发育树项目/Fusang/Fusang-main/real_data/afproject_genome/ecoli_shigella/NC_011741.fasta	0.0156322	0	5627/10000
/mnt/d/系统发育树项目/Fusang/Fusang-main/real_data/afproject_genome/ecoli_shigella/NC_007779.fasta	/mnt/d/系统发育树项目/Fusang/Fusang-main/real_data/afproject_genome/ecoli_shigella/NC_011741.fasta	0.0142721	0	5886/10000
/mnt/d/系统发育树项目/Fusang/Fusang-main/real_data/afproject_genome/ecoli_shigella/NC_007946.fasta	/mnt/d/系统发育树项目/Fusang/Fusang-main/real_data/afproject_genome/ecoli_shigella/NC_011741.fasta	0.032638	0	3368/10000
/mnt/d/系统发育树项目/Fusang/Fusang-main/real_data/afproject_genome/ecoli_shigella/NC_008253.fasta	/mnt/d/系统发育树项目/Fusang/Fusang-main/real_data/afproject_genome/ecoli_shigella/NC_011741.fasta	0.0314065	0	3487/10000
/mnt/d/系统发育树项目/Fusang/Fusang-main/real_data/afproject_genome/ecoli_shigella/NC_008258.fasta	/mnt/d/系统发育树项目/Fusang/Fusang-main/real_data/afproject_genome/ecoli_shigella/NC_011741.fasta	0.0177241	0	5258/10000
/mnt/d/系统发育树项目/Fusang/Fusang-main/real_data/afproject_genome/ecoli_shigella/NC_008563.fasta	/mnt/d/系统发育树项目/Fusang/Fusang-main/real_data/afproject_genome/ecoli_shigella/NC_011741.fasta	0.0323958	0	3391/10000
/mnt/d/系统发育树项目/Fusang/Fusang-main/real_data/afproject_genome/ecoli_shigella/NC_009800.fasta	/mnt/d/系统发育树项目/Fusang/Fusang-main/real_data/afproject_genome/ecoli_shigella/NC_011741.fasta	0.0131313	0	6116/10000
/mnt/d/系统发育树项目/Fusang/Fusang-main/real_data/afproject_genome/ecoli_shigella/NC_009801.fasta	/mnt/d/系统发育树项目/Fusang/Fusang-main/real_data/afproject_genome/ecoli_shigella/NC_011741.fasta	0.0089319	0	7079/10000
/mnt/d/系统发育树项目/Fusang/Fusang-main/real_data/afproject_genome/ecoli_shigella/NC_010468.fasta	/mnt/d/系统发育树项目/Fusang/Fusang-main/real_data/afproject_genome/ecoli_shigella/NC_011741.fasta	0.0139787	0	5944/10000
/mnt/d/系统发育树项目/Fusang/Fusang-main/real_data/afproject_genome/ecoli_shigella/NC_010498.fasta	/mnt/d/系统发育树项目/Fusang/Fusang-main/real_data/afproject_genome/ecoli_shigella/NC_011741.fasta	0.0274337	0	3909/10000
/mnt/d/系统发育树项目/Fusang/Fusang-main/real_data/afproject_genome/ecoli_shigella/NC_010658.fasta	/mnt/d/系统发育树项目/Fusang/Fusang-main/real_data/afproject_genome/ecoli_shigella/NC_011741.fasta	0.0158882	0	5580/10000
/mnt/d/系统发育树项目/Fusang/Fusang-main/real_data/afproject_genome/ecoli_shigella/NC_011415.fasta	/mnt/d/系统发育树项目/Fusang/Fusang-main/real_data/afproject_genome/ecoli_shigella/NC_011741.fasta	0.0078218	0	7369/10000
/mnt/d/系统发育树项目/Fusang/Fusang-main/real_data/afproject_genome/ecoli_shigella/NC_011601.fasta	/mnt/d/系统发育树项目/Fusang/Fusang-main/real_data/afproject_genome/ecoli_shigella/NC_011741.fasta	0.0312752	0	3500/10000
/mnt/d/系统发育树项目/Fusang/Fusang-main/real_data/afproject_genome/ecoli_shigella/NC_011741.fasta	/mnt/d/系统发育树项目/Fusang/Fusang-main/real_data/afproject_genome/ecoli_shigella/NC_011741.fasta	0	0	10000/10000
/mnt/d/系统发育树项目/Fusang/Fusang-main/real_data/afproject_genome/ecoli_shigella/NC_011742.fasta	/mnt/d/系统发育树项目/Fusang/Fusang-main/real_data/afproject_genome/ecoli_shigella/NC_011741.fasta	0.031671	0	3461/10000
/mnt/d/系统发育树项目/Fusang/Fusang-main/real_data/afproject_genome/ecoli_shigella/NC_011745.fasta	/mnt/d/系统发育树项目/Fusang/Fusang-main/real_data/afproject_genome/ecoli_shigella/NC_011741.fasta	0.0326063	0	3371/10000
/mnt/d/系统发育树项目/Fusang/Fusang-main/real_data/afproject_genome/ecoli_shigella/NC_011748.fasta	/mnt/d/系统发育树项目/Fusang/Fusang-main/real_data/afproject_genome/ecoli_shigella/NC_011741.fasta	0.0095886	0	6915/10000
/mnt/d/系统发育树项目/Fusang/Fusang-main/real_data/afproject_genome/ecoli_shigella/NC_011750.fasta	/mnt/d/系统发育树项目/Fusang/Fusang-main/real_data/afproject_genome/ecoli_shigella/NC_011741.fasta	0.0275654	0	3894/10000
/mnt/d/系统发育树项目/Fusang/Fusang-main/real_data/afproject_genome/ecoli_shigella/NC_011751.fasta	/mnt/d/系统发育树项目/Fusang/Fusang-main/real_data/afproject_genome/ecoli_shigella/NC_011741.fasta	0.0256554	0	4119/10000
/mnt/d/系统发育树项目/Fusang/Fusang-main/real_data/afproject_genome/ecoli_shigella/NC_000913.fasta	/mnt/d/系统发育树项目/Fusang/Fusang-main/real_data/afproject_genome/ecoli_shigella/NC_011742.fasta	0.0305785	0	3570/10000
/mnt/d/系统发育树项目/Fusang/Fusang-main/real_data/afproject_genome/ecoli_shigella/NC_002655.fasta	/mnt/d/系统发育树项目/Fusang/Fusang-main/real_data/afproject_genome/ecoli_shigella/NC_011742.fasta	0.0340471	0	3238/10000
/mnt/d/系统发育树项目/Fusang/Fusang-main/real_data/afproject_genome/ecoli_shigella/NC_002695.fasta	/mnt/d/系统发育树项目/Fusang/Fusang-main/real_data/afproject_genome/ecoli_shigella/NC_011742.fasta	0.0341138	0	3232/10000
/mnt/d/系统发育树项目/Fusang/Fusang-main/real_data/afproject_genome/ecoli_shigella/NC_004337.fasta	/mnt/d/系统发育树项目/Fusang/Fusang-main/real_data/afproject_genome/ecoli_shigella/NC_011742.fasta	0.0341027	0	3233/10000
/mnt/d/系统发育树项目/Fusang/Fusang-main/real_data/afproject_genome/ecoli_shigella/NC_004431.fasta	/mnt/d/系统发育树项目/Fusang/Fusang-main/real_data/afproject_genome/ecoli_shigella/NC_011742.fasta	0.0120115	0	6354/10000
/mnt/d/系统发育树项目/Fusang/Fusang-main/real_data/afproject_genome/ecoli_shigella/NC_004741.fasta	/mnt/d/系统发育树项目/Fusang/Fusang-main/real_data/afproject_genome/ecoli_shigella/NC_011742.fasta	0.0340915	0	3234/10000
/mnt/d/系统发育树项目/Fusang/Fusang-main/real_data/afproject_genome/ecoli_shigella/NC_007384.fasta	/mnt/d/系统发育树项目/Fusang/Fusang-main/real_data/afproject_genome/ecoli_shigella/NC_011742.fasta	0.0327758	0	3355/10000
/mnt/d/系统发育树项目/Fusang/Fusang-main/real_data/afproject_genome/ecoli_shigella/NC_007606.fasta	/mnt/d/系统发育树项目/Fusang/Fusang-main/real_data/afproject_genome/ecoli_shigella/NC_011742.fasta	0.0347442	0	3176/10000
/mnt/d/系统发育树项目/Fusang/Fusang-main/real_data/afproject_genome/ecoli_shigella/NC_007613.fasta	/mnt/d/系统发育树项目/Fusang/Fusang-main/real_data/afproject_genome/ecoli_shigella/NC_011742.fasta	0.033903	0	3251/10000
/mnt/d/系统发育树项目/Fusang/Fusang-main/real_data/afproject_genome/ecoli_shigella/NC_007779.fasta	/mnt/d/系统发育树项目/Fusang/Fusang-main/real_data/afproject_genome/ecoli_shigella/NC_011742.fasta	0.0305294	0	3575/10000
/mnt/d/系统发育树项目/Fusang/Fusang-main/real_data/afproject_genome/ecoli_shigella/NC_007946.fasta	/mnt/d/系统发育树项目/Fusang/Fusang-main/real_data/afproject_genome/ecoli_shigella/NC_011742.fasta	0.00449292	0	8348/10000
/mnt/d/系统发育树项目/Fusang/Fusang-main/real_data/afproject_genome/ecoli_shigella/NC_008253.fasta	/mnt/d/系统发育树项目/Fusang/Fusang-main/real_data/afproject_genome/ecoli_shigella/NC_011742.fasta	0.0130589	0	6131/10000
/mnt/d/系统发育树项目/Fusang/Fusang-main/real_data/afproject_genome/ecoli_shigella/NC_008258.fasta	/mnt/d/系统发育树项目/Fusang/Fusang-main/real_data/afproject_genome/ecoli_shigella/NC_011742.fasta	0.0338809	0	3253/10000
/mnt/d/系统发育树项目/Fusang/Fusang-main/real_data/afproject_genome/ecoli_shigella/NC_008563.fasta	/mnt/d/系统发育树项目/Fusang/Fusang-main/real_data/afproject_genome/ecoli_shigella/NC_011742.fasta	0.00289508	0	8886/10000
/mnt/d/系统发育树项目/Fusang/Fusang-main/real_data/afproject_genome/ecoli_shigella/NC_009800.fasta	/mnt/d/系统发育树项目/Fusang/Fusang-main/real_data/afproject_genome/ecoli_shigella/NC_011742.fasta	0.030875	0	3540/10000
/mnt/d/系统发育树项目/Fusang/Fusang-main/real_data/afproject_genome/ecoli_shigella/NC_009801.fasta	/mnt/d/系统发育树项目/Fusang/Fusang-main/real_data/afproject_genome/ecoli_shigella/NC_011742.fasta	0.0317017	0	3458/10000
/mnt/d/系统发育树项目/Fusang/Fusang-main/real_data/afproject_genome/ecoli_shigella/NC_010468.fasta	/mnt/d/系统发育树项目/Fusang/Fusang-main/real_data/afproject_genome/ecoli_shigella/NC_011742.fasta	0.0307857	0	3549/10000
/mnt/d/系统发育树项目/Fusang/Fusang-main/real_data/afproject_genome/ecoli_shigella/NC_010498.fasta	/mnt/d/系统发育树项目/Fusang/Fusang-main/real_data/afproject_genome/ecoli_shigella/NC_011742.fasta	0.0272678	0	3928/10000
/mnt/d/系统发育树项目/Fusang/Fusang-main/real_data/afproject_genome/ecoli_shigella/NC_010658.fasta	/mnt/d/系统发育树项目/Fusang/Fusang-main/real_data/afproject_genome/ecoli_shigella/NC_011742.fasta	0.0336937	0	3270/10000
/mnt/d/系统发育树项目/Fusang/Fusang-main/real_data/afproject_genome/ecoli_shigella/NC_011415.fasta	/mnt/d/系统发育树项目/Fusang/Fusang-main/real_data/afproject_genome/ecoli_shigella/NC_011742.fasta	0.0321556	0	3414/10000
/mnt/d/系统发育树项目/Fusang/Fusang-main/real_data/afproject_genome/ecoli_shigella/NC_011601.fasta	/mnt/d/系统发育树项目/Fusang/Fusang-main/real_data/afproject_genome/ecoli_shigella/NC_011742.fasta	0.0178073	0	5244/10000
/mnt/d/系统发育树项目/Fusang/Fusang-main/real_data/afproject_genome/ecoli_shigella/NC_011741.fasta	/mnt/d/系统发育树项目/Fusang/Fusang-main/real_data/afproject_genome/ecoli_shigella/NC_011742.fasta	0.031671	0	3461/10000
/mnt/d/系统发育树项目/Fusang/Fusang-main/real_data/afproject_genome/ecoli_shigella/NC_011742.fasta	/mnt/d/系统发育树项目/Fusang/Fusang-main/real_data/afproject_genome/ecoli_shigella/NC_011742.fasta	0	0	10000/10000
/mnt/d/系统发育树项目/Fusang/Fusang-main/real_data/afproject_genome/ecoli_shigella/NC_011745.fasta	/mnt/d/系统发育树项目/Fusang/Fusang-main/real_data/afproject_genome/ecoli_shigella/NC_011742.fasta	0.0132524	0	6091/10000
/mnt/d/系统发育树项目/Fusang/Fusang-main/real_data/afproject_genome/ecoli_shigella/NC_011748.fasta	/mnt/d/系统发育树项目/Fusang/Fusang-main/real_data/afproject_genome/ecoli_shigella/NC_011742.fasta	0.0308353	0	3544/10000
/mnt/d/系统发育树项目/Fusang/Fusang-main/real_data/afproject_genome/ecoli_shigella/NC_011750.fasta	/mnt/d/系统发育树项目/Fusang/Fusang-main/real_data/afproject_genome/ecoli_shigella/NC_011742.fasta	0.0264113	0	4028/10000
/mnt/d/系统发育树项目/Fusang/Fusang-main/real_data/afproject_genome/ecoli_shigella/NC_011751.fasta	/mnt/d/系统发育树项目/Fusang/Fusang-main/real_data/afproject_genome/ecoli_shigella/NC_011742.fasta	0.0298414	0	3646/10000
/mnt/d/系统发育树项目/Fusang/Fusang-main/real_data/afproject_genome/ecoli_shigella/NC_000913.fasta	/mnt/d/系统发育树项目/Fusang/Fusang-main/real_data/afproject_genome/ecoli_shigella/NC_011745.fasta	0.0318968	0	3439/10000
/mnt/d/系统发育树项目/Fusang/Fusang-main/real_data/afproject_genome/ecoli_shigella/NC_002655.fasta	/mnt/d/系统发育树项目/Fusang/Fusang-main/real_data/afproject_genome/ecoli_shigella/NC_011745.fasta	0.0346306	0	3186/10000
/mnt/d/系统发育树项目/Fusang/Fusang-main/real_data/afproject_genome/ecoli_shigella/NC_002695.fasta	/mnt/d/系统发育树项目/Fusang/Fusang-main/real_data/afproject_genome/ecoli_shigella/NC_011745.fasta	0.0347214	0	3178/10000
/mnt/d/系统发育树项目/Fusang/Fusang-main/real_data/afproject_genome/ecoli_shigella/NC_004337.fasta	/mnt/d/系统发育树项目/Fusang/Fusang-main/real_data/afproject_genome/ecoli_shigella/NC_011745.fasta	0.0342813	0	3217/10000
/mnt/d/系统发育树项目/Fusang/Fusang-main/real_data/afproject_genome/ecoli_shigella/NC_004431.fasta	/mnt/d/系统发育树项目/Fusang/Fusang-main/real_data/afproject_genome/ecoli_shigella/NC_011745.fasta	0.0135706	0	6026/10000
/mnt/d/系统发育树项目/Fusang/Fusang-main/real_data/afproject_genome/ecoli_shigella/NC_004741.fasta	/mnt/d/系统发育树项目/Fusang/Fusang-main/real_data/afproject_genome/ecoli_shigella/NC_011745.fasta	0.034371	0	3209/10000
/mnt/d/系统发育树项目/Fusang/Fusang-main/real_data/afproject_genome/ecoli_shigella/NC_007384.fasta	/mnt/d/系统发育树项目/Fusang/Fusang-main/real_data/afproject_genome/ecoli_shigella/NC_011745.fasta	0.0331502	0	3320/10000
/mnt/d/系统发育树项目/Fusang/Fusang-main/real_data/afproject_genome/ecoli_shigella/NC_007606.fasta	/mnt/d/系统发育树项目/Fusang/Fusang-main/real_data/afproject_genome/ecoli_shigella/NC_011745.fasta	0.0357513	0	3089/10000
/mnt/d/系统发育树项目/Fusang/Fusang-main/real_data/afproject_genome/ecoli_shigella/NC_007613.fasta	/mnt/d/系统发育树项目/Fusang/Fusang-main/real_data/afproject_genome/ecoli_shigella/NC_011745.fasta	0.034676	0	3182/10000
/mnt/d/系统发育树项目/Fusang/Fusang-main/real_data/afproject_genome/ecoli_shigella/NC_007779.fasta	/mnt/d/系统发育树项目/Fusang/Fusang-main/real_data/afproject_genome/ecoli_shigella/NC_011745.fasta	0.0318762	0	3441/10000
/mnt/d/系统发育树项目/Fusang/Fusang-main/real_data/afproject_genome/ecoli_shigella/NC_007946.fasta	/mnt/d/系统发育树项目/Fusang/Fusang-main/real_data/afproject_genome/ecoli_shigella/NC_011745.fasta	0.0141098	0	5918/10000
/mnt/d/系统发育树项目/Fusang/Fusang-main/real_data/afproject_genome/ecoli_shigella/NC_008253.fasta	/mnt/d/系统发育树项目/Fusang/Fusang-main/real_data/afproject_genome/ecoli_shigella/NC_011745.fasta	0.0144973	0	5842/10000
/mnt/d/系统发育树项目/Fusang/Fusang-main/real_data/afproject_genome/ecoli_shigella/NC_008258.fasta	/mnt/d/系统发育树项目/Fusang/Fusang-main/real_data/afproject_genome/ecoli_shigella/NC_011745.fasta	0.0351221	0	3143/10000
/mnt/d/系统发育树项目/Fusang/Fusang-main/real_data/afproject_genome/ecoli_shigella/NC_008563.fasta	/mnt/d/系统发育树项目/Fusang/Fusang-main/real_data/afproject_genome/ecoli_shigella/NC_011745.fasta	0.0134329	0	6054/10000
/mnt/d/系统发育树项目/Fusang/Fusang-main/real_data/afproject_genome/ecoli_shigella/NC_009800.fasta	/mnt/d/系统发育树项目/Fusang/Fusang-main/real_data/afproject_genome/ecoli_shigella/NC_011745.fasta	0.0327227	0	3360/10000
/mnt/d/系统发育树项目/Fusang/Fusang-main/real_data/afproject_genome/ecoli_shigella/NC_009801.fasta	/mnt/d/系统发育树项目/Fusang/Fusang-main/real_data/afproject_genome/ecoli_shigella/NC_011745.fasta	0.0328183	0	3351/10000
/mnt/d/系统发育树项目/Fusang/Fusang-main/real_data/afproject_genome/ecoli_shigella/NC_010468.fasta	/mnt/d/系统发育树项目/Fusang/Fusang-main/real_data/afproject_genome/ecoli_shigella/NC_011745.fasta	0.0325008	0	3381/10000
/mnt/d/系统发育树项目/Fusang/Fusang-main/real_data/afproject_genome/ecoli_shigella/NC_010498.fasta	/mnt/d/系统发育树项目/Fusang/Fusang-main/real_data/afproject_genome/ecoli_shigella/NC_011745.fasta	0.0283422	0	3807/10000
/mnt/d/系统发育树项目/Fusang/Fusang-main/real_data/afproject_genome/ecoli_shigella/NC_010658.fasta	/mnt/d/系统发育树项目/Fusang/Fusang-main/real_data/afproject_genome/ecoli_shigella/NC_011745.fasta	0.0345062	0	3197/10000
/mnt/d/系统发育树项目/Fusang/Fusang-main/real_data/afproject_genome/ecoli_shigella/NC_011415.fasta	/mnt/d/系统发育树项目/Fusang/Fusang-main/real_data/afproject_genome/ecoli_shigella/NC_011745.fasta	0.0331825	0	3317/10000
/mnt/d/系统发育树项目/Fusang/Fusang-main/real_data/afproject_genome/ecoli_shigella/NC_011601.fasta	/mnt/d/系统发育树项目/Fusang/Fusang-main/real_data/afproject_genome/ecoli_shigella/NC_011745.fasta	0.0185518	0	5121/10000
/mnt/d/系统发育树项目/Fusang/Fusang-main/real_data/afproject_genome/ecoli_shigella/NC_011741.fasta	/mnt/d/系统发育树项目/Fusang/Fusang-main/real_data/afproject_genome/ecoli_shigella/NC_011745.fasta	0.0326063	0	3371/10000
/mnt/d/系统发育树项目/Fusang/Fusang-main/real_data/afproject_genome/ecoli_shigella/NC_011742.fasta	/mnt/d/系统发育树项目/Fusang/Fusang-main/real_data/afproject_genome/ecoli_shigella/NC_011745.fasta	0.0132524	0	6091/10000
/mnt/d/系统发育树项目/Fusang/Fusang-main/real_data/afproject_genome/ecoli_shigella/NC_011745.fasta	/mnt/d/系统发育树项目/Fusang/Fusang-main/real_data/afproject_genome/ecoli_shigella/NC_011745.fasta	0	0	10000/10000
/mnt/d/系统发育树项目/Fusang/Fusang-main/real_data/afproject_genome/ecoli_shigella/NC_011748.fasta	/mnt/d/系统发育树项目/Fusang/Fusang-main/real_data/afproject_genome/ecoli_shigella/NC_011745.fasta	0.0314167	0	3486/10000
/mnt/d/系统发育树项目/Fusang/Fusang-main/real_data/afproject_genome/ecoli_shigella/NC_011750.fasta	/mnt/d/系统发育树项目/Fusang/Fusang-main/real_data/afproject_genome/ecoli_shigella/NC_011745.fasta	0.0280808	0	3836/10000
/mnt/d/系统发育树项目/Fusang/Fusang-main/real_data/afproject_genome/ecoli_shigella/NC_011751.fasta	/mnt/d/系统发育树项目/Fusang/Fusang-main/real_data/afproject_genome/ecoli_shigella/NC_011745.fasta	0.0311847	0	3509/10000
/mnt/d/系统发育树项目/Fusang/Fusang-main/real_data/afproject_genome/ecoli_shigella/NC_000913.fasta	/mnt/d/系统发育树项目/Fusang/Fusang-main/real_data/afproject_genome/ecoli_shigella/NC_011748.fasta	0.0158007	0	5596/10000
/mnt/d/系统发育树项目/Fusang/Fusang-main/real_data/afproject_genome/ecoli_shigella/NC_002655.fasta	/mnt/d/系统发育树项目/Fusang/Fusang-main/real_data/afproject_genome/ecoli_shigella/NC_011748.fasta	0.022471	0	4533/10000
/mnt/d/系统发育树项目/Fusang/Fusang-main/real_data/afproject_genome/ecoli_shigella/NC_002695.fasta	/mnt/d/系统发育树项目/Fusang/Fusang-main/real_data/afproject_genome/ecoli_shigella/NC_011748.fasta	0.0225289	0	4525/10000
/mnt/d/系统发育树项目/Fusang/Fusang-main/real_data/afproject_genome/ecoli_shigella/NC_004337.fasta	/mnt/d/系统发育树项目/Fusang/Fusang-main/real_data/afproject_genome/ecoli_shigella/NC_011748.fasta	0.0193523	0	4993/10000
/mnt/d/系统发育树项目/Fusang/Fusang-main/real_data/afproject_genome/ecoli_shigella/NC_004431.fasta	/mnt/d/系统发育树项目/Fusang/Fusang-main/real_data/afproject_genome/ecoli_shigella/NC_011748.fasta	0.0318762	0	3441/10000
/mnt/d/系统发育树项目/Fusang/Fusang-main/real_data/afproject_genome/ecoli_shigella/NC_004741.fasta	/mnt/d/系统发育树项目/Fusang/Fusang-main/real_data/afproject_genome/ecoli_shigella/NC_011748.fasta	0.0193778	0	4989/10000
/mnt/d/系统发育树项目/Fusang/Fusang-main/real_data/afproject_genome/ecoli_shigella/NC_007384.fasta	/mnt/d/系统发育树项目/Fusang/Fusang-main/real_data/afproject_genome/ecoli_shigella/NC_011748.fasta	0.0154166	0	5667/10000
/mnt/d/系统发育树项目/Fusang/Fusang-main/real_data/afproject_genome/ecoli_shigella/NC_007606.fasta	/mnt/d/系统发育树项目/Fusang/Fusang-main/real_data/afproject_genome/ecoli_shigella/NC_011748.fasta	0.026462	0	4022/10000
/mnt/d/系统发育树项目/Fusang/Fusang-main/real_data/afproject_genome/ecoli_shigella/NC_007613.fasta	/mnt/d/系统发育树项目/Fusang/Fusang-main/real_data/afproject_genome/ecoli_shigella/NC_011748.fasta	0.017736	0	5256/10000
/mnt/d/系统发育树项目/Fusang/Fusang-main/real_data/afproject_genome/ecoli_shigella/NC_007779.fasta	/mnt/d/系统发育树项目/Fusang/Fusang-main/real_data/afproject_genome/ecoli_shigella/NC_011748.fasta	0.0157626	0	5603/10000
/mnt/d/系统发育树项目/Fusang/Fusang-main/real_data/afproject_genome/ecoli_shigella/NC_007946.fasta	/mnt/d/系统发育树项目/Fusang/Fusang-main/real_data/afproject_genome/ecoli_shigella/NC_011748.fasta	0.0318453	0	3444/10000
/mnt/d/系统发育树项目/Fusang/Fusang-main/real_data/afproject_genome/ecoli_shigella/NC_008253.fasta	/mnt/d/系统发育树项目/Fusang/Fusang-main/real_data/afproject_genome/ecoli_shigella/NC_011748.fasta	0.0318042	0	3448/10000
/mnt/d/系统发育树项目/Fusang/Fusang-main/real_data/afproject_genome/ecoli_shigella/NC_008258.fasta	/mnt/d/系统发育树项目/Fusang/Fusang-main/real_data/afproject_genome/ecoli_shigella/NC_011748.fasta	0.0194799	0	4973/10000
/mnt/d/系统发育树项目/Fusang/Fusang-main/real_data/afproject_genome/ecoli_shigella/NC_008563.fasta	/mnt/d/系统发育树项目/Fusang/Fusang-main/real_data/afproject_genome/ecoli_shigella/NC_011748.fasta	0.0318865	0	3440/10000
/mnt/d/系统发育树项目/Fusang/Fusang-main/real_data/afproject_genome/ecoli_shigella/NC_009800.fasta	/mnt/d/系统发育树项目/Fusang/Fusang-main/real_data/afproject_genome/ecoli_shigella/NC_011748.fasta	0.0151289	0	5721/10000
/mnt/d/系统发育树项目/Fusang/Fusang-main/real_data/afproject_genome/ecoli_shigella/NC_009801.fasta	/mnt/d/系统发育树项目/Fusang/Fusang-main/real_data/afproject_genome/ecoli_shigella/NC_011748.fasta	0.0107793	0	6631/10000
/mnt/d/系统发育树项目/Fusang/Fusang-main/real_data/afproject_genome/ecoli_shigella/NC_010468.fasta	/mnt/d/系统发育树项目/Fusang/Fusang-main/real_data/afproject_genome/ecoli_shigella/NC_011748.fasta	0.015535	0	5645/10000
/mnt/d/系统发育树项目/Fusang/Fusang-main/real_data/afproject_genome/ecoli_shigella/NC_010498.fasta	/mnt/d/系统发育树项目/Fusang/Fusang-main/real_data/afproject_genome/ecoli_shigella/NC_011748.fasta	0.028297	0	3812/10000
/mnt/d/系统发育树项目/Fusang/Fusang-main/real_data/afproject_genome/ecoli_shigella/NC_010658.fasta	/mnt/d/系统发育树项目/Fusang/Fusang-main/real_data/afproject_genome/ecoli_shigella/NC_011748.fasta	0.0174938	0	5297/10000
/mnt/d/系统发育树项目/Fusang/Fusang-main/real_data/afproject_genome/ecoli_shigella/NC_011415.fasta	/mnt/d/系统发育树项目/Fusang/Fusang-main/real_data/afproject_genome/ecoli_shigella/NC_011748.fasta	0.0103859	0	6723/10000
/mnt/d/系统发育树项目/Fusang/Fusang-main/real_data/afproject_genome/ecoli_shigella/NC_011601.fasta	/mnt/d/系统发育树项目/Fusang/Fusang-main/real_data/afproject_genome/ecoli_shigella/NC_011748.fasta	0.0316813	0	3460/10000
/mnt/d/系统发育树项目/Fusang/Fusang-main/real_data/afproject_genome/ecoli_shigella/NC_011741.fasta	/mnt/d/系统发育树项目/Fusang/Fusang-main/real_data/afproject_genome/ecoli_shigella/NC_011748.fasta	0.0095886	0	6915/10000
/mnt/d/系统发育树项目/Fusang/Fusang-main/real_data/afproject_genome/ecoli_shigella/NC_011742.fasta	/mnt/d/系统发育树项目/Fusang/Fusang-main/real_data/afproject_genome/ecoli_shigella/NC_011748.fasta	0.0308353	0	3544/10000
/mnt/d/系统发育树项目/Fusang/Fusang-main/real_data/afproject_genome/ecoli_shigella/NC_011745.fasta	/mnt/d/系统发育树项目/Fusang/Fusang-main/real_data/afproject_genome/ecoli_shigella/NC_011748.fasta	0.0314167	0	3486/10000
/mnt/d/系统发育树项目/Fusang/Fusang-main/real_data/afproject_genome/ecoli_shigella/NC_011748.fasta	/mnt/d/系统发育树项目/Fusang/Fusang-main/real_data/afproject_genome/ecoli_shigella/NC_011748.fasta	0	0	10000/10000
/mnt/d/系统发育树项目/Fusang/Fusang-main/real_data/afproject_genome/ecoli_shigella/NC_011750.fasta	/mnt/d/系统发育树项目/Fusang/Fusang-main/real_data/afproject_genome/ecoli_shigella/NC_011748.fasta	0.0273724	0	3916/10000
/mnt/d/系统发育树项目/Fusang/Fusang-main/real_data/afproject_genome/ecoli_shigella/NC_011751.fasta	/mnt/d/系统发育树项目/Fusang/Fusang-main/real_data/afproject_genome/ecoli_shigella/NC_011748.fasta	0.0258527	0	4095/10000
/mnt/d/系统发育树项目/Fusang/Fusang-main/real_data/afproject_genome/ecoli_shigella/NC_000913.fasta	/mnt/d/系统发育树项目/Fusang/Fusang-main/real_data/afproject_genome/ecoli_shigella/NC_011750.fasta	0.0266739	0	3997/10000
/mnt/d/系统发育树项目/Fusang/Fusang-main/real_data/afproject_genome/ecoli_shigella/NC_002655.fasta	/mnt/d/系统发育树项目/Fusang/Fusang-main/real_data/afproject_genome/ecoli_shigella/NC_011750.fasta	0.0300238	0	3627/10000
/mnt/d/系统发育树项目/Fusang/Fusang-main/real_data/afproject_genome/ecoli_shigella/NC_002695.fasta	/mnt/d/系统发育树项目/Fusang/Fusang-main/real_data/afproject_genome/ecoli_shigella/NC_011750.fasta	0.0301397	0	3615/10000
/mnt/d/系统发育树项目/Fusang/Fusang-main/real_data/afproject_genome/ecoli_shigella/NC_004337.fasta	/mnt/d/系统发育树项目/Fusang/Fusang-main/real_data/afproject_genome/ecoli_shigella/NC_011750.fasta	0.0304217	0	3586/10000
/mnt/d/系统发育树项目/Fusang/Fusang-main/real_data/afproject_genome/ecoli_shigella/NC_004431.fasta	/mnt/d/系统发育树项目/Fusang/Fusang-main/real_data/afproject_genome/ecoli_shigella/NC_011750.fasta	0.0268704	0	3974/10000
/mnt/d/系统发育树项目/Fusang/Fusang-main/real_data/afproject_genome/ecoli_shigella/NC_004741.fasta	/mnt/d/系统发育树项目/Fusang/Fusang-main/real_data/afproject_genome/ecoli_shigella/NC_011750.fasta	0.0303339	0	3595/10000
/mnt/d/系统发育树项目/Fusang/Fusang-main/real_data/afproject_genome/ecoli_shigella/NC_007384.fasta	/mnt/d/系统发育树项目/Fusang/Fusang-main/real_data/afproject_genome/ecoli_shigella/NC_011750.fasta	0.0291888	0	3715/10000
/mnt/d/系统发育树项目/Fusang/Fusang-main/real_data/afproject_genome/ecoli_shigella/NC_007606.fasta	/mnt/d/系统发育树项目/Fusang/Fusang-main/real_data/afproject_genome/ecoli_shigella/NC_011750.fasta	0.0320518	0	3424/10000
/mnt/d/系统发育树项目/Fusang/Fusang-main/real_data/afproject_genome/ecoli_shigella/NC_007613.fasta	/mnt/d/系统发育树项目/Fusang/Fusang-main/real_data/afproject_genome/ecoli_shigella/NC_011750.fasta	0.0309247	0	3535/10000
/mnt/d/系统发育树项目/Fusang/Fusang-main/real_data/afproject_genome/ecoli_shigella/NC_007779.fasta	/mnt/d/系统发育树项目/Fusang/Fusang-main/real_data/afproject_genome/ecoli_shigella/NC_011750.fasta	0.0266399	0	4001/10000
/mnt/d/系统发育树项目/Fusang/Fusang-main/real_data/afproject_genome/ecoli_shigella/NC_007946.fasta	/mnt/d/系统发育树项目/Fusang/Fusang-main/real_data/afproject_genome/ecoli_shigella/NC_011750.fasta	0.0267165	0	3992/10000
/mnt/d/系统发育树项目/Fusang/Fusang-main/real_data/afproject_genome/ecoli_shigella/NC_008253.fasta	/mnt/d/系统发育树项目/Fusang/Fusang-main/real_data/afproject_genome/ecoli_shigella/NC_011750.fasta	0.0264873	0	4019/10000
/mnt/d/系统发育树项目/Fusang/Fusang-main/real_data/afproject_genome/ecoli_shigella/NC_008258.fasta	/mnt/d/系统发育树项目/Fusang/Fusang-main/real_data/afproject_genome/ecoli_shigella/NC_011750.fasta	0.0303729	0	3591/10000
/mnt/d/系统发育树项目/Fusang/Fusang-main/real_data/afproject_genome/ecoli_shigella/NC_008563.fasta	/mnt/d/系统发育树项目/Fusang/Fusang-main/real_data/afproject_genome/ecoli_shigella/NC_011750.fasta	0.0260847	0	4067/10000
/mnt/d/系统发育树项目/Fusang/Fusang-main/real_data/afproject_genome/ecoli_shigella/NC_009800.fasta	/mnt/d/系统发育树项目/Fusang/Fusang-main/real_data/afproject_genome/ecoli_shigella/NC_011750.fasta	0.0274162	0	3911/10000
/mnt/d/系统发育树项目/Fusang/Fusang-main/real_data/afproject_genome/ecoli_shigella/NC_009801.fasta	/mnt/d/系统发育树项目/Fusang/Fusang-main/real_data/afproject_genome/ecoli_shigella/NC_011750.fasta	0.0281887	0	3824/10000
/mnt/d/系统发育树项目/Fusang/Fusang-main/real_data/afproject_genome/ecoli_shigella/NC_010468.fasta	/mnt/d/系统发育树项目/Fusang/Fusang-main/real_data/afproject_genome/ecoli_shigella/NC_011750.fasta	0.0270943	0	3948/10000
/mnt/d/系统发育树项目/Fusang/Fusang-main/real_data/afproject_genome/ecoli_shigella/NC_010498.fasta	/mnt/d/系统发育树项目/Fusang/Fusang-main/real_data/afproject_genome/ecoli_shigella/NC_011750.fasta	0.0168963	0	5400/10000
/mnt/d/系统发育树项目/Fusang/Fusang-main/real_data/afproject_genome/ecoli_shigella/NC_010658.fasta	/mnt/d/系统发育树项目/Fusang/Fusang-main/real_data/afproject_genome/ecoli_shigella/NC_011750.fasta	0.03162	0	3466/10000
/mnt/d/系统发育树项目/Fusang/Fusang-main/real_data/afproject_genome/ecoli_shigella/NC_011415.fasta	/mnt/d/系统发育树项目/Fusang/Fusang-main/real_data/afproject_genome/ecoli_shigella/NC_011750.fasta	0.0281977	0	3823/10000
/mnt/d/系统发育树项目/Fusang/Fusang-main/real_data/afproject_genome/ecoli_shigella/NC_011601.fasta	/mnt/d/系统发育树项目/Fusang/Fusang-main/real_data/afproject_genome/ecoli_shigella/NC_011750.fasta	0.0285058	0	3789/10000
/mnt/d/系统发育树项目/Fusang/Fusang-main/real_data/afproject_genome/ecoli_shigella/NC_011741.fasta	/mnt/d/系统发育树项目/Fusang/Fusang-main/real_data/afproject_genome/ecoli_shigella/NC_011750.fasta	0.0275654	0	3894/10000
/mnt/d/系统发育树项目/Fusang/Fusang-main/real_data/afproject_genome/ecoli_shigella/NC_011742.fasta	/mnt/d/系统发育树项目/Fusang/Fusang-main/real_data/afproject_genome/ecoli_shigella/NC_011750.fasta	0.0264113	0	4028/10000
/mnt/d/系统发育树项目/Fusang/Fusang-main/real_data/afproject_genome/ecoli_shigella/NC_011745.fasta	/mnt/d/系统发育树项目/Fusang/Fusang-main/real_data/afproject_genome/ecoli_shigella/NC_011750.fasta	0.0280808	0	3836/10000
/mnt/d/系统发育树项目/Fusang/Fusang-main/real_data/afproject_genome/ecoli_shigella/NC_011748.fasta	/mnt/d/系统发育树项目/Fusang/Fusang-main/real_data/afproject_genome/ecoli_shigella/NC_011750.fasta	0.0273724	0	3916/10000
/mnt/d/系统发育树项目/Fusang/Fusang-main/real_data/afproject_genome/ecoli_shigella/NC_011750.fasta	/mnt/d/系统发育树项目/Fusang/Fusang-main/real_data/afproject_genome/ecoli_shigella/NC_011750.fasta	0	0	10000/10000
/mnt/d/系统发育树项目/Fusang/Fusang-main/real_data/afproject_genome/ecoli_shigella/NC_011751.fasta	/mnt/d/系统发育树项目/Fusang/Fusang-main/real_data/afproject_genome/ecoli_shigella/NC_011750.fasta	0.0234513	0	4400/10000
/mnt/d/系统发育树项目/Fusang/Fusang-main/real_data/afproject_genome/ecoli_shigella/NC_000913.fasta	/mnt/d/系统发育树项目/Fusang/Fusang-main/real_data/afproject_genome/ecoli_shigella/NC_011751.fasta	0.0245965	0	4251/10000
/mnt/d/系统发育树项目/Fusang/Fusang-main/real_data/afproject_genome/ecoli_shigella/NC_002655.fasta	/mnt/d/系统发育树项目/Fusang/Fusang-main/real_data/afproject_genome/ecoli_shigella/NC_011751.fasta	0.0277686	0	3871/10000
/mnt/d/系统发育树项目/Fusang/Fusang-main/real_data/afproject_genome/ecoli_shigella/NC_002695.fasta	/mnt/d/系统发育树项目/Fusang/Fusang-main/real_data/afproject_genome/ecoli_shigella/NC_011751.fasta	0.0278752	0	3859/10000
/mnt/d/系统发育树项目/Fusang/Fusang-main/real_data/afproject_genome/ecoli_shigella/NC_004337.fasta	/mnt/d/系统发育树项目/Fusang/Fusang-main/real_data/afproject_genome/ecoli_shigella/NC_011751.fasta	0.0291328	0	3721/10000
/mnt/d/系统发育树项目/Fusang/Fusang-main/real_data/afproject_genome/ecoli_shigella/NC_004431.fasta	/mnt/d/系统发育树项目/Fusang/Fusang-main/real_data/afproject_genome/ecoli_shigella/NC_011751.fasta	0.0309944	0	3528/10000
/mnt/d/系统发育树项目/Fusang/Fusang-main/real_data/afproject_genome/ecoli_shigella/NC_004741.fasta	/mnt/d/系统发育树项目/Fusang/Fusang-main/real_data/afproject_genome/ecoli_shigella/NC_011751.fasta	0.0291421	0	3720/10000
/mnt/d/系统发育树项目/Fusang/Fusang-main/real_data/afproject_genome/ecoli_shigella/NC_007384.fasta	/mnt/d/系统发育树项目/Fusang/Fusang-main/real_data/afproject_genome/ecoli_shigella/NC_011751.fasta	0.0269649	0	3963/10000
/mnt/d/系统发育树项目/Fusang/Fusang-main/real_data/afproject_genome/ecoli_shigella/NC_007606.fasta	/mnt/d/系统发育树项目/Fusang/Fusang-main/real_data/afproject_genome/ecoli_shigella/NC_011751.fasta	0.0302269	0	3606/10000
/mnt/d/系统发育树项目/Fusang/Fusang-main/real_data/afproject_genome/ecoli_shigella/NC_007613.fasta	/mnt/d/系统发育树项目/Fusang/Fusang-main/real_data/afproject_genome/ecoli_shigella/NC_011751.fasta	0.0294046	0	3692/10000
/mnt/d/系统发育树项目/Fusang/Fusang-main/real_data/afproject_genome/ecoli_shigella/NC_007779.fasta	/mnt/d/系统发育树项目/Fusang/Fusang-main/real_data/afproject_genome/ecoli_shigella/NC_011751.fasta	0.0245729	0	4254/10000
/mnt/d/系统发育树项目/Fusang/Fusang-main/real_data/afproject_genome/ecoli_shigella/NC_007946.fasta	/mnt/d/系统发育树项目/Fusang/Fusang-main/real_data/afproject_genome/ecoli_shigella/NC_011751.fasta	0.0313156	0	3496/10000
/mnt/d/系统发育树项目/Fusang/Fusang-main/real_data/afproject_genome/ecoli_shigella/NC_008253.fasta	/mnt/d/系统发育树项目/Fusang/Fusang-main/real_data/afproject_genome/ecoli_shigella/NC_011751.fasta	0.0306967	0	3558/10000
/mnt/d/系统发育树项目/Fusang/Fusang-main/real_data/afproject_genome/ecoli_shigella/NC_008258.fasta	/mnt/d/系统发育树项目/Fusang/Fusang-main/real_data/afproject_genome/ecoli_shigella/NC_011751.fasta	0.0292449	0	3709/10000
/mnt/d/系统发育树项目/Fusang/Fusang-main/real_data/afproject_genome/ecoli_shigella/NC_008563.fasta	/mnt/d/系统发育树项目/Fusang/Fusang-main/real_data/afproject_genome/ecoli_shigella/NC_011751.fasta	0.0310344	0	3524/10000
/mnt/d/系统发育树项目/Fusang/Fusang-main/real_data/afproject_genome/ecoli_shigella/NC_009800.fasta	/mnt/d/系统发育树项目/Fusang/Fusang-main/real_data/afproject_genome/ecoli_shigella/NC_011751.fasta	0.0265211	0	4015/10000
/mnt/d/系统发育树项目/Fusang/Fusang-main/real_data/afproject_genome/ecoli_shigella/NC_009801.fasta	/mnt/d/系统发育树项目/Fusang/Fusang-main/real_data/afproject_genome/ecoli_shigella/NC_011751.fasta	0.0265889	0	4007/10000
/mnt/d/系统发育树项目/Fusang/Fusang-main/real_data/afproject_genome/ecoli_shigella/NC_010468.fasta	/mnt/d/系统发育树项目/Fusang/Fusang-main/real_data/afproject_genome/ecoli_shigella/NC_011751.fasta	0.0254759	0	4141/10000
/mnt/d/系统发育树项目/Fusang/Fusang-main/real_data/afproject_genome/ecoli_shigella/NC_010498.fasta	/mnt/d/系统发育树项目/Fusang/Fusang-main/real_data/afproject_genome/ecoli_shigella/NC_011751.fasta	0.0240136	0	4326/10000
/mnt/d/系统发育树项目/Fusang/Fusang-main/real_data/afproject_genome/ecoli_shigella/NC_010658.fasta	/mnt/d/系统发育树项目/Fusang/Fusang-main/real_data/afproject_genome/ecoli_shigella/NC_011751.fasta	0.0298701	0	3643/10000
/mnt/d/系统发育树项目/Fusang/Fusang-main/real_data/afproject_genome/ecoli_shigella/NC_011415.fasta	/mnt/d/系统发育树项目/Fusang/Fusang-main/real_data/afproject_genome/ecoli_shigella/NC_011751.fasta	0.0268361	0	3978/10000
/mnt/d/系统发育树项目/Fusang/Fusang-main/real_data/afproject_genome/ecoli_shigella/NC_011601.fasta	/mnt/d/系统发育树项目/Fusang/Fusang-main/real_data/afproject_genome/ecoli_shigella/NC_011751.fasta	0.0310444	0	3523/10000
/mnt/d/系统发育树项目/Fusang/Fusang-main/real_data/afproject_genome/ecoli_shigella/NC_011741.fasta	/mnt/d/系统发育树项目/Fusang/Fusang-main/real_data/afproject_genome/ecoli_shigella/NC_011751.fasta	0.0256554	0	4119/10000
/mnt/d/系统发育树项目/Fusang/Fusang-main/real_data/afproject_genome/ecoli_shigella/NC_011742.fasta	/mnt/d/系统发育树项目/Fusang/Fusang-main/real_data/afproject_genome/ecoli_shigella/NC_011751.fasta	0.0298414	0	3646/10000
/mnt/d/系统发育树项目/Fusang/Fusang-main/real_data/afproject_genome/ecoli_shigella/NC_011745.fasta	/mnt/d/系统发育树项目/Fusang/Fusang-main/real_data/afproject_genome/ecoli_shigella/NC_011751.fasta	0.0311847	0	3509/10000
/mnt/d/系统发育树项目/Fusang/Fusang-main/real_data/afproject_genome/ecoli_shigella/NC_011748.fasta	/mnt/d/系统发育树项目/Fusang/Fusang-main/real_data/afproject_genome/ecoli_shigella/NC_011751.fasta	0.0258527	0	4095/10000
/mnt/d/系统发育树项目/Fusang/Fusang-main/real_data/afproject_genome/ecoli_shigella/NC_011750.fasta	/mnt/d/系统发育树项目/Fusang/Fusang-main/real_data/afproject_genome/ecoli_shigella/NC_011751.fasta	0.0234513	0	4400/10000
/mnt/d/系统发育树项目/Fusang/Fusang-main/real_data/afproject_genome/ecoli_shigella/NC_011751.fasta	/mnt/d/系统发育树项目/Fusang/Fusang-main/real_data/afproject_genome/ecoli_shigella/NC_011751.fasta	0	0	10000/10000
