/mnt/d/系统发育树项目/Fusang/Fusang-main/real_data/afproject_genome/fish_mito/NC_009057.fasta	/mnt/d/系统发育树项目/Fusang/Fusang-main/real_data/afproject_genome/fish_mito/NC_009057.fasta	0	0	5000/5000
/mnt/d/系统发育树项目/Fusang/Fusang-main/real_data/afproject_genome/fish_mito/NC_009058.fasta	/mnt/d/系统发育树项目/Fusang/Fusang-main/real_data/afproject_genome/fish_mito/NC_009057.fasta	0.148034	0	544/5000
/mnt/d/系统发育树项目/Fusang/Fusang-main/real_data/afproject_genome/fish_mito/NC_009059.fasta	/mnt/d/系统发育树项目/Fusang/Fusang-main/real_data/afproject_genome/fish_mito/NC_009057.fasta	0.168701	0	424/5000
/mnt/d/系统发育树项目/Fusang/Fusang-main/real_data/afproject_genome/fish_mito/NC_009060.fasta	/mnt/d/系统发育树项目/Fusang/Fusang-main/real_data/afproject_genome/fish_mito/NC_009057.fasta	0.180635	0	368/5000
/mnt/d/系统发育树项目/Fusang/Fusang-main/real_data/afproject_genome/fish_mito/NC_009062.fasta	/mnt/d/系统发育树项目/Fusang/Fusang-main/real_data/afproject_genome/fish_mito/NC_009057.fasta	0.100254	0	995/5000
/mnt/d/系统发育树项目/Fusang/Fusang-main/real_data/afproject_genome/fish_mito/NC_009063.fasta	/mnt/d/系统发育树项目/Fusang/Fusang-main/real_data/afproject_genome/fish_mito/NC_009057.fasta	0.092509	0	1103/5000
/mnt/d/系统发育树项目/Fusang/Fusang-main/real_data/afproject_genome/fish_mito/NC_009064.fasta	/mnt/d/系统发育树项目/Fusang/Fusang-main/real_data/afproject_genome/fish_mito/NC_009057.fasta	0.153504	0	509/5000
/mnt/d/系统发育树项目/Fusang/Fusang-main/real_data/afproject_genome/fish_mito/NC_009065.fasta	/mnt/d/系统发育树项目/Fusang/Fusang-main/real_data/afproject_genome/fish_mito/NC_009057.fasta	0.1705	0	415/5000
/mnt/d/系统发育树项目/Fusang/Fusang-main/real_data/afproject_genome/fish_mito/NC_009066.fasta	/mnt/d/系统发育树项目/Fusang/Fusang-main/real_data/afproject_genome/fish_mito/NC_009057.fasta	0.1992	4.28198e-317	296/5000
/mnt/d/系统发育树项目/Fusang/Fusang-main/real_data/afproject_genome/fish_mito/NC_009067.fasta	/mnt/d/系统发育树项目/Fusang/Fusang-main/real_data/afproject_genome/fish_mito/NC_009057.fasta	0.192257	0	321/5000
/mnt/d/系统发育树项目/Fusang/Fusang-main/real_data/afproject_genome/fish_mito/NC_009459.fasta	/mnt/d/系统发育树项目/Fusang/Fusang-main/real_data/afproject_genome/fish_mito/NC_009057.fasta	0.186854	0	342/5000
/mnt/d/系统发育树项目/Fusang/Fusang-main/real_data/afproject_genome/fish_mito/NC_010205.fasta	/mnt/d/系统发育树项目/Fusang/Fusang-main/real_data/afproject_genome/fish_mito/NC_009057.fasta	0.198335	1.63042e-322	299/5000
/mnt/d/系统发育树项目/Fusang/Fusang-main/real_data/afproject_genome/fish_mito/NC_011168.fasta	/mnt/d/系统发育树项目/Fusang/Fusang-main/real_data/afproject_genome/fish_mito/NC_009057.fasta	0.151426	0	522/5000
/mnt/d/系统发育树项目/Fusang/Fusang-main/real_data/afproject_genome/fish_mito/NC_011169.fasta	/mnt/d/系统发育树项目/Fusang/Fusang-main/real_data/afproject_genome/fish_mito/NC_009057.fasta	0.143361	0	576/5000
/mnt/d/系统发育树项目/Fusang/Fusang-main/real_data/afproject_genome/fish_mito/NC_011170.fasta	/mnt/d/系统发育树项目/Fusang/Fusang-main/real_data/afproject_genome/fish_mito/NC_009057.fasta	0.150641	0	527/5000
/mnt/d/系统发育树项目/Fusang/Fusang-main/real_data/afproject_genome/fish_mito/NC_011171.fasta	/mnt/d/系统发育树项目/Fusang/Fusang-main/real_data/afproject_genome/fish_mito/NC_009057.fasta	0.13558	0	634/5000
/mnt/d/系统发育树项目/Fusang/Fusang-main/real_data/afproject_genome/fish_mito/NC_011177.fasta	/mnt/d/系统发育树项目/Fusang/Fusang-main/real_data/afproject_genome/fish_mito/NC_009057.fasta	0.155308	0	498/5000
/mnt/d/系统发育树项目/Fusang/Fusang-main/real_data/afproject_genome/fish_mito/NC_011179.fasta	/mnt/d/系统发育树项目/Fusang/Fusang-main/real_data/afproject_genome/fish_mito/NC_009057.fasta	0.161173	0	464/5000
/mnt/d/系统发育树项目/Fusang/Fusang-main/real_data/afproject_genome/fish_mito/NC_012055.fasta	/mnt/d/系统发育树项目/Fusang/Fusang-main/real_data/afproject_genome/fish_mito/NC_009057.fasta	0.195515	0	309/5000
/mnt/d/系统发育树项目/Fusang/Fusang-main/real_data/afproject_genome/fish_mito/NC_013564.fasta	/mnt/d/系统发育树项目/Fusang/Fusang-main/real_data/afproject_genome/fish_mito/NC_009057.fasta	0.190415	0	328/5000
/mnt/d/系统发育树项目/Fusang/Fusang-main/real_data/afproject_genome/fish_mito/NC_013577.fasta	/mnt/d/系统发育树项目/Fusang/Fusang-main/real_data/afproject_genome/fish_mito/NC_009057.fasta	0.202454	1.38101e-301	285/5000
/mnt/d/系统发育树项目/Fusang/Fusang-main/real_data/afproject_genome/fish_mito/NC_013663.fasta	/mnt/d/系统发育树项目/Fusang/Fusang-main/real_data/afproject_genome/fish_mito/NC_009057.fasta	0.053987	0	1907/5000
/mnt/d/系统发育树项目/Fusang/Fusang-main/real_data/afproject_genome/fish_mito/NC_013750.fasta	/mnt/d/系统发育树项目/Fusang/Fusang-main/real_data/afproject_genome/fish_mito/NC_009057.fasta	0.0654675	0	1608/5000
/mnt/d/系统发育树项目/Fusang/Fusang-main/real_data/afproject_genome/fish_mito/NC_018814.fasta	/mnt/d/系统发育树项目/Fusang/Fusang-main/real_data/afproject_genome/fish_mito/NC_009057.fasta	0.0948475	0	1069/5000
/mnt/d/系统发育树项目/Fusang/Fusang-main/real_data/afproject_genome/fish_mito/NC_018815.fasta	/mnt/d/系统发育树项目/Fusang/Fusang-main/real_data/afproject_genome/fish_mito/NC_009057.fasta	0.0983021	0	1021/5000
/mnt/d/系统发育树项目/Fusang/Fusang-main/real_data/afproject_genome/fish_mito/NC_009057.fasta	/mnt/d/系统发育树项目/Fusang/Fusang-main/real_data/afproject_genome/fish_mito/NC_009058.fasta	0.148034	0	544/5000
/mnt/d/系统发育树项目/Fusang/Fusang-main/real_data/afproject_genome/fish_mito/NC_009058.fasta	/mnt/d/系统发育树项目/Fusang/Fusang-main/real_data/afproject_genome/fish_mito/NC_009058.fasta	0	0	5000/5000
/mnt/d/系统发育树项目/Fusang/Fusang-main/real_data/afproject_genome/fish_mito/NC_009059.fasta	/mnt/d/系统发育树项目/Fusang/Fusang-main/real_data/afproject_genome/fish_mito/NC_009058.fasta	0.179947	0	371/5000
/mnt/d/系统发育树项目/Fusang/Fusang-main/real_data/afproject_genome/fish_mito/NC_009060.fasta	/mnt/d/系统发育树项目/Fusang/Fusang-main/real_data/afproject_genome/fish_mito/NC_009058.fasta	0.182733	0	359/5000
/mnt/d/系统发育树项目/Fusang/Fusang-main/real_data/afproject_genome/fish_mito/NC_009062.fasta	/mnt/d/系统发育树项目/Fusang/Fusang-main/real_data/afproject_genome/fish_mito/NC_009058.fasta	0.159576	0	473/5000
/mnt/d/系统发育树项目/Fusang/Fusang-main/real_data/afproject_genome/fish_mito/NC_009063.fasta	/mnt/d/系统发育树项目/Fusang/Fusang-main/real_data/afproject_genome/fish_mito/NC_009058.fasta	0.158703	0	478/5000
/mnt/d/系统发育树项目/Fusang/Fusang-main/real_data/afproject_genome/fish_mito/NC_009064.fasta	/mnt/d/系统发育树项目/Fusang/Fusang-main/real_data/afproject_genome/fish_mito/NC_009058.fasta	0.163725	0	450/5000
/mnt/d/系统发育树项目/Fusang/Fusang-main/real_data/afproject_genome/fish_mito/NC_009065.fasta	/mnt/d/系统发育树项目/Fusang/Fusang-main/real_data/afproject_genome/fish_mito/NC_009058.fasta	0.186606	0	343/5000
/mnt/d/系统发育树项目/Fusang/Fusang-main/real_data/afproject_genome/fish_mito/NC_009066.fasta	/mnt/d/系统发育树项目/Fusang/Fusang-main/real_data/afproject_genome/fish_mito/NC_009058.fasta	0.216579	7.71599e-239	242/5000
/mnt/d/系统发育树项目/Fusang/Fusang-main/real_data/afproject_genome/fish_mito/NC_009067.fasta	/mnt/d/系统发育树项目/Fusang/Fusang-main/real_data/afproject_genome/fish_mito/NC_009058.fasta	0.192524	0	320/5000
/mnt/d/系统发育树项目/Fusang/Fusang-main/real_data/afproject_genome/fish_mito/NC_009459.fasta	/mnt/d/系统发育树项目/Fusang/Fusang-main/real_data/afproject_genome/fish_mito/NC_009058.fasta	0.194415	0	313/5000
/mnt/d/系统发育树项目/Fusang/Fusang-main/real_data/afproject_genome/fish_mito/NC_010205.fasta	/mnt/d/系统发育树项目/Fusang/Fusang-main/real_data/afproject_genome/fish_mito/NC_009058.fasta	0.208724	1.81406e-272	265/5000
/mnt/d/系统发育树项目/Fusang/Fusang-main/real_data/afproject_genome/fish_mito/NC_011168.fasta	/mnt/d/系统发育树项目/Fusang/Fusang-main/real_data/afproject_genome/fish_mito/NC_009058.fasta	0.143503	0	575/5000
/mnt/d/系统发育树项目/Fusang/Fusang-main/real_data/afproject_genome/fish_mito/NC_011169.fasta	/mnt/d/系统发育树项目/Fusang/Fusang-main/real_data/afproject_genome/fish_mito/NC_009058.fasta	0.152059	0	518/5000
/mnt/d/系统发育树项目/Fusang/Fusang-main/real_data/afproject_genome/fish_mito/NC_011170.fasta	/mnt/d/系统发育树项目/Fusang/Fusang-main/real_data/afproject_genome/fish_mito/NC_009058.fasta	0.156987	0	488/5000
/mnt/d/系统发育树项目/Fusang/Fusang-main/real_data/afproject_genome/fish_mito/NC_011171.fasta	/mnt/d/系统发育树项目/Fusang/Fusang-main/real_data/afproject_genome/fish_mito/NC_009058.fasta	0.157327	0	486/5000
/mnt/d/系统发育树项目/Fusang/Fusang-main/real_data/afproject_genome/fish_mito/NC_011177.fasta	/mnt/d/系统发育树项目/Fusang/Fusang-main/real_data/afproject_genome/fish_mito/NC_009058.fasta	0.172342	0	406/5000
/mnt/d/系统发育树项目/Fusang/Fusang-main/real_data/afproject_genome/fish_mito/NC_011179.fasta	/mnt/d/系统发育树项目/Fusang/Fusang-main/real_data/afproject_genome/fish_mito/NC_009058.fasta	0.170298	0	416/5000
/mnt/d/系统发育树项目/Fusang/Fusang-main/real_data/afproject_genome/fish_mito/NC_012055.fasta	/mnt/d/系统发育树项目/Fusang/Fusang-main/real_data/afproject_genome/fish_mito/NC_009058.fasta	0.19387	0	315/5000
/mnt/d/系统发育树项目/Fusang/Fusang-main/real_data/afproject_genome/fish_mito/NC_013564.fasta	/mnt/d/系统发育树项目/Fusang/Fusang-main/real_data/afproject_genome/fish_mito/NC_009058.fasta	0.201256	3.00781e-308	289/5000
/mnt/d/系统发育树项目/Fusang/Fusang-main/real_data/afproject_genome/fish_mito/NC_013577.fasta	/mnt/d/系统发育树项目/Fusang/Fusang-main/real_data/afproject_genome/fish_mito/NC_009058.fasta	0.201852	9.19349e-305	287/5000
/mnt/d/系统发育树项目/Fusang/Fusang-main/real_data/afproject_genome/fish_mito/NC_013663.fasta	/mnt/d/系统发育树项目/Fusang/Fusang-main/real_data/afproject_genome/fish_mito/NC_009058.fasta	0.151426	0	522/5000
/mnt/d/系统发育树项目/Fusang/Fusang-main/real_data/afproject_genome/fish_mito/NC_013750.fasta	/mnt/d/系统发育树项目/Fusang/Fusang-main/real_data/afproject_genome/fish_mito/NC_009058.fasta	0.146986	0	551/5000
/mnt/d/系统发育树项目/Fusang/Fusang-main/real_data/afproject_genome/fish_mito/NC_018814.fasta	/mnt/d/系统发育树项目/Fusang/Fusang-main/real_data/afproject_genome/fish_mito/NC_009058.fasta	0.154483	0	503/5000
/mnt/d/系统发育树项目/Fusang/Fusang-main/real_data/afproject_genome/fish_mito/NC_018815.fasta	/mnt/d/系统发育树项目/Fusang/Fusang-main/real_data/afproject_genome/fish_mito/NC_009058.fasta	0.155808	0	495/5000
/mnt/d/系统发育树项目/Fusang/Fusang-main/real_data/afproject_genome/fish_mito/NC_009057.fasta	/mnt/d/系统发育树项目/Fusang/Fusang-main/real_data/afproject_genome/fish_mito/NC_009059.fasta	0.168701	0	424/5000
/mnt/d/系统发育树项目/Fusang/Fusang-main/real_data/afproject_genome/fish_mito/NC_009058.fasta	/mnt/d/系统发育树项目/Fusang/Fusang-main/real_data/afproject_genome/fish_mito/NC_009059.fasta	0.179947	0	371/5000
/mnt/d/系统发育树项目/Fusang/Fusang-main/real_data/afproject_genome/fish_mito/NC_009059.fasta	/mnt/d/系统发育树项目/Fusang/Fusang-main/real_data/afproject_genome/fish_mito/NC_009059.fasta	0	0	5000/5000
/mnt/d/系统发育树项目/Fusang/Fusang-main/real_data/afproject_genome/fish_mito/NC_009060.fasta	/mnt/d/系统发育树项目/Fusang/Fusang-main/real_data/afproject_genome/fish_mito/NC_009059.fasta	0.132467	0	659/5000
/mnt/d/系统发育树项目/Fusang/Fusang-main/real_data/afproject_genome/fish_mito/NC_009062.fasta	/mnt/d/系统发育树项目/Fusang/Fusang-main/real_data/afproject_genome/fish_mito/NC_009059.fasta	0.167719	0	429/5000
/mnt/d/系统发育树项目/Fusang/Fusang-main/real_data/afproject_genome/fish_mito/NC_009063.fasta	/mnt/d/系统发育树项目/Fusang/Fusang-main/real_data/afproject_genome/fish_mito/NC_009059.fasta	0.177477	0	382/5000
/mnt/d/系统发育树项目/Fusang/Fusang-main/real_data/afproject_genome/fish_mito/NC_009064.fasta	/mnt/d/系统发育树项目/Fusang/Fusang-main/real_data/afproject_genome/fish_mito/NC_009059.fasta	0.170097	0	417/5000
/mnt/d/系统发育树项目/Fusang/Fusang-main/real_data/afproject_genome/fish_mito/NC_009065.fasta	/mnt/d/系统发育树项目/Fusang/Fusang-main/real_data/afproject_genome/fish_mito/NC_009059.fasta	0.182027	0	362/5000
/mnt/d/系统发育树项目/Fusang/Fusang-main/real_data/afproject_genome/fish_mito/NC_009066.fasta	/mnt/d/系统发育树项目/Fusang/Fusang-main/real_data/afproject_genome/fish_mito/NC_009059.fasta	0.207111	4.93986e-279	270/5000
/mnt/d/系统发育树项目/Fusang/Fusang-main/real_data/afproject_genome/fish_mito/NC_009067.fasta	/mnt/d/系统发育树项目/Fusang/Fusang-main/real_data/afproject_genome/fish_mito/NC_009059.fasta	0.198335	4.94066e-324	299/5000
/mnt/d/系统发育树项目/Fusang/Fusang-main/real_data/afproject_genome/fish_mito/NC_009459.fasta	/mnt/d/系统发育树项目/Fusang/Fusang-main/real_data/afproject_genome/fish_mito/NC_009059.fasta	0.205843	6.30046e-287	274/5000
/mnt/d/系统发育树项目/Fusang/Fusang-main/real_data/afproject_genome/fish_mito/NC_010205.fasta	/mnt/d/系统发育树项目/Fusang/Fusang-main/real_data/afproject_genome/fish_mito/NC_009059.fasta	0.203977	1.53275e-294	280/5000
/mnt/d/系统发育树项目/Fusang/Fusang-main/real_data/afproject_genome/fish_mito/NC_011168.fasta	/mnt/d/系统发育树项目/Fusang/Fusang-main/real_data/afproject_genome/fish_mito/NC_009059.fasta	0.180865	0	367/5000
/mnt/d/系统发育树项目/Fusang/Fusang-main/real_data/afproject_genome/fish_mito/NC_011169.fasta	/mnt/d/系统发育树项目/Fusang/Fusang-main/real_data/afproject_genome/fish_mito/NC_009059.fasta	0.171314	0	411/5000
/mnt/d/系统发育树项目/Fusang/Fusang-main/real_data/afproject_genome/fish_mito/NC_011170.fasta	/mnt/d/系统发育树项目/Fusang/Fusang-main/real_data/afproject_genome/fish_mito/NC_009059.fasta	0.170703	0	414/5000
/mnt/d/系统发育树项目/Fusang/Fusang-main/real_data/afproject_genome/fish_mito/NC_011171.fasta	/mnt/d/系统发育树项目/Fusang/Fusang-main/real_data/afproject_genome/fish_mito/NC_009059.fasta	0.175297	0	392/5000
/mnt/d/系统发育树项目/Fusang/Fusang-main/real_data/afproject_genome/fish_mito/NC_011177.fasta	/mnt/d/系统发育树项目/Fusang/Fusang-main/real_data/afproject_genome/fish_mito/NC_009059.fasta	0.17972	0	372/5000
/mnt/d/系统发育树项目/Fusang/Fusang-main/real_data/afproject_genome/fish_mito/NC_011179.fasta	/mnt/d/系统发育树项目/Fusang/Fusang-main/real_data/afproject_genome/fish_mito/NC_009059.fasta	0.183684	0	355/5000
/mnt/d/系统发育树项目/Fusang/Fusang-main/real_data/afproject_genome/fish_mito/NC_012055.fasta	/mnt/d/系统发育树项目/Fusang/Fusang-main/real_data/afproject_genome/fish_mito/NC_009059.fasta	0.196072	0	307/5000
/mnt/d/系统发育树项目/Fusang/Fusang-main/real_data/afproject_genome/fish_mito/NC_013564.fasta	/mnt/d/系统发育树项目/Fusang/Fusang-main/real_data/afproject_genome/fish_mito/NC_009059.fasta	0.209707	1.09395e-268	262/5000
/mnt/d/系统发育树项目/Fusang/Fusang-main/real_data/afproject_genome/fish_mito/NC_013577.fasta	/mnt/d/系统发育树项目/Fusang/Fusang-main/real_data/afproject_genome/fish_mito/NC_009059.fasta	0.219869	4.51738e-227	233/5000
/mnt/d/系统发育树项目/Fusang/Fusang-main/real_data/afproject_genome/fish_mito/NC_013663.fasta	/mnt/d/系统发育树项目/Fusang/Fusang-main/real_data/afproject_genome/fish_mito/NC_009059.fasta	0.166942	0	433/5000
/mnt/d/系统发育树项目/Fusang/Fusang-main/real_data/afproject_genome/fish_mito/NC_013750.fasta	/mnt/d/系统发育树项目/Fusang/Fusang-main/real_data/afproject_genome/fish_mito/NC_009059.fasta	0.166557	0	435/5000
/mnt/d/系统发育树项目/Fusang/Fusang-main/real_data/afproject_genome/fish_mito/NC_018814.fasta	/mnt/d/系统发育树项目/Fusang/Fusang-main/real_data/afproject_genome/fish_mito/NC_009059.fasta	0.169896	0	418/5000
/mnt/d/系统发育树项目/Fusang/Fusang-main/real_data/afproject_genome/fish_mito/NC_018815.fasta	/mnt/d/系统发育树项目/Fusang/Fusang-main/real_data/afproject_genome/fish_mito/NC_009059.fasta	0.1705	0	415/5000
/mnt/d/系统发育树项目/Fusang/Fusang-main/real_data/afproject_genome/fish_mito/NC_009057.fasta	/mnt/d/系统发育树项目/Fusang/Fusang-main/real_data/afproject_genome/fish_mito/NC_009060.fasta	0.180635	0	368/5000
/mnt/d/系统发育树项目/Fusang/Fusang-main/real_data/afproject_genome/fish_mito/NC_009058.fasta	/mnt/d/系统发育树项目/Fusang/Fusang-main/real_data/afproject_genome/fish_mito/NC_009060.fasta	0.182733	0	359/5000
/mnt/d/系统发育树项目/Fusang/Fusang-main/real_data/afproject_genome/fish_mito/NC_009059.fasta	/mnt/d/系统发育树项目/Fusang/Fusang-main/real_data/afproject_genome/fish_mito/NC_009060.fasta	0.132467	0	659/5000
/mnt/d/系统发育树项目/Fusang/Fusang-main/real_data/afproject_genome/fish_mito/NC_009060.fasta	/mnt/d/系统发育树项目/Fusang/Fusang-main/real_data/afproject_genome/fish_mito/NC_009060.fasta	0	0	5000/5000
/mnt/d/系统发育树项目/Fusang/Fusang-main/real_data/afproject_genome/fish_mito/NC_009062.fasta	/mnt/d/系统发育树项目/Fusang/Fusang-main/real_data/afproject_genome/fish_mito/NC_009060.fasta	0.178366	0	378/5000
/mnt/d/系统发育树项目/Fusang/Fusang-main/real_data/afproject_genome/fish_mito/NC_009063.fasta	/mnt/d/系统发育树项目/Fusang/Fusang-main/real_data/afproject_genome/fish_mito/NC_009060.fasta	0.17972	0	372/5000
/mnt/d/系统发育树项目/Fusang/Fusang-main/real_data/afproject_genome/fish_mito/NC_009064.fasta	/mnt/d/系统发育树项目/Fusang/Fusang-main/real_data/afproject_genome/fish_mito/NC_009060.fasta	0.175082	0	393/5000
/mnt/d/系统发育树项目/Fusang/Fusang-main/real_data/afproject_genome/fish_mito/NC_009065.fasta	/mnt/d/系统发育树项目/Fusang/Fusang-main/real_data/afproject_genome/fish_mito/NC_009060.fasta	0.185131	0	349/5000
/mnt/d/系统发育树项目/Fusang/Fusang-main/real_data/afproject_genome/fish_mito/NC_009066.fasta	/mnt/d/系统发育树项目/Fusang/Fusang-main/real_data/afproject_genome/fish_mito/NC_009060.fasta	0.202454	6.41975e-301	285/5000
/mnt/d/系统发育树项目/Fusang/Fusang-main/real_data/afproject_genome/fish_mito/NC_009067.fasta	/mnt/d/系统发育树项目/Fusang/Fusang-main/real_data/afproject_genome/fish_mito/NC_009060.fasta	0.206158	4.39975e-285	273/5000
/mnt/d/系统发育树项目/Fusang/Fusang-main/real_data/afproject_genome/fish_mito/NC_009459.fasta	/mnt/d/系统发育树项目/Fusang/Fusang-main/real_data/afproject_genome/fish_mito/NC_009060.fasta	0.209378	1.0062e-270	263/5000
/mnt/d/系统发育树项目/Fusang/Fusang-main/real_data/afproject_genome/fish_mito/NC_010205.fasta	/mnt/d/系统发育树项目/Fusang/Fusang-main/real_data/afproject_genome/fish_mito/NC_009060.fasta	0.214807	1.22062e-246	247/5000
/mnt/d/系统发育树项目/Fusang/Fusang-main/real_data/afproject_genome/fish_mito/NC_011168.fasta	/mnt/d/系统发育树项目/Fusang/Fusang-main/real_data/afproject_genome/fish_mito/NC_009060.fasta	0.185131	0	349/5000
/mnt/d/系统发育树项目/Fusang/Fusang-main/real_data/afproject_genome/fish_mito/NC_011169.fasta	/mnt/d/系统发育树项目/Fusang/Fusang-main/real_data/afproject_genome/fish_mito/NC_009060.fasta	0.178815	0	376/5000
/mnt/d/系统发育树项目/Fusang/Fusang-main/real_data/afproject_genome/fish_mito/NC_011170.fasta	/mnt/d/系统发育树项目/Fusang/Fusang-main/real_data/afproject_genome/fish_mito/NC_009060.fasta	0.177036	0	384/5000
/mnt/d/系统发育树项目/Fusang/Fusang-main/real_data/afproject_genome/fish_mito/NC_011171.fasta	/mnt/d/系统发育树项目/Fusang/Fusang-main/real_data/afproject_genome/fish_mito/NC_009060.fasta	0.183923	0	354/5000
/mnt/d/系统发育树项目/Fusang/Fusang-main/real_data/afproject_genome/fish_mito/NC_011177.fasta	/mnt/d/系统发育树项目/Fusang/Fusang-main/real_data/afproject_genome/fish_mito/NC_009060.fasta	0.17972	0	372/5000
/mnt/d/系统发育树项目/Fusang/Fusang-main/real_data/afproject_genome/fish_mito/NC_011179.fasta	/mnt/d/系统发育树项目/Fusang/Fusang-main/real_data/afproject_genome/fish_mito/NC_009060.fasta	0.186854	0	342/5000
/mnt/d/系统发育树项目/Fusang/Fusang-main/real_data/afproject_genome/fish_mito/NC_012055.fasta	/mnt/d/系统发育树项目/Fusang/Fusang-main/real_data/afproject_genome/fish_mito/NC_009060.fasta	0.208724	2.10175e-273	265/5000
/mnt/d/系统发育树项目/Fusang/Fusang-main/real_data/afproject_genome/fish_mito/NC_013564.fasta	/mnt/d/系统发育树项目/Fusang/Fusang-main/real_data/afproject_genome/fish_mito/NC_009060.fasta	0.207752	2.86199e-277	268/5000
/mnt/d/系统发育树项目/Fusang/Fusang-main/real_data/afproject_genome/fish_mito/NC_013577.fasta	/mnt/d/系统发育树项目/Fusang/Fusang-main/real_data/afproject_genome/fish_mito/NC_009060.fasta	0.223293	1.63333e-214	224/5000
/mnt/d/系统发育树项目/Fusang/Fusang-main/real_data/afproject_genome/fish_mito/NC_013663.fasta	/mnt/d/系统发育树项目/Fusang/Fusang-main/real_data/afproject_genome/fish_mito/NC_009060.fasta	0.17792	0	380/5000
/mnt/d/系统发育树项目/Fusang/Fusang-main/real_data/afproject_genome/fish_mito/NC_013750.fasta	/mnt/d/系统发育树项目/Fusang/Fusang-main/real_data/afproject_genome/fish_mito/NC_009060.fasta	0.182262	0	361/5000
/mnt/d/系统发育树项目/Fusang/Fusang-main/real_data/afproject_genome/fish_mito/NC_018814.fasta	/mnt/d/系统发育树项目/Fusang/Fusang-main/real_data/afproject_genome/fish_mito/NC_009060.fasta	0.178815	0	376/5000
/mnt/d/系统发育树项目/Fusang/Fusang-main/real_data/afproject_genome/fish_mito/NC_018815.fasta	/mnt/d/系统发育树项目/Fusang/Fusang-main/real_data/afproject_genome/fish_mito/NC_009060.fasta	0.185375	0	348/5000
/mnt/d/系统发育树项目/Fusang/Fusang-main/real_data/afproject_genome/fish_mito/NC_009057.fasta	/mnt/d/系统发育树项目/Fusang/Fusang-main/real_data/afproject_genome/fish_mito/NC_009062.fasta	0.100254	0	995/5000
/mnt/d/系统发育树项目/Fusang/Fusang-main/real_data/afproject_genome/fish_mito/NC_009058.fasta	/mnt/d/系统发育树项目/Fusang/Fusang-main/real_data/afproject_genome/fish_mito/NC_009062.fasta	0.159576	0	473/5000
/mnt/d/系统发育树项目/Fusang/Fusang-main/real_data/afproject_genome/fish_mito/NC_009059.fasta	/mnt/d/系统发育树项目/Fusang/Fusang-main/real_data/afproject_genome/fish_mito/NC_009062.fasta	0.167719	0	429/5000
/mnt/d/系统发育树项目/Fusang/Fusang-main/real_data/afproject_genome/fish_mito/NC_009060.fasta	/mnt/d/系统发育树项目/Fusang/Fusang-main/real_data/afproject_genome/fish_mito/NC_009062.fasta	0.178366	0	378/5000
/mnt/d/系统发育树项目/Fusang/Fusang-main/real_data/afproject_genome/fish_mito/NC_009062.fasta	/mnt/d/系统发育树项目/Fusang/Fusang-main/real_data/afproject_genome/fish_mito/NC_009062.fasta	0	0	5000/5000
/mnt/d/系统发育树项目/Fusang/Fusang-main/real_data/afproject_genome/fish_mito/NC_009063.fasta	/mnt/d/系统发育树项目/Fusang/Fusang-main/real_data/afproject_genome/fish_mito/NC_009062.fasta	0.0889647	0	1157/5000
/mnt/d/系统发育树项目/Fusang/Fusang-main/real_data/afproject_genome/fish_mito/NC_009064.fasta	/mnt/d/系统发育树项目/Fusang/Fusang-main/real_data/afproject_genome/fish_mito/NC_009062.fasta	0.16447	0	446/5000
/mnt/d/系统发育树项目/Fusang/Fusang-main/real_data/afproject_genome/fish_mito/NC_009065.fasta	/mnt/d/系统发育树项目/Fusang/Fusang-main/real_data/afproject_genome/fish_mito/NC_009062.fasta	0.184646	0	351/5000
/mnt/d/系统发育树项目/Fusang/Fusang-main/real_data/afproject_genome/fish_mito/NC_009066.fasta	/mnt/d/系统发育树项目/Fusang/Fusang-main/real_data/afproject_genome/fish_mito/NC_009062.fasta	0.195793	0	308/5000
/mnt/d/系统发育树项目/Fusang/Fusang-main/real_data/afproject_genome/fish_mito/NC_009067.fasta	/mnt/d/系统发育树项目/Fusang/Fusang-main/real_data/afproject_genome/fish_mito/NC_009062.fasta	0.196072	0	307/5000
/mnt/d/系统发育树项目/Fusang/Fusang-main/real_data/afproject_genome/fish_mito/NC_009459.fasta	/mnt/d/系统发育树项目/Fusang/Fusang-main/real_data/afproject_genome/fish_mito/NC_009062.fasta	0.194415	0	313/5000
/mnt/d/系统发育树项目/Fusang/Fusang-main/real_data/afproject_genome/fish_mito/NC_010205.fasta	/mnt/d/系统发育树项目/Fusang/Fusang-main/real_data/afproject_genome/fish_mito/NC_009062.fasta	0.197195	0	303/5000
/mnt/d/系统发育树项目/Fusang/Fusang-main/real_data/afproject_genome/fish_mito/NC_011168.fasta	/mnt/d/系统发育树项目/Fusang/Fusang-main/real_data/afproject_genome/fish_mito/NC_009062.fasta	0.157498	0	485/5000
/mnt/d/系统发育树项目/Fusang/Fusang-main/real_data/afproject_genome/fish_mito/NC_011169.fasta	/mnt/d/系统发育树项目/Fusang/Fusang-main/real_data/afproject_genome/fish_mito/NC_009062.fasta	0.152378	0	516/5000
/mnt/d/系统发育树项目/Fusang/Fusang-main/real_data/afproject_genome/fish_mito/NC_011170.fasta	/mnt/d/系统发育树项目/Fusang/Fusang-main/real_data/afproject_genome/fish_mito/NC_009062.fasta	0.157157	0	487/5000
/mnt/d/系统发育树项目/Fusang/Fusang-main/real_data/afproject_genome/fish_mito/NC_011171.fasta	/mnt/d/系统发育树项目/Fusang/Fusang-main/real_data/afproject_genome/fish_mito/NC_009062.fasta	0.146986	0	551/5000
/mnt/d/系统发育树项目/Fusang/Fusang-main/real_data/afproject_genome/fish_mito/NC_011177.fasta	/mnt/d/系统发育树项目/Fusang/Fusang-main/real_data/afproject_genome/fish_mito/NC_009062.fasta	0.160637	0	467/5000
/mnt/d/系统发育树项目/Fusang/Fusang-main/real_data/afproject_genome/fish_mito/NC_011179.fasta	/mnt/d/系统发育树项目/Fusang/Fusang-main/real_data/afproject_genome/fish_mito/NC_009062.fasta	0.166364	0	436/5000
/mnt/d/系统发育树项目/Fusang/Fusang-main/real_data/afproject_genome/fish_mito/NC_012055.fasta	/mnt/d/系统发育树项目/Fusang/Fusang-main/real_data/afproject_genome/fish_mito/NC_009062.fasta	0.188361	0	336/5000
/mnt/d/系统发育树项目/Fusang/Fusang-main/real_data/afproject_genome/fish_mito/NC_013564.fasta	/mnt/d/系统发育树项目/Fusang/Fusang-main/real_data/afproject_genome/fish_mito/NC_009062.fasta	0.195515	0	309/5000
/mnt/d/系统发育树项目/Fusang/Fusang-main/real_data/afproject_genome/fish_mito/NC_013577.fasta	/mnt/d/系统发育树项目/Fusang/Fusang-main/real_data/afproject_genome/fish_mito/NC_009062.fasta	0.210702	1.00915e-263	259/5000
/mnt/d/系统发育树项目/Fusang/Fusang-main/real_data/afproject_genome/fish_mito/NC_013663.fasta	/mnt/d/系统发育树项目/Fusang/Fusang-main/real_data/afproject_genome/fish_mito/NC_009062.fasta	0.099647	0	1003/5000
/mnt/d/系统发育树项目/Fusang/Fusang-main/real_data/afproject_genome/fish_mito/NC_013750.fasta	/mnt/d/系统发育树项目/Fusang/Fusang-main/real_data/afproject_genome/fish_mito/NC_009062.fasta	0.0954812	0	1060/5000
/mnt/d/系统发育树项目/Fusang/Fusang-main/real_data/afproject_genome/fish_mito/NC_018814.fasta	/mnt/d/系统发育树项目/Fusang/Fusang-main/real_data/afproject_genome/fish_mito/NC_009062.fasta	0.0917039	0	1115/5000
/mnt/d/系统发育树项目/Fusang/Fusang-main/real_data/afproject_genome/fish_mito/NC_018815.fasta	/mnt/d/系统发育树项目/Fusang/Fusang-main/real_data/afproject_genome/fish_mito/NC_009062.fasta	0.0911068	0	1124/5000
/mnt/d/系统发育树项目/Fusang/Fusang-main/real_data/afproject_genome/fish_mito/NC_009057.fasta	/mnt/d/系统发育树项目/Fusang/Fusang-main/real_data/afproject_genome/fish_mito/NC_009063.fasta	0.092509	0	1103/5000
/mnt/d/系统发育树项目/Fusang/Fusang-main/real_data/afproject_genome/fish_mito/NC_009058.fasta	/mnt/d/系统发育树项目/Fusang/Fusang-main/real_data/afproject_genome/fish_mito/NC_009063.fasta	0.158703	0	478/5000
/mnt/d/系统发育树项目/Fusang/Fusang-main/real_data/afproject_genome/fish_mito/NC_009059.fasta	/mnt/d/系统发育树项目/Fusang/Fusang-main/real_data/afproject_genome/fish_mito/NC_009063.fasta	0.177477	0	382/5000
/mnt/d/系统发育树项目/Fusang/Fusang-main/real_data/afproject_genome/fish_mito/NC_009060.fasta	/mnt/d/系统发育树项目/Fusang/Fusang-main/real_data/afproject_genome/fish_mito/NC_009063.fasta	0.17972	0	372/5000
/mnt/d/系统发育树项目/Fusang/Fusang-main/real_data/afproject_genome/fish_mito/NC_009062.fasta	/mnt/d/系统发育树项目/Fusang/Fusang-main/real_data/afproject_genome/fish_mito/NC_009063.fasta	0.0889647	0	1157/5000
/mnt/d/系统发育树项目/Fusang/Fusang-main/real_data/afproject_genome/fish_mito/NC_009063.fasta	/mnt/d/系统发育树项目/Fusang/Fusang-main/real_data/afproject_genome/fish_mito/NC_009063.fasta	0	0	5000/5000
/mnt/d/系统发育树项目/Fusang/Fusang-main/real_data/afproject_genome/fish_mito/NC_009064.fasta	/mnt/d/系统发育树项目/Fusang/Fusang-main/real_data/afproject_genome/fish_mito/NC_009063.fasta	0.161894	0	460/5000
/mnt/d/系统发育树项目/Fusang/Fusang-main/real_data/afproject_genome/fish_mito/NC_009065.fasta	/mnt/d/系统发育树项目/Fusang/Fusang-main/real_data/afproject_genome/fish_mito/NC_009063.fasta	0.17972	0	372/5000
/mnt/d/系统发育树项目/Fusang/Fusang-main/real_data/afproject_genome/fish_mito/NC_009066.fasta	/mnt/d/系统发育树项目/Fusang/Fusang-main/real_data/afproject_genome/fish_mito/NC_009063.fasta	0.205843	1.21349e-284	274/5000
/mnt/d/系统发育树项目/Fusang/Fusang-main/real_data/afproject_genome/fish_mito/NC_009067.fasta	/mnt/d/系统发育树项目/Fusang/Fusang-main/real_data/afproject_genome/fish_mito/NC_009063.fasta	0.195793	0	308/5000
/mnt/d/系统发育树项目/Fusang/Fusang-main/real_data/afproject_genome/fish_mito/NC_009459.fasta	/mnt/d/系统发育树项目/Fusang/Fusang-main/real_data/afproject_genome/fish_mito/NC_009063.fasta	0.191991	0	322/5000
/mnt/d/系统发育树项目/Fusang/Fusang-main/real_data/afproject_genome/fish_mito/NC_010205.fasta	/mnt/d/系统发育树项目/Fusang/Fusang-main/real_data/afproject_genome/fish_mito/NC_009063.fasta	0.202454	1.0502e-301	285/5000
/mnt/d/系统发育树项目/Fusang/Fusang-main/real_data/afproject_genome/fish_mito/NC_011168.fasta	/mnt/d/系统发育树项目/Fusang/Fusang-main/real_data/afproject_genome/fish_mito/NC_009063.fasta	0.1519	0	519/5000
/mnt/d/系统发育树项目/Fusang/Fusang-main/real_data/afproject_genome/fish_mito/NC_011169.fasta	/mnt/d/系统发育树项目/Fusang/Fusang-main/real_data/afproject_genome/fish_mito/NC_009063.fasta	0.155143	0	499/5000
/mnt/d/系统发育树项目/Fusang/Fusang-main/real_data/afproject_genome/fish_mito/NC_011170.fasta	/mnt/d/系统发育树项目/Fusang/Fusang-main/real_data/afproject_genome/fish_mito/NC_009063.fasta	0.158703	0	478/5000
/mnt/d/系统发育树项目/Fusang/Fusang-main/real_data/afproject_genome/fish_mito/NC_011171.fasta	/mnt/d/系统发育树项目/Fusang/Fusang-main/real_data/afproject_genome/fish_mito/NC_009063.fasta	0.148944	0	538/5000
/mnt/d/系统发育树项目/Fusang/Fusang-main/real_data/afproject_genome/fish_mito/NC_011177.fasta	/mnt/d/系统发育树项目/Fusang/Fusang-main/real_data/afproject_genome/fish_mito/NC_009063.fasta	0.155475	0	497/5000
/mnt/d/系统发育树项目/Fusang/Fusang-main/real_data/afproject_genome/fish_mito/NC_011179.fasta	/mnt/d/系统发育树项目/Fusang/Fusang-main/real_data/afproject_genome/fish_mito/NC_009063.fasta	0.164097	0	448/5000
/mnt/d/系统发育树项目/Fusang/Fusang-main/real_data/afproject_genome/fish_mito/NC_012055.fasta	/mnt/d/系统发育树项目/Fusang/Fusang-main/real_data/afproject_genome/fish_mito/NC_009063.fasta	0.196913	0	304/5000
/mnt/d/系统发育树项目/Fusang/Fusang-main/real_data/afproject_genome/fish_mito/NC_013564.fasta	/mnt/d/系统发育树项目/Fusang/Fusang-main/real_data/afproject_genome/fish_mito/NC_009063.fasta	0.1992	1.27623e-318	296/5000
/mnt/d/系统发育树项目/Fusang/Fusang-main/real_data/afproject_genome/fish_mito/NC_013577.fasta	/mnt/d/系统发育树项目/Fusang/Fusang-main/real_data/afproject_genome/fish_mito/NC_009063.fasta	0.204285	8.10531e-293	279/5000
/mnt/d/系统发育树项目/Fusang/Fusang-main/real_data/afproject_genome/fish_mito/NC_013663.fasta	/mnt/d/系统发育树项目/Fusang/Fusang-main/real_data/afproject_genome/fish_mito/NC_009063.fasta	0.0906462	0	1131/5000
/mnt/d/系统发育树项目/Fusang/Fusang-main/real_data/afproject_genome/fish_mito/NC_013750.fasta	/mnt/d/系统发育树项目/Fusang/Fusang-main/real_data/afproject_genome/fish_mito/NC_009063.fasta	0.0884564	0	1165/5000
/mnt/d/系统发育树项目/Fusang/Fusang-main/real_data/afproject_genome/fish_mito/NC_018814.fasta	/mnt/d/系统发育树项目/Fusang/Fusang-main/real_data/afproject_genome/fish_mito/NC_009063.fasta	0.0312836	0	2745/5000
/mnt/d/系统发育树项目/Fusang/Fusang-main/real_data/afproject_genome/fish_mito/NC_018815.fasta	/mnt/d/系统发育树项目/Fusang/Fusang-main/real_data/afproject_genome/fish_mito/NC_009063.fasta	0.0347991	0	2587/5000
/mnt/d/系统发育树项目/Fusang/Fusang-main/real_data/afproject_genome/fish_mito/NC_009057.fasta	/mnt/d/系统发育树项目/Fusang/Fusang-main/real_data/afproject_genome/fish_mito/NC_009064.fasta	0.153504	0	509/5000
/mnt/d/系统发育树项目/Fusang/Fusang-main/real_data/afproject_genome/fish_mito/NC_009058.fasta	/mnt/d/系统发育树项目/Fusang/Fusang-main/real_data/afproject_genome/fish_mito/NC_009064.fasta	0.163725	0	450/5000
/mnt/d/系统发育树项目/Fusang/Fusang-main/real_data/afproject_genome/fish_mito/NC_009059.fasta	/mnt/d/系统发育树项目/Fusang/Fusang-main/real_data/afproject_genome/fish_mito/NC_009064.fasta	0.170097	0	417/5000
/mnt/d/系统发育树项目/Fusang/Fusang-main/real_data/afproject_genome/fish_mito/NC_009060.fasta	/mnt/d/系统发育树项目/Fusang/Fusang-main/real_data/afproject_genome/fish_mito/NC_009064.fasta	0.175082	0	393/5000
/mnt/d/系统发育树项目/Fusang/Fusang-main/real_data/afproject_genome/fish_mito/NC_009062.fasta	/mnt/d/系统发育树项目/Fusang/Fusang-main/real_data/afproject_genome/fish_mito/NC_009064.fasta	0.16447	0	446/5000
/mnt/d/系统发育树项目/Fusang/Fusang-main/real_data/afproject_genome/fish_mito/NC_009063.fasta	/mnt/d/系统发育树项目/Fusang/Fusang-main/real_data/afproject_genome/fish_mito/NC_009064.fasta	0.161894	0	460/5000
/mnt/d/系统发育树项目/Fusang/Fusang-main/real_data/afproject_genome/fish_mito/NC_009064.fasta	/mnt/d/系统发育树项目/Fusang/Fusang-main/real_data/afproject_genome/fish_mito/NC_009064.fasta	0	0	5000/5000
/mnt/d/系统发育树项目/Fusang/Fusang-main/real_data/afproject_genome/fish_mito/NC_009065.fasta	/mnt/d/系统发育树项目/Fusang/Fusang-main/real_data/afproject_genome/fish_mito/NC_009064.fasta	0.149557	0	534/5000
/mnt/d/系统发育树项目/Fusang/Fusang-main/real_data/afproject_genome/fish_mito/NC_009066.fasta	/mnt/d/系统发育树项目/Fusang/Fusang-main/real_data/afproject_genome/fish_mito/NC_009064.fasta	0.201852	2.10334e-303	287/5000
/mnt/d/系统发育树项目/Fusang/Fusang-main/real_data/afproject_genome/fish_mito/NC_009067.fasta	/mnt/d/系统发育树项目/Fusang/Fusang-main/real_data/afproject_genome/fish_mito/NC_009064.fasta	0.194142	0	314/5000
/mnt/d/系统发育树项目/Fusang/Fusang-main/real_data/afproject_genome/fish_mito/NC_009459.fasta	/mnt/d/系统发育树项目/Fusang/Fusang-main/real_data/afproject_genome/fish_mito/NC_009064.fasta	0.188108	0	337/5000
/mnt/d/系统发育树项目/Fusang/Fusang-main/real_data/afproject_genome/fish_mito/NC_010205.fasta	/mnt/d/系统发育树项目/Fusang/Fusang-main/real_data/afproject_genome/fish_mito/NC_009064.fasta	0.195793	0	308/5000
/mnt/d/系统发育树项目/Fusang/Fusang-main/real_data/afproject_genome/fish_mito/NC_011168.fasta	/mnt/d/系统发育树项目/Fusang/Fusang-main/real_data/afproject_genome/fish_mito/NC_009064.fasta	0.169296	0	421/5000
/mnt/d/系统发育树项目/Fusang/Fusang-main/real_data/afproject_genome/fish_mito/NC_011169.fasta	/mnt/d/系统发育树项目/Fusang/Fusang-main/real_data/afproject_genome/fish_mito/NC_009064.fasta	0.162804	0	455/5000
/mnt/d/系统发育树项目/Fusang/Fusang-main/real_data/afproject_genome/fish_mito/NC_011170.fasta	/mnt/d/系统发育树项目/Fusang/Fusang-main/real_data/afproject_genome/fish_mito/NC_009064.fasta	0.160459	0	468/5000
/mnt/d/系统发育树项目/Fusang/Fusang-main/real_data/afproject_genome/fish_mito/NC_011171.fasta	/mnt/d/系统发育树项目/Fusang/Fusang-main/real_data/afproject_genome/fish_mito/NC_009064.fasta	0.162987	0	454/5000
/mnt/d/系统发育树项目/Fusang/Fusang-main/real_data/afproject_genome/fish_mito/NC_011177.fasta	/mnt/d/系统发育树项目/Fusang/Fusang-main/real_data/afproject_genome/fish_mito/NC_009064.fasta	0.159051	0	476/5000
/mnt/d/系统发育树项目/Fusang/Fusang-main/real_data/afproject_genome/fish_mito/NC_011179.fasta	/mnt/d/系统发育树项目/Fusang/Fusang-main/real_data/afproject_genome/fish_mito/NC_009064.fasta	0.168701	0	424/5000
/mnt/d/系统发育树项目/Fusang/Fusang-main/real_data/afproject_genome/fish_mito/NC_012055.fasta	/mnt/d/系统发育树项目/Fusang/Fusang-main/real_data/afproject_genome/fish_mito/NC_009064.fasta	0.188108	0	337/5000
/mnt/d/系统发育树项目/Fusang/Fusang-main/real_data/afproject_genome/fish_mito/NC_013564.fasta	/mnt/d/系统发育树项目/Fusang/Fusang-main/real_data/afproject_genome/fish_mito/NC_009064.fasta	0.196072	0	307/5000
/mnt/d/系统发育树项目/Fusang/Fusang-main/real_data/afproject_genome/fish_mito/NC_013577.fasta	/mnt/d/系统发育树项目/Fusang/Fusang-main/real_data/afproject_genome/fish_mito/NC_009064.fasta	0.208398	1.87968e-273	266/5000
/mnt/d/系统发育树项目/Fusang/Fusang-main/real_data/afproject_genome/fish_mito/NC_013663.fasta	/mnt/d/系统发育树项目/Fusang/Fusang-main/real_data/afproject_genome/fish_mito/NC_009064.fasta	0.154155	0	505/5000
/mnt/d/系统发育树项目/Fusang/Fusang-main/real_data/afproject_genome/fish_mito/NC_013750.fasta	/mnt/d/系统发育树项目/Fusang/Fusang-main/real_data/afproject_genome/fish_mito/NC_009064.fasta	0.152059	0	518/5000
/mnt/d/系统发育树项目/Fusang/Fusang-main/real_data/afproject_genome/fish_mito/NC_018814.fasta	/mnt/d/系统发育树项目/Fusang/Fusang-main/real_data/afproject_genome/fish_mito/NC_009064.fasta	0.159928	0	471/5000
/mnt/d/系统发育树项目/Fusang/Fusang-main/real_data/afproject_genome/fish_mito/NC_018815.fasta	/mnt/d/系统发育树项目/Fusang/Fusang-main/real_data/afproject_genome/fish_mito/NC_009064.fasta	0.156817	0	489/5000
/mnt/d/系统发育树项目/Fusang/Fusang-main/real_data/afproject_genome/fish_mito/NC_009057.fasta	/mnt/d/系统发育树项目/Fusang/Fusang-main/real_data/afproject_genome/fish_mito/NC_009065.fasta	0.1705	0	415/5000
/mnt/d/系统发育树项目/Fusang/Fusang-main/real_data/afproject_genome/fish_mito/NC_009058.fasta	/mnt/d/系统发育树项目/Fusang/Fusang-main/real_data/afproject_genome/fish_mito/NC_009065.fasta	0.186606	0	343/5000
/mnt/d/系统发育树项目/Fusang/Fusang-main/real_data/afproject_genome/fish_mito/NC_009059.fasta	/mnt/d/系统发育树项目/Fusang/Fusang-main/real_data/afproject_genome/fish_mito/NC_009065.fasta	0.182027	0	362/5000
/mnt/d/系统发育树项目/Fusang/Fusang-main/real_data/afproject_genome/fish_mito/NC_009060.fasta	/mnt/d/系统发育树项目/Fusang/Fusang-main/real_data/afproject_genome/fish_mito/NC_009065.fasta	0.185131	0	349/5000
/mnt/d/系统发育树项目/Fusang/Fusang-main/real_data/afproject_genome/fish_mito/NC_009062.fasta	/mnt/d/系统发育树项目/Fusang/Fusang-main/real_data/afproject_genome/fish_mito/NC_009065.fasta	0.184646	0	351/5000
/mnt/d/系统发育树项目/Fusang/Fusang-main/real_data/afproject_genome/fish_mito/NC_009063.fasta	/mnt/d/系统发育树项目/Fusang/Fusang-main/real_data/afproject_genome/fish_mito/NC_009065.fasta	0.17972	0	372/5000
/mnt/d/系统发育树项目/Fusang/Fusang-main/real_data/afproject_genome/fish_mito/NC_009064.fasta	/mnt/d/系统发育树项目/Fusang/Fusang-main/real_data/afproject_genome/fish_mito/NC_009065.fasta	0.149557	0	534/5000
/mnt/d/系统发育树项目/Fusang/Fusang-main/real_data/afproject_genome/fish_mito/NC_009065.fasta	/mnt/d/系统发育树项目/Fusang/Fusang-main/real_data/afproject_genome/fish_mito/NC_009065.fasta	0	0	5000/5000
/mnt/d/系统发育树项目/Fusang/Fusang-main/real_data/afproject_genome/fish_mito/NC_009066.fasta	/mnt/d/系统发育树项目/Fusang/Fusang-main/real_data/afproject_genome/fish_mito/NC_009065.fasta	0.204904	7.426e-289	277/5000
/mnt/d/系统发育树项目/Fusang/Fusang-main/real_data/afproject_genome/fish_mito/NC_009067.fasta	/mnt/d/系统发育树项目/Fusang/Fusang-main/real_data/afproject_genome/fish_mito/NC_009065.fasta	0.201852	1.6383e-305	287/5000
/mnt/d/系统发育树项目/Fusang/Fusang-main/real_data/afproject_genome/fish_mito/NC_009459.fasta	/mnt/d/系统发育树项目/Fusang/Fusang-main/real_data/afproject_genome/fish_mito/NC_009065.fasta	0.200663	9.69802e-312	291/5000
/mnt/d/系统发育树项目/Fusang/Fusang-main/real_data/afproject_genome/fish_mito/NC_010205.fasta	/mnt/d/系统发育树项目/Fusang/Fusang-main/real_data/afproject_genome/fish_mito/NC_009065.fasta	0.206792	6.32243e-281	271/5000
/mnt/d/系统发育树项目/Fusang/Fusang-main/real_data/afproject_genome/fish_mito/NC_011168.fasta	/mnt/d/系统发育树项目/Fusang/Fusang-main/real_data/afproject_genome/fish_mito/NC_009065.fasta	0.182733	0	359/5000
/mnt/d/系统发育树项目/Fusang/Fusang-main/real_data/afproject_genome/fish_mito/NC_011169.fasta	/mnt/d/系统发育树项目/Fusang/Fusang-main/real_data/afproject_genome/fish_mito/NC_009065.fasta	0.180865	0	367/5000
/mnt/d/系统发育树项目/Fusang/Fusang-main/real_data/afproject_genome/fish_mito/NC_011170.fasta	/mnt/d/系统发育树项目/Fusang/Fusang-main/real_data/afproject_genome/fish_mito/NC_009065.fasta	0.179266	0	374/5000
/mnt/d/系统发育树项目/Fusang/Fusang-main/real_data/afproject_genome/fish_mito/NC_011171.fasta	/mnt/d/系统发育树项目/Fusang/Fusang-main/real_data/afproject_genome/fish_mito/NC_009065.fasta	0.181794	0	363/5000
/mnt/d/系统发育树项目/Fusang/Fusang-main/real_data/afproject_genome/fish_mito/NC_011177.fasta	/mnt/d/系统发育树项目/Fusang/Fusang-main/real_data/afproject_genome/fish_mito/NC_009065.fasta	0.173595	0	400/5000
/mnt/d/系统发育树项目/Fusang/Fusang-main/real_data/afproject_genome/fish_mito/NC_011179.fasta	/mnt/d/系统发育树项目/Fusang/Fusang-main/real_data/afproject_genome/fish_mito/NC_009065.fasta	0.182733	0	359/5000
/mnt/d/系统发育树项目/Fusang/Fusang-main/real_data/afproject_genome/fish_mito/NC_012055.fasta	/mnt/d/系统发育树项目/Fusang/Fusang-main/real_data/afproject_genome/fish_mito/NC_009065.fasta	0.200368	5.49096e-313	292/5000
/mnt/d/系统发育树项目/Fusang/Fusang-main/real_data/afproject_genome/fish_mito/NC_013564.fasta	/mnt/d/系统发育树项目/Fusang/Fusang-main/real_data/afproject_genome/fish_mito/NC_009065.fasta	0.194142	0	314/5000
/mnt/d/系统发育树项目/Fusang/Fusang-main/real_data/afproject_genome/fish_mito/NC_013577.fasta	/mnt/d/系统发育树项目/Fusang/Fusang-main/real_data/afproject_genome/fish_mito/NC_009065.fasta	0.216222	9.88561e-241	243/5000
/mnt/d/系统发育树项目/Fusang/Fusang-main/real_data/afproject_genome/fish_mito/NC_013663.fasta	/mnt/d/系统发育树项目/Fusang/Fusang-main/real_data/afproject_genome/fish_mito/NC_009065.fasta	0.177036	0	384/5000
/mnt/d/系统发育树项目/Fusang/Fusang-main/real_data/afproject_genome/fish_mito/NC_013750.fasta	/mnt/d/系统发育树项目/Fusang/Fusang-main/real_data/afproject_genome/fish_mito/NC_009065.fasta	0.169495	0	420/5000
/mnt/d/系统发育树项目/Fusang/Fusang-main/real_data/afproject_genome/fish_mito/NC_018814.fasta	/mnt/d/系统发育树项目/Fusang/Fusang-main/real_data/afproject_genome/fish_mito/NC_009065.fasta	0.176817	0	385/5000
/mnt/d/系统发育树项目/Fusang/Fusang-main/real_data/afproject_genome/fish_mito/NC_018815.fasta	/mnt/d/系统发育树项目/Fusang/Fusang-main/real_data/afproject_genome/fish_mito/NC_009065.fasta	0.179492	0	373/5000
/mnt/d/系统发育树项目/Fusang/Fusang-main/real_data/afproject_genome/fish_mito/NC_009057.fasta	/mnt/d/系统发育树项目/Fusang/Fusang-main/real_data/afproject_genome/fish_mito/NC_009066.fasta	0.1992	4.28198e-317	296/5000
/mnt/d/系统发育树项目/Fusang/Fusang-main/real_data/afproject_genome/fish_mito/NC_009058.fasta	/mnt/d/系统发育树项目/Fusang/Fusang-main/real_data/afproject_genome/fish_mito/NC_009066.fasta	0.216579	7.71599e-239	242/5000
/mnt/d/系统发育树项目/Fusang/Fusang-main/real_data/afproject_genome/fish_mito/NC_009059.fasta	/mnt/d/系统发育树项目/Fusang/Fusang-main/real_data/afproject_genome/fish_mito/NC_009066.fasta	0.207111	4.93986e-279	270/5000
/mnt/d/系统发育树项目/Fusang/Fusang-main/real_data/afproject_genome/fish_mito/NC_009060.fasta	/mnt/d/系统发育树项目/Fusang/Fusang-main/real_data/afproject_genome/fish_mito/NC_009066.fasta	0.202454	6.41975e-301	285/5000
/mnt/d/系统发育树项目/Fusang/Fusang-main/real_data/afproject_genome/fish_mito/NC_009062.fasta	/mnt/d/系统发育树项目/Fusang/Fusang-main/real_data/afproject_genome/fish_mito/NC_009066.fasta	0.195793	0	308/5000
/mnt/d/系统发育树项目/Fusang/Fusang-main/real_data/afproject_genome/fish_mito/NC_009063.fasta	/mnt/d/系统发育树项目/Fusang/Fusang-main/real_data/afproject_genome/fish_mito/NC_009066.fasta	0.205843	1.21349e-284	274/5000
/mnt/d/系统发育树项目/Fusang/Fusang-main/real_data/afproject_genome/fish_mito/NC_009064.fasta	/mnt/d/系统发育树项目/Fusang/Fusang-main/real_data/afproject_genome/fish_mito/NC_009066.fasta	0.201852	2.10334e-303	287/5000
/mnt/d/系统发育树项目/Fusang/Fusang-main/real_data/afproject_genome/fish_mito/NC_009065.fasta	/mnt/d/系统发育树项目/Fusang/Fusang-main/real_data/afproject_genome/fish_mito/NC_009066.fasta	0.204904	7.426e-289	277/5000
/mnt/d/系统发育树项目/Fusang/Fusang-main/real_data/afproject_genome/fish_mito/NC_009066.fasta	/mnt/d/系统发育树项目/Fusang/Fusang-main/real_data/afproject_genome/fish_mito/NC_009066.fasta	0	0	5000/5000
/mnt/d/系统发育树项目/Fusang/Fusang-main/real_data/afproject_genome/fish_mito/NC_009067.fasta	/mnt/d/系统发育树项目/Fusang/Fusang-main/real_data/afproject_genome/fish_mito/NC_009066.fasta	0.200959	1.42629e-308	290/5000
/mnt/d/系统发育树项目/Fusang/Fusang-main/real_data/afproject_genome/fish_mito/NC_009459.fasta	/mnt/d/系统发育树项目/Fusang/Fusang-main/real_data/afproject_genome/fish_mito/NC_009066.fasta	0.191463	0	324/5000
/mnt/d/系统发育树项目/Fusang/Fusang-main/real_data/afproject_genome/fish_mito/NC_010205.fasta	/mnt/d/系统发育树项目/Fusang/Fusang-main/real_data/afproject_genome/fish_mito/NC_009066.fasta	0.207111	3.84339e-278	270/5000
/mnt/d/系统发育树项目/Fusang/Fusang-main/real_data/afproject_genome/fish_mito/NC_011168.fasta	/mnt/d/系统发育树项目/Fusang/Fusang-main/real_data/afproject_genome/fish_mito/NC_009066.fasta	0.208724	9.77712e-272	265/5000
/mnt/d/系统发育树项目/Fusang/Fusang-main/real_data/afproject_genome/fish_mito/NC_011169.fasta	/mnt/d/系统发育树项目/Fusang/Fusang-main/real_data/afproject_genome/fish_mito/NC_009066.fasta	0.200075	7.13002e-313	293/5000
/mnt/d/系统发育树项目/Fusang/Fusang-main/real_data/afproject_genome/fish_mito/NC_011170.fasta	/mnt/d/系统发育树项目/Fusang/Fusang-main/real_data/afproject_genome/fish_mito/NC_009066.fasta	0.194963	0	311/5000
/mnt/d/系统发育树项目/Fusang/Fusang-main/real_data/afproject_genome/fish_mito/NC_011171.fasta	/mnt/d/系统发育树项目/Fusang/Fusang-main/real_data/afproject_genome/fish_mito/NC_009066.fasta	0.206792	5.60093e-279	271/5000
/mnt/d/系统发育树项目/Fusang/Fusang-main/real_data/afproject_genome/fish_mito/NC_011177.fasta	/mnt/d/系统发育树项目/Fusang/Fusang-main/real_data/afproject_genome/fish_mito/NC_009066.fasta	0.210369	1.0273e-264	260/5000
/mnt/d/系统发育树项目/Fusang/Fusang-main/real_data/afproject_genome/fish_mito/NC_011179.fasta	/mnt/d/系统发育树项目/Fusang/Fusang-main/real_data/afproject_genome/fish_mito/NC_009066.fasta	0.194415	0	313/5000
/mnt/d/系统发育树项目/Fusang/Fusang-main/real_data/afproject_genome/fish_mito/NC_012055.fasta	/mnt/d/系统发育树项目/Fusang/Fusang-main/real_data/afproject_genome/fish_mito/NC_009066.fasta	0.1992	1.52387e-317	296/5000
/mnt/d/系统发育树项目/Fusang/Fusang-main/real_data/afproject_genome/fish_mito/NC_013564.fasta	/mnt/d/系统发育树项目/Fusang/Fusang-main/real_data/afproject_genome/fish_mito/NC_009066.fasta	0.214457	4.98266e-247	248/5000
/mnt/d/系统发育树项目/Fusang/Fusang-main/real_data/afproject_genome/fish_mito/NC_013577.fasta	/mnt/d/系统发育树项目/Fusang/Fusang-main/real_data/afproject_genome/fish_mito/NC_009066.fasta	0.226864	5.55875e-201	215/5000
/mnt/d/系统发育树项目/Fusang/Fusang-main/real_data/afproject_genome/fish_mito/NC_013663.fasta	/mnt/d/系统发育树项目/Fusang/Fusang-main/real_data/afproject_genome/fish_mito/NC_009066.fasta	0.199491	1.35434e-315	295/5000
/mnt/d/系统发育树项目/Fusang/Fusang-main/real_data/afproject_genome/fish_mito/NC_013750.fasta	/mnt/d/系统发育树项目/Fusang/Fusang-main/real_data/afproject_genome/fish_mito/NC_009066.fasta	0.1992	4.3572e-317	296/5000
/mnt/d/系统发育树项目/Fusang/Fusang-main/real_data/afproject_genome/fish_mito/NC_018814.fasta	/mnt/d/系统发育树项目/Fusang/Fusang-main/real_data/afproject_genome/fish_mito/NC_009066.fasta	0.197763	0	301/5000
/mnt/d/系统发育树项目/Fusang/Fusang-main/real_data/afproject_genome/fish_mito/NC_018815.fasta	/mnt/d/系统发育树项目/Fusang/Fusang-main/real_data/afproject_genome/fish_mito/NC_009066.fasta	0.196351	0	306/5000
/mnt/d/系统发育树项目/Fusang/Fusang-main/real_data/afproject_genome/fish_mito/NC_009057.fasta	/mnt/d/系统发育树项目/Fusang/Fusang-main/real_data/afproject_genome/fish_mito/NC_009067.fasta	0.192257	0	321/5000
/mnt/d/系统发育树项目/Fusang/Fusang-main/real_data/afproject_genome/fish_mito/NC_009058.fasta	/mnt/d/系统发育树项目/Fusang/Fusang-main/real_data/afproject_genome/fish_mito/NC_009067.fasta	0.192524	0	320/5000
/mnt/d/系统发育树项目/Fusang/Fusang-main/real_data/afproject_genome/fish_mito/NC_009059.fasta	/mnt/d/系统发育树项目/Fusang/Fusang-main/real_data/afproject_genome/fish_mito/NC_009067.fasta	0.198335	4.94066e-324	299/5000
/mnt/d/系统发育树项目/Fusang/Fusang-main/real_data/afproject_genome/fish_mito/NC_009060.fasta	/mnt/d/系统发育树项目/Fusang/Fusang-main/real_data/afproject_genome/fish_mito/NC_009067.fasta	0.206158	4.39975e-285	273/5000
/mnt/d/系统发育树项目/Fusang/Fusang-main/real_data/afproject_genome/fish_mito/NC_009062.fasta	/mnt/d/系统发育树项目/Fusang/Fusang-main/real_data/afproject_genome/fish_mito/NC_009067.fasta	0.196072	0	307/5000
/mnt/d/系统发育树项目/Fusang/Fusang-main/real_data/afproject_genome/fish_mito/NC_009063.fasta	/mnt/d/系统发育树项目/Fusang/Fusang-main/real_data/afproject_genome/fish_mito/NC_009067.fasta	0.195793	0	308/5000
/mnt/d/系统发育树项目/Fusang/Fusang-main/real_data/afproject_genome/fish_mito/NC_009064.fasta	/mnt/d/系统发育树项目/Fusang/Fusang-main/real_data/afproject_genome/fish_mito/NC_009067.fasta	0.194142	0	314/5000
/mnt/d/系统发育树项目/Fusang/Fusang-main/real_data/afproject_genome/fish_mito/NC_009065.fasta	/mnt/d/系统发育树项目/Fusang/Fusang-main/real_data/afproject_genome/fish_mito/NC_009067.fasta	0.201852	1.6383e-305	287/5000
/mnt/d/系统发育树项目/Fusang/Fusang-main/real_data/afproject_genome/fish_mito/NC_009066.fasta	/mnt/d/系统发育树项目/Fusang/Fusang-main/real_data/afproject_genome/fish_mito/NC_009067.fasta	0.200959	1.42629e-308	290/5000
/mnt/d/系统发育树项目/Fusang/Fusang-main/real_data/afproject_genome/fish_mito/NC_009067.fasta	/mnt/d/系统发育树项目/Fusang/Fusang-main/real_data/afproject_genome/fish_mito/NC_009067.fasta	0	0	5000/5000
/mnt/d/系统发育树项目/Fusang/Fusang-main/real_data/afproject_genome/fish_mito/NC_009459.fasta	/mnt/d/系统发育树项目/Fusang/Fusang-main/real_data/afproject_genome/fish_mito/NC_009067.fasta	0.188361	0	336/5000
/mnt/d/系统发育树项目/Fusang/Fusang-main/real_data/afproject_genome/fish_mito/NC_010205.fasta	/mnt/d/系统发育树项目/Fusang/Fusang-main/real_data/afproject_genome/fish_mito/NC_009067.fasta	0.200663	5.8367e-311	291/5000
/mnt/d/系统发育树项目/Fusang/Fusang-main/real_data/afproject_genome/fish_mito/NC_011168.fasta	/mnt/d/系统发育树项目/Fusang/Fusang-main/real_data/afproject_genome/fish_mito/NC_009067.fasta	0.1912	0	325/5000
/mnt/d/系统发育树项目/Fusang/Fusang-main/real_data/afproject_genome/fish_mito/NC_011169.fasta	/mnt/d/系统发育树项目/Fusang/Fusang-main/real_data/afproject_genome/fish_mito/NC_009067.fasta	0.1992	2.49879e-319	296/5000
/mnt/d/系统发育树项目/Fusang/Fusang-main/real_data/afproject_genome/fish_mito/NC_011170.fasta	/mnt/d/系统发育树项目/Fusang/Fusang-main/real_data/afproject_genome/fish_mito/NC_009067.fasta	0.200959	2.24487e-310	290/5000
/mnt/d/系统发育树项目/Fusang/Fusang-main/real_data/afproject_genome/fish_mito/NC_011171.fasta	/mnt/d/系统发育树项目/Fusang/Fusang-main/real_data/afproject_genome/fish_mito/NC_009067.fasta	0.206474	2.95333e-282	272/5000
/mnt/d/系统发育树项目/Fusang/Fusang-main/real_data/afproject_genome/fish_mito/NC_011177.fasta	/mnt/d/系统发育树项目/Fusang/Fusang-main/real_data/afproject_genome/fish_mito/NC_009067.fasta	0.202454	4.01065e-303	285/5000
/mnt/d/系统发育树项目/Fusang/Fusang-main/real_data/afproject_genome/fish_mito/NC_011179.fasta	/mnt/d/系统发育树项目/Fusang/Fusang-main/real_data/afproject_genome/fish_mito/NC_009067.fasta	0.198911	3.29542e-321	297/5000
/mnt/d/系统发育树项目/Fusang/Fusang-main/real_data/afproject_genome/fish_mito/NC_012055.fasta	/mnt/d/系统发育树项目/Fusang/Fusang-main/real_data/afproject_genome/fish_mito/NC_009067.fasta	0.0845334	0	1229/5000
/mnt/d/系统发育树项目/Fusang/Fusang-main/real_data/afproject_genome/fish_mito/NC_013564.fasta	/mnt/d/系统发育树项目/Fusang/Fusang-main/real_data/afproject_genome/fish_mito/NC_009067.fasta	0.219497	6.10952e-229	234/5000
/mnt/d/系统发育树项目/Fusang/Fusang-main/real_data/afproject_genome/fish_mito/NC_013577.fasta	/mnt/d/系统发育树项目/Fusang/Fusang-main/real_data/afproject_genome/fish_mito/NC_009067.fasta	0.216222	3.69685e-241	243/5000
/mnt/d/系统发育树项目/Fusang/Fusang-main/real_data/afproject_genome/fish_mito/NC_013663.fasta	/mnt/d/系统发育树项目/Fusang/Fusang-main/real_data/afproject_genome/fish_mito/NC_009067.fasta	0.188615	0	335/5000
/mnt/d/系统发育树项目/Fusang/Fusang-main/real_data/afproject_genome/fish_mito/NC_013750.fasta	/mnt/d/系统发育树项目/Fusang/Fusang-main/real_data/afproject_genome/fish_mito/NC_009067.fasta	0.186854	0	342/5000
/mnt/d/系统发育树项目/Fusang/Fusang-main/real_data/afproject_genome/fish_mito/NC_018814.fasta	/mnt/d/系统发育树项目/Fusang/Fusang-main/real_data/afproject_genome/fish_mito/NC_009067.fasta	0.193059	0	318/5000
/mnt/d/系统发育树项目/Fusang/Fusang-main/real_data/afproject_genome/fish_mito/NC_018815.fasta	/mnt/d/系统发育树项目/Fusang/Fusang-main/real_data/afproject_genome/fish_mito/NC_009067.fasta	0.193059	0	318/5000
/mnt/d/系统发育树项目/Fusang/Fusang-main/real_data/afproject_genome/fish_mito/NC_009057.fasta	/mnt/d/系统发育树项目/Fusang/Fusang-main/real_data/afproject_genome/fish_mito/NC_009459.fasta	0.186854	0	342/5000
/mnt/d/系统发育树项目/Fusang/Fusang-main/real_data/afproject_genome/fish_mito/NC_009058.fasta	/mnt/d/系统发育树项目/Fusang/Fusang-main/real_data/afproject_genome/fish_mito/NC_009459.fasta	0.194415	0	313/5000
/mnt/d/系统发育树项目/Fusang/Fusang-main/real_data/afproject_genome/fish_mito/NC_009059.fasta	/mnt/d/系统发育树项目/Fusang/Fusang-main/real_data/afproject_genome/fish_mito/NC_009459.fasta	0.205843	6.30046e-287	274/5000
/mnt/d/系统发育树项目/Fusang/Fusang-main/real_data/afproject_genome/fish_mito/NC_009060.fasta	/mnt/d/系统发育树项目/Fusang/Fusang-main/real_data/afproject_genome/fish_mito/NC_009459.fasta	0.209378	1.0062e-270	263/5000
/mnt/d/系统发育树项目/Fusang/Fusang-main/real_data/afproject_genome/fish_mito/NC_009062.fasta	/mnt/d/系统发育树项目/Fusang/Fusang-main/real_data/afproject_genome/fish_mito/NC_009459.fasta	0.194415	0	313/5000
/mnt/d/系统发育树项目/Fusang/Fusang-main/real_data/afproject_genome/fish_mito/NC_009063.fasta	/mnt/d/系统发育树项目/Fusang/Fusang-main/real_data/afproject_genome/fish_mito/NC_009459.fasta	0.191991	0	322/5000
/mnt/d/系统发育树项目/Fusang/Fusang-main/real_data/afproject_genome/fish_mito/NC_009064.fasta	/mnt/d/系统发育树项目/Fusang/Fusang-main/real_data/afproject_genome/fish_mito/NC_009459.fasta	0.188108	0	337/5000
/mnt/d/系统发育树项目/Fusang/Fusang-main/real_data/afproject_genome/fish_mito/NC_009065.fasta	/mnt/d/系统发育树项目/Fusang/Fusang-main/real_data/afproject_genome/fish_mito/NC_009459.fasta	0.200663	9.69802e-312	291/5000
/mnt/d/系统发育树项目/Fusang/Fusang-main/real_data/afproject_genome/fish_mito/NC_009066.fasta	/mnt/d/系统发育树项目/Fusang/Fusang-main/real_data/afproject_genome/fish_mito/NC_009459.fasta	0.191463	0	324/5000
/mnt/d/系统发育树项目/Fusang/Fusang-main/real_data/afproject_genome/fish_mito/NC_009067.fasta	/mnt/d/系统发育树项目/Fusang/Fusang-main/real_data/afproject_genome/fish_mito/NC_009459.fasta	0.188361	0	336/5000
/mnt/d/系统发育树项目/Fusang/Fusang-main/real_data/afproject_genome/fish_mito/NC_009459.fasta	/mnt/d/系统发育树项目/Fusang/Fusang-main/real_data/afproject_genome/fish_mito/NC_009459.fasta	0	0	5000/5000
/mnt/d/系统发育树项目/Fusang/Fusang-main/real_data/afproject_genome/fish_mito/NC_010205.fasta	/mnt/d/系统发育树项目/Fusang/Fusang-main/real_data/afproject_genome/fish_mito/NC_009459.fasta	0.1992	1.03247e-318	296/5000
/mnt/d/系统发育树项目/Fusang/Fusang-main/real_data/afproject_genome/fish_mito/NC_011168.fasta	/mnt/d/系统发育树项目/Fusang/Fusang-main/real_data/afproject_genome/fish_mito/NC_009459.fasta	0.192524	0	320/5000
/mnt/d/系统发育树项目/Fusang/Fusang-main/real_data/afproject_genome/fish_mito/NC_011169.fasta	/mnt/d/系统发育树项目/Fusang/Fusang-main/real_data/afproject_genome/fish_mito/NC_009459.fasta	0.20367	3.51578e-297	281/5000
/mnt/d/系统发育树项目/Fusang/Fusang-main/real_data/afproject_genome/fish_mito/NC_011170.fasta	/mnt/d/系统发育树项目/Fusang/Fusang-main/real_data/afproject_genome/fish_mito/NC_009459.fasta	0.197479	0	302/5000
/mnt/d/系统发育树项目/Fusang/Fusang-main/real_data/afproject_genome/fish_mito/NC_011171.fasta	/mnt/d/系统发育树项目/Fusang/Fusang-main/real_data/afproject_genome/fish_mito/NC_009459.fasta	0.205843	2.00401e-285	274/5000
/mnt/d/系统发育树项目/Fusang/Fusang-main/real_data/afproject_genome/fish_mito/NC_011177.fasta	/mnt/d/系统发育树项目/Fusang/Fusang-main/real_data/afproject_genome/fish_mito/NC_009459.fasta	0.202756	6.9395e-302	284/5000
/mnt/d/系统发育树项目/Fusang/Fusang-main/real_data/afproject_genome/fish_mito/NC_011179.fasta	/mnt/d/系统发育树项目/Fusang/Fusang-main/real_data/afproject_genome/fish_mito/NC_009459.fasta	0.190415	0	328/5000
/mnt/d/系统发育树项目/Fusang/Fusang-main/real_data/afproject_genome/fish_mito/NC_012055.fasta	/mnt/d/系统发育树项目/Fusang/Fusang-main/real_data/afproject_genome/fish_mito/NC_009459.fasta	0.186358	0	344/5000
/mnt/d/系统发育树项目/Fusang/Fusang-main/real_data/afproject_genome/fish_mito/NC_013564.fasta	/mnt/d/系统发育树项目/Fusang/Fusang-main/real_data/afproject_genome/fish_mito/NC_009459.fasta	0.215866	3.27765e-243	244/5000
/mnt/d/系统发育树项目/Fusang/Fusang-main/real_data/afproject_genome/fish_mito/NC_013577.fasta	/mnt/d/系统发育树项目/Fusang/Fusang-main/real_data/afproject_genome/fish_mito/NC_009459.fasta	0.220242	5.94563e-226	232/5000
/mnt/d/系统发育树项目/Fusang/Fusang-main/real_data/afproject_genome/fish_mito/NC_013663.fasta	/mnt/d/系统发育树项目/Fusang/Fusang-main/real_data/afproject_genome/fish_mito/NC_009459.fasta	0.186358	0	344/5000
/mnt/d/系统发育树项目/Fusang/Fusang-main/real_data/afproject_genome/fish_mito/NC_013750.fasta	/mnt/d/系统发育树项目/Fusang/Fusang-main/real_data/afproject_genome/fish_mito/NC_009459.fasta	0.190937	0	326/5000
/mnt/d/系统发育树项目/Fusang/Fusang-main/real_data/afproject_genome/fish_mito/NC_018814.fasta	/mnt/d/系统发育树项目/Fusang/Fusang-main/real_data/afproject_genome/fish_mito/NC_009459.fasta	0.191463	0	324/5000
/mnt/d/系统发育树项目/Fusang/Fusang-main/real_data/afproject_genome/fish_mito/NC_018815.fasta	/mnt/d/系统发育树项目/Fusang/Fusang-main/real_data/afproject_genome/fish_mito/NC_009459.fasta	0.191991	0	322/5000
/mnt/d/系统发育树项目/Fusang/Fusang-main/real_data/afproject_genome/fish_mito/NC_009057.fasta	/mnt/d/系统发育树项目/Fusang/Fusang-main/real_data/afproject_genome/fish_mito/NC_010205.fasta	0.198335	1.63042e-322	299/5000
/mnt/d/系统发育树项目/Fusang/Fusang-main/real_data/afproject_genome/fish_mito/NC_009058.fasta	/mnt/d/系统发育树项目/Fusang/Fusang-main/real_data/afproject_genome/fish_mito/NC_010205.fasta	0.208724	1.81406e-272	265/5000
/mnt/d/系统发育树项目/Fusang/Fusang-main/real_data/afproject_genome/fish_mito/NC_009059.fasta	/mnt/d/系统发育树项目/Fusang/Fusang-main/real_data/afproject_genome/fish_mito/NC_010205.fasta	0.203977	1.53275e-294	280/5000
/mnt/d/系统发育树项目/Fusang/Fusang-main/real_data/afproject_genome/fish_mito/NC_009060.fasta	/mnt/d/系统发育树项目/Fusang/Fusang-main/real_data/afproject_genome/fish_mito/NC_010205.fasta	0.214807	1.22062e-246	247/5000
/mnt/d/系统发育树项目/Fusang/Fusang-main/real_data/afproject_genome/fish_mito/NC_009062.fasta	/mnt/d/系统发育树项目/Fusang/Fusang-main/real_data/afproject_genome/fish_mito/NC_010205.fasta	0.197195	0	303/5000
/mnt/d/系统发育树项目/Fusang/Fusang-main/real_data/afproject_genome/fish_mito/NC_009063.fasta	/mnt/d/系统发育树项目/Fusang/Fusang-main/real_data/afproject_genome/fish_mito/NC_010205.fasta	0.202454	1.0502e-301	285/5000
/mnt/d/系统发育树项目/Fusang/Fusang-main/real_data/afproject_genome/fish_mito/NC_009064.fasta	/mnt/d/系统发育树项目/Fusang/Fusang-main/real_data/afproject_genome/fish_mito/NC_010205.fasta	0.195793	0	308/5000
/mnt/d/系统发育树项目/Fusang/Fusang-main/real_data/afproject_genome/fish_mito/NC_009065.fasta	/mnt/d/系统发育树项目/Fusang/Fusang-main/real_data/afproject_genome/fish_mito/NC_010205.fasta	0.206792	6.32243e-281	271/5000
/mnt/d/系统发育树项目/Fusang/Fusang-main/real_data/afproject_genome/fish_mito/NC_009066.fasta	/mnt/d/系统发育树项目/Fusang/Fusang-main/real_data/afproject_genome/fish_mito/NC_010205.fasta	0.207111	3.84339e-278	270/5000
/mnt/d/系统发育树项目/Fusang/Fusang-main/real_data/afproject_genome/fish_mito/NC_009067.fasta	/mnt/d/系统发育树项目/Fusang/Fusang-main/real_data/afproject_genome/fish_mito/NC_010205.fasta	0.200663	5.8367e-311	291/5000
/mnt/d/系统发育树项目/Fusang/Fusang-main/real_data/afproject_genome/fish_mito/NC_009459.fasta	/mnt/d/系统发育树项目/Fusang/Fusang-main/real_data/afproject_genome/fish_mito/NC_010205.fasta	0.1992	1.03247e-318	296/5000
/mnt/d/系统发育树项目/Fusang/Fusang-main/real_data/afproject_genome/fish_mito/NC_010205.fasta	/mnt/d/系统发育树项目/Fusang/Fusang-main/real_data/afproject_genome/fish_mito/NC_010205.fasta	0	0	5000/5000
/mnt/d/系统发育树项目/Fusang/Fusang-main/real_data/afproject_genome/fish_mito/NC_011168.fasta	/mnt/d/系统发育树项目/Fusang/Fusang-main/real_data/afproject_genome/fish_mito/NC_010205.fasta	0.205843	1.12197e-285	274/5000
/mnt/d/系统发育树项目/Fusang/Fusang-main/real_data/afproject_genome/fish_mito/NC_011169.fasta	/mnt/d/系统发育树项目/Fusang/Fusang-main/real_data/afproject_genome/fish_mito/NC_010205.fasta	0.196351	0	306/5000
/mnt/d/系统发育树项目/Fusang/Fusang-main/real_data/afproject_genome/fish_mito/NC_011170.fasta	/mnt/d/系统发育树项目/Fusang/Fusang-main/real_data/afproject_genome/fish_mito/NC_010205.fasta	0.198335	7.90505e-323	299/5000
/mnt/d/系统发育树项目/Fusang/Fusang-main/real_data/afproject_genome/fish_mito/NC_011171.fasta	/mnt/d/系统发育树项目/Fusang/Fusang-main/real_data/afproject_genome/fish_mito/NC_010205.fasta	0.201256	2.75574e-306	289/5000
/mnt/d/系统发育树项目/Fusang/Fusang-main/real_data/afproject_genome/fish_mito/NC_011177.fasta	/mnt/d/系统发育树项目/Fusang/Fusang-main/real_data/afproject_genome/fish_mito/NC_010205.fasta	0.205529	2.39544e-287	275/5000
/mnt/d/系统发育树项目/Fusang/Fusang-main/real_data/afproject_genome/fish_mito/NC_011179.fasta	/mnt/d/系统发育树项目/Fusang/Fusang-main/real_data/afproject_genome/fish_mito/NC_010205.fasta	0.199782	1.19369e-315	294/5000
/mnt/d/系统发育树项目/Fusang/Fusang-main/real_data/afproject_genome/fish_mito/NC_012055.fasta	/mnt/d/系统发育树项目/Fusang/Fusang-main/real_data/afproject_genome/fish_mito/NC_010205.fasta	0.155808	0	495/5000
/mnt/d/系统发育树项目/Fusang/Fusang-main/real_data/afproject_genome/fish_mito/NC_013564.fasta	/mnt/d/系统发育树项目/Fusang/Fusang-main/real_data/afproject_genome/fish_mito/NC_010205.fasta	0.226864	5.10667e-202	215/5000
/mnt/d/系统发育树项目/Fusang/Fusang-main/real_data/afproject_genome/fish_mito/NC_013577.fasta	/mnt/d/系统发育树项目/Fusang/Fusang-main/real_data/afproject_genome/fish_mito/NC_010205.fasta	0.223683	1.58761e-212	223/5000
/mnt/d/系统发育树项目/Fusang/Fusang-main/real_data/afproject_genome/fish_mito/NC_013663.fasta	/mnt/d/系统发育树项目/Fusang/Fusang-main/real_data/afproject_genome/fish_mito/NC_010205.fasta	0.198911	1.64889e-319	297/5000
/mnt/d/系统发育树项目/Fusang/Fusang-main/real_data/afproject_genome/fish_mito/NC_013750.fasta	/mnt/d/系统发育树项目/Fusang/Fusang-main/real_data/afproject_genome/fish_mito/NC_010205.fasta	0.194963	0	311/5000
/mnt/d/系统发育树项目/Fusang/Fusang-main/real_data/afproject_genome/fish_mito/NC_018814.fasta	/mnt/d/系统发育树项目/Fusang/Fusang-main/real_data/afproject_genome/fish_mito/NC_010205.fasta	0.200959	3.53306e-309	290/5000
/mnt/d/系统发育树项目/Fusang/Fusang-main/real_data/afproject_genome/fish_mito/NC_018815.fasta	/mnt/d/系统发育树项目/Fusang/Fusang-main/real_data/afproject_genome/fish_mito/NC_010205.fasta	0.1992	3.79396e-318	296/5000
/mnt/d/系统发育树项目/Fusang/Fusang-main/real_data/afproject_genome/fish_mito/NC_009057.fasta	/mnt/d/系统发育树项目/Fusang/Fusang-main/real_data/afproject_genome/fish_mito/NC_011168.fasta	0.151426	0	522/5000
/mnt/d/系统发育树项目/Fusang/Fusang-main/real_data/afproject_genome/fish_mito/NC_009058.fasta	/mnt/d/系统发育树项目/Fusang/Fusang-main/real_data/afproject_genome/fish_mito/NC_011168.fasta	0.143503	0	575/5000
/mnt/d/系统发育树项目/Fusang/Fusang-main/real_data/afproject_genome/fish_mito/NC_009059.fasta	/mnt/d/系统发育树项目/Fusang/Fusang-main/real_data/afproject_genome/fish_mito/NC_011168.fasta	0.180865	0	367/5000
/mnt/d/系统发育树项目/Fusang/Fusang-main/real_data/afproject_genome/fish_mito/NC_009060.fasta	/mnt/d/系统发育树项目/Fusang/Fusang-main/real_data/afproject_genome/fish_mito/NC_011168.fasta	0.185131	0	349/5000
/mnt/d/系统发育树项目/Fusang/Fusang-main/real_data/afproject_genome/fish_mito/NC_009062.fasta	/mnt/d/系统发育树项目/Fusang/Fusang-main/real_data/afproject_genome/fish_mito/NC_011168.fasta	0.157498	0	485/5000
/mnt/d/系统发育树项目/Fusang/Fusang-main/real_data/afproject_genome/fish_mito/NC_009063.fasta	/mnt/d/系统发育树项目/Fusang/Fusang-main/real_data/afproject_genome/fish_mito/NC_011168.fasta	0.1519	0	519/5000
/mnt/d/系统发育树项目/Fusang/Fusang-main/real_data/afproject_genome/fish_mito/NC_009064.fasta	/mnt/d/系统发育树项目/Fusang/Fusang-main/real_data/afproject_genome/fish_mito/NC_011168.fasta	0.169296	0	421/5000
/mnt/d/系统发育树项目/Fusang/Fusang-main/real_data/afproject_genome/fish_mito/NC_009065.fasta	/mnt/d/系统发育树项目/Fusang/Fusang-main/real_data/afproject_genome/fish_mito/NC_011168.fasta	0.182733	0	359/5000
/mnt/d/系统发育树项目/Fusang/Fusang-main/real_data/afproject_genome/fish_mito/NC_009066.fasta	/mnt/d/系统发育树项目/Fusang/Fusang-main/real_data/afproject_genome/fish_mito/NC_011168.fasta	0.208724	9.77712e-272	265/5000
/mnt/d/系统发育树项目/Fusang/Fusang-main/real_data/afproject_genome/fish_mito/NC_009067.fasta	/mnt/d/系统发育树项目/Fusang/Fusang-main/real_data/afproject_genome/fish_mito/NC_011168.fasta	0.1912	0	325/5000
/mnt/d/系统发育树项目/Fusang/Fusang-main/real_data/afproject_genome/fish_mito/NC_009459.fasta	/mnt/d/系统发育树项目/Fusang/Fusang-main/real_data/afproject_genome/fish_mito/NC_011168.fasta	0.192524	0	320/5000
/mnt/d/系统发育树项目/Fusang/Fusang-main/real_data/afproject_genome/fish_mito/NC_010205.fasta	/mnt/d/系统发育树项目/Fusang/Fusang-main/real_data/afproject_genome/fish_mito/NC_011168.fasta	0.205843	1.12197e-285	274/5000
/mnt/d/系统发育树项目/Fusang/Fusang-main/real_data/afproject_genome/fish_mito/NC_011168.fasta	/mnt/d/系统发育树项目/Fusang/Fusang-main/real_data/afproject_genome/fish_mito/NC_011168.fasta	0	0	5000/5000
/mnt/d/系统发育树项目/Fusang/Fusang-main/real_data/afproject_genome/fish_mito/NC_011169.fasta	/mnt/d/系统发育树项目/Fusang/Fusang-main/real_data/afproject_genome/fish_mito/NC_011168.fasta	0.152538	0	515/5000
/mnt/d/系统发育树项目/Fusang/Fusang-main/real_data/afproject_genome/fish_mito/NC_011170.fasta	/mnt/d/系统发育树项目/Fusang/Fusang-main/real_data/afproject_genome/fish_mito/NC_011168.fasta	0.161894	0	460/5000
/mnt/d/系统发育树项目/Fusang/Fusang-main/real_data/afproject_genome/fish_mito/NC_011171.fasta	/mnt/d/系统发育树项目/Fusang/Fusang-main/real_data/afproject_genome/fish_mito/NC_011168.fasta	0.164283	0	447/5000
/mnt/d/系统发育树项目/Fusang/Fusang-main/real_data/afproject_genome/fish_mito/NC_011177.fasta	/mnt/d/系统发育树项目/Fusang/Fusang-main/real_data/afproject_genome/fish_mito/NC_011168.fasta	0.157157	0	487/5000
/mnt/d/系统发育树项目/Fusang/Fusang-main/real_data/afproject_genome/fish_mito/NC_011179.fasta	/mnt/d/系统发育树项目/Fusang/Fusang-main/real_data/afproject_genome/fish_mito/NC_011168.fasta	0.168306	0	426/5000
/mnt/d/系统发育树项目/Fusang/Fusang-main/real_data/afproject_genome/fish_mito/NC_012055.fasta	/mnt/d/系统发育树项目/Fusang/Fusang-main/real_data/afproject_genome/fish_mito/NC_011168.fasta	0.194142	0	314/5000
/mnt/d/系统发育树项目/Fusang/Fusang-main/real_data/afproject_genome/fish_mito/NC_013564.fasta	/mnt/d/系统发育树项目/Fusang/Fusang-main/real_data/afproject_genome/fish_mito/NC_011168.fasta	0.202756	6.71452e-301	284/5000
/mnt/d/系统发育树项目/Fusang/Fusang-main/real_data/afproject_genome/fish_mito/NC_013577.fasta	/mnt/d/系统发育树项目/Fusang/Fusang-main/real_data/afproject_genome/fish_mito/NC_011168.fasta	0.206792	2.86295e-281	271/5000
/mnt/d/系统发育树项目/Fusang/Fusang-main/real_data/afproject_genome/fish_mito/NC_013663.fasta	/mnt/d/系统发育树项目/Fusang/Fusang-main/real_data/afproject_genome/fish_mito/NC_011168.fasta	0.15033	0	529/5000
/mnt/d/系统发育树项目/Fusang/Fusang-main/real_data/afproject_genome/fish_mito/NC_013750.fasta	/mnt/d/系统发育树项目/Fusang/Fusang-main/real_data/afproject_genome/fish_mito/NC_011168.fasta	0.146247	0	556/5000
/mnt/d/系统发育树项目/Fusang/Fusang-main/real_data/afproject_genome/fish_mito/NC_018814.fasta	/mnt/d/系统发育树项目/Fusang/Fusang-main/real_data/afproject_genome/fish_mito/NC_011168.fasta	0.147583	0	547/5000
/mnt/d/系统发育树项目/Fusang/Fusang-main/real_data/afproject_genome/fish_mito/NC_018815.fasta	/mnt/d/系统发育树项目/Fusang/Fusang-main/real_data/afproject_genome/fish_mito/NC_011168.fasta	0.146838	0	552/5000
/mnt/d/系统发育树项目/Fusang/Fusang-main/real_data/afproject_genome/fish_mito/NC_009057.fasta	/mnt/d/系统发育树项目/Fusang/Fusang-main/real_data/afproject_genome/fish_mito/NC_011169.fasta	0.143361	0	576/5000
/mnt/d/系统发育树项目/Fusang/Fusang-main/real_data/afproject_genome/fish_mito/NC_009058.fasta	/mnt/d/系统发育树项目/Fusang/Fusang-main/real_data/afproject_genome/fish_mito/NC_011169.fasta	0.152059	0	518/5000
/mnt/d/系统发育树项目/Fusang/Fusang-main/real_data/afproject_genome/fish_mito/NC_009059.fasta	/mnt/d/系统发育树项目/Fusang/Fusang-main/real_data/afproject_genome/fish_mito/NC_011169.fasta	0.171314	0	411/5000
/mnt/d/系统发育树项目/Fusang/Fusang-main/real_data/afproject_genome/fish_mito/NC_009060.fasta	/mnt/d/系统发育树项目/Fusang/Fusang-main/real_data/afproject_genome/fish_mito/NC_011169.fasta	0.178815	0	376/5000
/mnt/d/系统发育树项目/Fusang/Fusang-main/real_data/afproject_genome/fish_mito/NC_009062.fasta	/mnt/d/系统发育树项目/Fusang/Fusang-main/real_data/afproject_genome/fish_mito/NC_011169.fasta	0.152378	0	516/5000
/mnt/d/系统发育树项目/Fusang/Fusang-main/real_data/afproject_genome/fish_mito/NC_009063.fasta	/mnt/d/系统发育树项目/Fusang/Fusang-main/real_data/afproject_genome/fish_mito/NC_011169.fasta	0.155143	0	499/5000
/mnt/d/系统发育树项目/Fusang/Fusang-main/real_data/afproject_genome/fish_mito/NC_009064.fasta	/mnt/d/系统发育树项目/Fusang/Fusang-main/real_data/afproject_genome/fish_mito/NC_011169.fasta	0.162804	0	455/5000
/mnt/d/系统发育树项目/Fusang/Fusang-main/real_data/afproject_genome/fish_mito/NC_009065.fasta	/mnt/d/系统发育树项目/Fusang/Fusang-main/real_data/afproject_genome/fish_mito/NC_011169.fasta	0.180865	0	367/5000
/mnt/d/系统发育树项目/Fusang/Fusang-main/real_data/afproject_genome/fish_mito/NC_009066.fasta	/mnt/d/系统发育树项目/Fusang/Fusang-main/real_data/afproject_genome/fish_mito/NC_011169.fasta	0.200075	7.13002e-313	293/5000
/mnt/d/系统发育树项目/Fusang/Fusang-main/real_data/afproject_genome/fish_mito/NC_009067.fasta	/mnt/d/系统发育树项目/Fusang/Fusang-main/real_data/afproject_genome/fish_mito/NC_011169.fasta	0.1992	2.49879e-319	296/5000
/mnt/d/系统发育树项目/Fusang/Fusang-main/real_data/afproject_genome/fish_mito/NC_009459.fasta	/mnt/d/系统发育树项目/Fusang/Fusang-main/real_data/afproject_genome/fish_mito/NC_011169.fasta	0.20367	3.51578e-297	281/5000
/mnt/d/系统发育树项目/Fusang/Fusang-main/real_data/afproject_genome/fish_mito/NC_010205.fasta	/mnt/d/系统发育树项目/Fusang/Fusang-main/real_data/afproject_genome/fish_mito/NC_011169.fasta	0.196351	0	306/5000
/mnt/d/系统发育树项目/Fusang/Fusang-main/real_data/afproject_genome/fish_mito/NC_011168.fasta	/mnt/d/系统发育树项目/Fusang/Fusang-main/real_data/afproject_genome/fish_mito/NC_011169.fasta	0.152538	0	515/5000
/mnt/d/系统发育树项目/Fusang/Fusang-main/real_data/afproject_genome/fish_mito/NC_011169.fasta	/mnt/d/系统发育树项目/Fusang/Fusang-main/real_data/afproject_genome/fish_mito/NC_011169.fasta	0	0	5000/5000
/mnt/d/系统发育树项目/Fusang/Fusang-main/real_data/afproject_genome/fish_mito/NC_011170.fasta	/mnt/d/系统发育树项目/Fusang/Fusang-main/real_data/afproject_genome/fish_mito/NC_011169.fasta	0.134444	0	643/5000
/mnt/d/系统发育树项目/Fusang/Fusang-main/real_data/afproject_genome/fish_mito/NC_011171.fasta	/mnt/d/系统发育树项目/Fusang/Fusang-main/real_data/afproject_genome/fish_mito/NC_011169.fasta	0.161713	0	461/5000
/mnt/d/系统发育树项目/Fusang/Fusang-main/real_data/afproject_genome/fish_mito/NC_011177.fasta	/mnt/d/系统发育树项目/Fusang/Fusang-main/real_data/afproject_genome/fish_mito/NC_011169.fasta	0.156311	0	492/5000
/mnt/d/系统发育树项目/Fusang/Fusang-main/real_data/afproject_genome/fish_mito/NC_011179.fasta	/mnt/d/系统发育树项目/Fusang/Fusang-main/real_data/afproject_genome/fish_mito/NC_011169.fasta	0.161533	0	462/5000
/mnt/d/系统发育树项目/Fusang/Fusang-main/real_data/afproject_genome/fish_mito/NC_012055.fasta	/mnt/d/系统发育树项目/Fusang/Fusang-main/real_data/afproject_genome/fish_mito/NC_011169.fasta	0.198622	2.37152e-322	298/5000
/mnt/d/系统发育树项目/Fusang/Fusang-main/real_data/afproject_genome/fish_mito/NC_013564.fasta	/mnt/d/系统发育树项目/Fusang/Fusang-main/real_data/afproject_genome/fish_mito/NC_011169.fasta	0.192524	0	320/5000
/mnt/d/系统发育树项目/Fusang/Fusang-main/real_data/afproject_genome/fish_mito/NC_013577.fasta	/mnt/d/系统发育树项目/Fusang/Fusang-main/real_data/afproject_genome/fish_mito/NC_011169.fasta	0.208075	2.12365e-275	267/5000
/mnt/d/系统发育树项目/Fusang/Fusang-main/real_data/afproject_genome/fish_mito/NC_013663.fasta	/mnt/d/系统发育树项目/Fusang/Fusang-main/real_data/afproject_genome/fish_mito/NC_011169.fasta	0.144646	0	567/5000
/mnt/d/系统发育树项目/Fusang/Fusang-main/real_data/afproject_genome/fish_mito/NC_013750.fasta	/mnt/d/系统发育树项目/Fusang/Fusang-main/real_data/afproject_genome/fish_mito/NC_011169.fasta	0.143645	0	574/5000
/mnt/d/系统发育树项目/Fusang/Fusang-main/real_data/afproject_genome/fish_mito/NC_018814.fasta	/mnt/d/系统发育树项目/Fusang/Fusang-main/real_data/afproject_genome/fish_mito/NC_011169.fasta	0.153992	0	506/5000
/mnt/d/系统发育树项目/Fusang/Fusang-main/real_data/afproject_genome/fish_mito/NC_018815.fasta	/mnt/d/系统发育树项目/Fusang/Fusang-main/real_data/afproject_genome/fish_mito/NC_011169.fasta	0.154319	0	504/5000
/mnt/d/系统发育树项目/Fusang/Fusang-main/real_data/afproject_genome/fish_mito/NC_009057.fasta	/mnt/d/系统发育树项目/Fusang/Fusang-main/real_data/afproject_genome/fish_mito/NC_011170.fasta	0.150641	0	527/5000
/mnt/d/系统发育树项目/Fusang/Fusang-main/real_data/afproject_genome/fish_mito/NC_009058.fasta	/mnt/d/系统发育树项目/Fusang/Fusang-main/real_data/afproject_genome/fish_mito/NC_011170.fasta	0.156987	0	488/5000
/mnt/d/系统发育树项目/Fusang/Fusang-main/real_data/afproject_genome/fish_mito/NC_009059.fasta	/mnt/d/系统发育树项目/Fusang/Fusang-main/real_data/afproject_genome/fish_mito/NC_011170.fasta	0.170703	0	414/5000
/mnt/d/系统发育树项目/Fusang/Fusang-main/real_data/afproject_genome/fish_mito/NC_009060.fasta	/mnt/d/系统发育树项目/Fusang/Fusang-main/real_data/afproject_genome/fish_mito/NC_011170.fasta	0.177036	0	384/5000
/mnt/d/系统发育树项目/Fusang/Fusang-main/real_data/afproject_genome/fish_mito/NC_009062.fasta	/mnt/d/系统发育树项目/Fusang/Fusang-main/real_data/afproject_genome/fish_mito/NC_011170.fasta	0.157157	0	487/5000
/mnt/d/系统发育树项目/Fusang/Fusang-main/real_data/afproject_genome/fish_mito/NC_009063.fasta	/mnt/d/系统发育树项目/Fusang/Fusang-main/real_data/afproject_genome/fish_mito/NC_011170.fasta	0.158703	0	478/5000
/mnt/d/系统发育树项目/Fusang/Fusang-main/real_data/afproject_genome/fish_mito/NC_009064.fasta	/mnt/d/系统发育树项目/Fusang/Fusang-main/real_data/afproject_genome/fish_mito/NC_011170.fasta	0.160459	0	468/5000
/mnt/d/系统发育树项目/Fusang/Fusang-main/real_data/afproject_genome/fish_mito/NC_009065.fasta	/mnt/d/系统发育树项目/Fusang/Fusang-main/real_data/afproject_genome/fish_mito/NC_011170.fasta	0.179266	0	374/5000
/mnt/d/系统发育树项目/Fusang/Fusang-main/real_data/afproject_genome/fish_mito/NC_009066.fasta	/mnt/d/系统发育树项目/Fusang/Fusang-main/real_data/afproject_genome/fish_mito/NC_011170.fasta	0.194963	0	311/5000
/mnt/d/系统发育树项目/Fusang/Fusang-main/real_data/afproject_genome/fish_mito/NC_009067.fasta	/mnt/d/系统发育树项目/Fusang/Fusang-main/real_data/afproject_genome/fish_mito/NC_011170.fasta	0.200959	2.24487e-310	290/5000
/mnt/d/系统发育树项目/Fusang/Fusang-main/real_data/afproject_genome/fish_mito/NC_009459.fasta	/mnt/d/系统发育树项目/Fusang/Fusang-main/real_data/afproject_genome/fish_mito/NC_011170.fasta	0.197479	0	302/5000
/mnt/d/系统发育树项目/Fusang/Fusang-main/real_data/afproject_genome/fish_mito/NC_010205.fasta	/mnt/d/系统发育树项目/Fusang/Fusang-main/real_data/afproject_genome/fish_mito/NC_011170.fasta	0.198335	7.90505e-323	299/5000
/mnt/d/系统发育树项目/Fusang/Fusang-main/real_data/afproject_genome/fish_mito/NC_011168.fasta	/mnt/d/系统发育树项目/Fusang/Fusang-main/real_data/afproject_genome/fish_mito/NC_011170.fasta	0.161894	0	460/5000
/mnt/d/系统发育树项目/Fusang/Fusang-main/real_data/afproject_genome/fish_mito/NC_011169.fasta	/mnt/d/系统发育树项目/Fusang/Fusang-main/real_data/afproject_genome/fish_mito/NC_011170.fasta	0.134444	0	643/5000
/mnt/d/系统发育树项目/Fusang/Fusang-main/real_data/afproject_genome/fish_mito/NC_011170.fasta	/mnt/d/系统发育树项目/Fusang/Fusang-main/real_data/afproject_genome/fish_mito/NC_011170.fasta	0	0	5000/5000
/mnt/d/系统发育树项目/Fusang/Fusang-main/real_data/afproject_genome/fish_mito/NC_011171.fasta	/mnt/d/系统发育树项目/Fusang/Fusang-main/real_data/afproject_genome/fish_mito/NC_011170.fasta	0.161533	0	462/5000
/mnt/d/系统发育树项目/Fusang/Fusang-main/real_data/afproject_genome/fish_mito/NC_011177.fasta	/mnt/d/系统发育树项目/Fusang/Fusang-main/real_data/afproject_genome/fish_mito/NC_011170.fasta	0.155641	0	496/5000
/mnt/d/系统发育树项目/Fusang/Fusang-main/real_data/afproject_genome/fish_mito/NC_011179.fasta	/mnt/d/系统发育树项目/Fusang/Fusang-main/real_data/afproject_genome/fish_mito/NC_011170.fasta	0.162075	0	459/5000
/mnt/d/系统发育树项目/Fusang/Fusang-main/real_data/afproject_genome/fish_mito/NC_012055.fasta	/mnt/d/系统发育树项目/Fusang/Fusang-main/real_data/afproject_genome/fish_mito/NC_011170.fasta	0.197763	0	301/5000
/mnt/d/系统发育树项目/Fusang/Fusang-main/real_data/afproject_genome/fish_mito/NC_013564.fasta	/mnt/d/系统发育树项目/Fusang/Fusang-main/real_data/afproject_genome/fish_mito/NC_011170.fasta	0.204904	1.48655e-290	277/5000
/mnt/d/系统发育树项目/Fusang/Fusang-main/real_data/afproject_genome/fish_mito/NC_013577.fasta	/mnt/d/系统发育树项目/Fusang/Fusang-main/real_data/afproject_genome/fish_mito/NC_011170.fasta	0.211709	1.48409e-259	256/5000
/mnt/d/系统发育树项目/Fusang/Fusang-main/real_data/afproject_genome/fish_mito/NC_013663.fasta	/mnt/d/系统发育树项目/Fusang/Fusang-main/real_data/afproject_genome/fish_mito/NC_011170.fasta	0.151742	0	520/5000
/mnt/d/系统发育树项目/Fusang/Fusang-main/real_data/afproject_genome/fish_mito/NC_013750.fasta	/mnt/d/系统发育树项目/Fusang/Fusang-main/real_data/afproject_genome/fish_mito/NC_011170.fasta	0.15002	0	531/5000
/mnt/d/系统发育树项目/Fusang/Fusang-main/real_data/afproject_genome/fish_mito/NC_018814.fasta	/mnt/d/系统发育树项目/Fusang/Fusang-main/real_data/afproject_genome/fish_mito/NC_011170.fasta	0.155308	0	498/5000
/mnt/d/系统发育树项目/Fusang/Fusang-main/real_data/afproject_genome/fish_mito/NC_018815.fasta	/mnt/d/系统发育树项目/Fusang/Fusang-main/real_data/afproject_genome/fish_mito/NC_011170.fasta	0.154155	0	505/5000
/mnt/d/系统发育树项目/Fusang/Fusang-main/real_data/afproject_genome/fish_mito/NC_009057.fasta	/mnt/d/系统发育树项目/Fusang/Fusang-main/real_data/afproject_genome/fish_mito/NC_011171.fasta	0.13558	0	634/5000
/mnt/d/系统发育树项目/Fusang/Fusang-main/real_data/afproject_genome/fish_mito/NC_009058.fasta	/mnt/d/系统发育树项目/Fusang/Fusang-main/real_data/afproject_genome/fish_mito/NC_011171.fasta	0.157327	0	486/5000
/mnt/d/系统发育树项目/Fusang/Fusang-main/real_data/afproject_genome/fish_mito/NC_009059.fasta	/mnt/d/系统发育树项目/Fusang/Fusang-main/real_data/afproject_genome/fish_mito/NC_011171.fasta	0.175297	0	392/5000
/mnt/d/系统发育树项目/Fusang/Fusang-main/real_data/afproject_genome/fish_mito/NC_009060.fasta	/mnt/d/系统发育树项目/Fusang/Fusang-main/real_data/afproject_genome/fish_mito/NC_011171.fasta	0.183923	0	354/5000
/mnt/d/系统发育树项目/Fusang/Fusang-main/real_data/afproject_genome/fish_mito/NC_009062.fasta	/mnt/d/系统发育树项目/Fusang/Fusang-main/real_data/afproject_genome/fish_mito/NC_011171.fasta	0.146986	0	551/5000
/mnt/d/系统发育树项目/Fusang/Fusang-main/real_data/afproject_genome/fish_mito/NC_009063.fasta	/mnt/d/系统发育树项目/Fusang/Fusang-main/real_data/afproject_genome/fish_mito/NC_011171.fasta	0.148944	0	538/5000
/mnt/d/系统发育树项目/Fusang/Fusang-main/real_data/afproject_genome/fish_mito/NC_009064.fasta	/mnt/d/系统发育树项目/Fusang/Fusang-main/real_data/afproject_genome/fish_mito/NC_011171.fasta	0.162987	0	454/5000
/mnt/d/系统发育树项目/Fusang/Fusang-main/real_data/afproject_genome/fish_mito/NC_009065.fasta	/mnt/d/系统发育树项目/Fusang/Fusang-main/real_data/afproject_genome/fish_mito/NC_011171.fasta	0.181794	0	363/5000
/mnt/d/系统发育树项目/Fusang/Fusang-main/real_data/afproject_genome/fish_mito/NC_009066.fasta	/mnt/d/系统发育树项目/Fusang/Fusang-main/real_data/afproject_genome/fish_mito/NC_011171.fasta	0.206792	5.60093e-279	271/5000
/mnt/d/系统发育树项目/Fusang/Fusang-main/real_data/afproject_genome/fish_mito/NC_009067.fasta	/mnt/d/系统发育树项目/Fusang/Fusang-main/real_data/afproject_genome/fish_mito/NC_011171.fasta	0.206474	2.95333e-282	272/5000
/mnt/d/系统发育树项目/Fusang/Fusang-main/real_data/afproject_genome/fish_mito/NC_009459.fasta	/mnt/d/系统发育树项目/Fusang/Fusang-main/real_data/afproject_genome/fish_mito/NC_011171.fasta	0.205843	2.00401e-285	274/5000
/mnt/d/系统发育树项目/Fusang/Fusang-main/real_data/afproject_genome/fish_mito/NC_010205.fasta	/mnt/d/系统发育树项目/Fusang/Fusang-main/real_data/afproject_genome/fish_mito/NC_011171.fasta	0.201256	2.75574e-306	289/5000
/mnt/d/系统发育树项目/Fusang/Fusang-main/real_data/afproject_genome/fish_mito/NC_011168.fasta	/mnt/d/系统发育树项目/Fusang/Fusang-main/real_data/afproject_genome/fish_mito/NC_011171.fasta	0.164283	0	447/5000
/mnt/d/系统发育树项目/Fusang/Fusang-main/real_data/afproject_genome/fish_mito/NC_011169.fasta	/mnt/d/系统发育树项目/Fusang/Fusang-main/real_data/afproject_genome/fish_mito/NC_011171.fasta	0.161713	0	461/5000
/mnt/d/系统发育树项目/Fusang/Fusang-main/real_data/afproject_genome/fish_mito/NC_011170.fasta	/mnt/d/系统发育树项目/Fusang/Fusang-main/real_data/afproject_genome/fish_mito/NC_011171.fasta	0.161533	0	462/5000
/mnt/d/系统发育树项目/Fusang/Fusang-main/real_data/afproject_genome/fish_mito/NC_011171.fasta	/mnt/d/系统发育树项目/Fusang/Fusang-main/real_data/afproject_genome/fish_mito/NC_011171.fasta	0	0	5000/5000
/mnt/d/系统发育树项目/Fusang/Fusang-main/real_data/afproject_genome/fish_mito/NC_011177.fasta	/mnt/d/系统发育树项目/Fusang/Fusang-main/real_data/afproject_genome/fish_mito/NC_011171.fasta	0.172135	0	407/5000
/mnt/d/系统发育树项目/Fusang/Fusang-main/real_data/afproject_genome/fish_mito/NC_011179.fasta	/mnt/d/系统发育树项目/Fusang/Fusang-main/real_data/afproject_genome/fish_mito/NC_011171.fasta	0.175297	0	392/5000
/mnt/d/系统发育树项目/Fusang/Fusang-main/real_data/afproject_genome/fish_mito/NC_012055.fasta	/mnt/d/系统发育树项目/Fusang/Fusang-main/real_data/afproject_genome/fish_mito/NC_011171.fasta	0.202756	6.54005e-300	284/5000
/mnt/d/系统发育树项目/Fusang/Fusang-main/real_data/afproject_genome/fish_mito/NC_013564.fasta	/mnt/d/系统发育树项目/Fusang/Fusang-main/real_data/afproject_genome/fish_mito/NC_011171.fasta	0.195793	0	308/5000
/mnt/d/系统发育树项目/Fusang/Fusang-main/real_data/afproject_genome/fish_mito/NC_013577.fasta	/mnt/d/系统发育树项目/Fusang/Fusang-main/real_data/afproject_genome/fish_mito/NC_011171.fasta	0.207752	1.89508e-275	268/5000
/mnt/d/系统发育树项目/Fusang/Fusang-main/real_data/afproject_genome/fish_mito/NC_013663.fasta	/mnt/d/系统发育树项目/Fusang/Fusang-main/real_data/afproject_genome/fish_mito/NC_011171.fasta	0.140447	0	597/5000
/mnt/d/系统发育树项目/Fusang/Fusang-main/real_data/afproject_genome/fish_mito/NC_013750.fasta	/mnt/d/系统发育树项目/Fusang/Fusang-main/real_data/afproject_genome/fish_mito/NC_011171.fasta	0.133572	0	650/5000
/mnt/d/系统发育树项目/Fusang/Fusang-main/real_data/afproject_genome/fish_mito/NC_018814.fasta	/mnt/d/系统发育树项目/Fusang/Fusang-main/real_data/afproject_genome/fish_mito/NC_011171.fasta	0.14479	0	566/5000
/mnt/d/系统发育树项目/Fusang/Fusang-main/real_data/afproject_genome/fish_mito/NC_018815.fasta	/mnt/d/系统发育树项目/Fusang/Fusang-main/real_data/afproject_genome/fish_mito/NC_011171.fasta	0.145953	0	558/5000
/mnt/d/系统发育树项目/Fusang/Fusang-main/real_data/afproject_genome/fish_mito/NC_009057.fasta	/mnt/d/系统发育树项目/Fusang/Fusang-main/real_data/afproject_genome/fish_mito/NC_011177.fasta	0.155308	0	498/5000
/mnt/d/系统发育树项目/Fusang/Fusang-main/real_data/afproject_genome/fish_mito/NC_009058.fasta	/mnt/d/系统发育树项目/Fusang/Fusang-main/real_data/afproject_genome/fish_mito/NC_011177.fasta	0.172342	0	406/5000
/mnt/d/系统发育树项目/Fusang/Fusang-main/real_data/afproject_genome/fish_mito/NC_009059.fasta	/mnt/d/系统发育树项目/Fusang/Fusang-main/real_data/afproject_genome/fish_mito/NC_011177.fasta	0.17972	0	372/5000
/mnt/d/系统发育树项目/Fusang/Fusang-main/real_data/afproject_genome/fish_mito/NC_009060.fasta	/mnt/d/系统发育树项目/Fusang/Fusang-main/real_data/afproject_genome/fish_mito/NC_011177.fasta	0.17972	0	372/5000
/mnt/d/系统发育树项目/Fusang/Fusang-main/real_data/afproject_genome/fish_mito/NC_009062.fasta	/mnt/d/系统发育树项目/Fusang/Fusang-main/real_data/afproject_genome/fish_mito/NC_011177.fasta	0.160637	0	467/5000
/mnt/d/系统发育树项目/Fusang/Fusang-main/real_data/afproject_genome/fish_mito/NC_009063.fasta	/mnt/d/系统发育树项目/Fusang/Fusang-main/real_data/afproject_genome/fish_mito/NC_011177.fasta	0.155475	0	497/5000
/mnt/d/系统发育树项目/Fusang/Fusang-main/real_data/afproject_genome/fish_mito/NC_009064.fasta	/mnt/d/系统发育树项目/Fusang/Fusang-main/real_data/afproject_genome/fish_mito/NC_011177.fasta	0.159051	0	476/5000
/mnt/d/系统发育树项目/Fusang/Fusang-main/real_data/afproject_genome/fish_mito/NC_009065.fasta	/mnt/d/系统发育树项目/Fusang/Fusang-main/real_data/afproject_genome/fish_mito/NC_011177.fasta	0.173595	0	400/5000
/mnt/d/系统发育树项目/Fusang/Fusang-main/real_data/afproject_genome/fish_mito/NC_009066.fasta	/mnt/d/系统发育树项目/Fusang/Fusang-main/real_data/afproject_genome/fish_mito/NC_011177.fasta	0.210369	1.0273e-264	260/5000
/mnt/d/系统发育树项目/Fusang/Fusang-main/real_data/afproject_genome/fish_mito/NC_009067.fasta	/mnt/d/系统发育树项目/Fusang/Fusang-main/real_data/afproject_genome/fish_mito/NC_011177.fasta	0.202454	4.01065e-303	285/5000
/mnt/d/系统发育树项目/Fusang/Fusang-main/real_data/afproject_genome/fish_mito/NC_009459.fasta	/mnt/d/系统发育树项目/Fusang/Fusang-main/real_data/afproject_genome/fish_mito/NC_011177.fasta	0.202756	6.9395e-302	284/5000
/mnt/d/系统发育树项目/Fusang/Fusang-main/real_data/afproject_genome/fish_mito/NC_010205.fasta	/mnt/d/系统发育树项目/Fusang/Fusang-main/real_data/afproject_genome/fish_mito/NC_011177.fasta	0.205529	2.39544e-287	275/5000
/mnt/d/系统发育树项目/Fusang/Fusang-main/real_data/afproject_genome/fish_mito/NC_011168.fasta	/mnt/d/系统发育树项目/Fusang/Fusang-main/real_data/afproject_genome/fish_mito/NC_011177.fasta	0.157157	0	487/5000
/mnt/d/系统发育树项目/Fusang/Fusang-main/real_data/afproject_genome/fish_mito/NC_011169.fasta	/mnt/d/系统发育树项目/Fusang/Fusang-main/real_data/afproject_genome/fish_mito/NC_011177.fasta	0.156311	0	492/5000
/mnt/d/系统发育树项目/Fusang/Fusang-main/real_data/afproject_genome/fish_mito/NC_011170.fasta	/mnt/d/系统发育树项目/Fusang/Fusang-main/real_data/afproject_genome/fish_mito/NC_011177.fasta	0.155641	0	496/5000
/mnt/d/系统发育树项目/Fusang/Fusang-main/real_data/afproject_genome/fish_mito/NC_011171.fasta	/mnt/d/系统发育树项目/Fusang/Fusang-main/real_data/afproject_genome/fish_mito/NC_011177.fasta	0.172135	0	407/5000
/mnt/d/系统发育树项目/Fusang/Fusang-main/real_data/afproject_genome/fish_mito/NC_011177.fasta	/mnt/d/系统发育树项目/Fusang/Fusang-main/real_data/afproject_genome/fish_mito/NC_011177.fasta	0	0	5000/5000
/mnt/d/系统发育树项目/Fusang/Fusang-main/real_data/afproject_genome/fish_mito/NC_011179.fasta	/mnt/d/系统发育树项目/Fusang/Fusang-main/real_data/afproject_genome/fish_mito/NC_011177.fasta	0.150954	0	525/5000
/mnt/d/系统发育树项目/Fusang/Fusang-main/real_data/afproject_genome/fish_mito/NC_012055.fasta	/mnt/d/系统发育树项目/Fusang/Fusang-main/real_data/afproject_genome/fish_mito/NC_011177.fasta	0.20306	3.71178e-300	283/5000
/mnt/d/系统发育树项目/Fusang/Fusang-main/real_data/afproject_genome/fish_mito/NC_013564.fasta	/mnt/d/系统发育树项目/Fusang/Fusang-main/real_data/afproject_genome/fish_mito/NC_011177.fasta	0.20306	1.26207e-299	283/5000
/mnt/d/系统发育树项目/Fusang/Fusang-main/real_data/afproject_genome/fish_mito/NC_013577.fasta	/mnt/d/系统发育树项目/Fusang/Fusang-main/real_data/afproject_genome/fish_mito/NC_011177.fasta	0.208075	1.22615e-275	267/5000
/mnt/d/系统发育树项目/Fusang/Fusang-main/real_data/afproject_genome/fish_mito/NC_013663.fasta	/mnt/d/系统发育树项目/Fusang/Fusang-main/real_data/afproject_genome/fish_mito/NC_011177.fasta	0.151268	0	523/5000
/mnt/d/系统发育树项目/Fusang/Fusang-main/real_data/afproject_genome/fish_mito/NC_013750.fasta	/mnt/d/系统发育树项目/Fusang/Fusang-main/real_data/afproject_genome/fish_mito/NC_011177.fasta	0.148034	0	544/5000
/mnt/d/系统发育树项目/Fusang/Fusang-main/real_data/afproject_genome/fish_mito/NC_018814.fasta	/mnt/d/系统发育树项目/Fusang/Fusang-main/real_data/afproject_genome/fish_mito/NC_011177.fasta	0.15318	0	511/5000
/mnt/d/系统发育树项目/Fusang/Fusang-main/real_data/afproject_genome/fish_mito/NC_018815.fasta	/mnt/d/系统发育树项目/Fusang/Fusang-main/real_data/afproject_genome/fish_mito/NC_011177.fasta	0.153829	0	507/5000
/mnt/d/系统发育树项目/Fusang/Fusang-main/real_data/afproject_genome/fish_mito/NC_009057.fasta	/mnt/d/系统发育树项目/Fusang/Fusang-main/real_data/afproject_genome/fish_mito/NC_011179.fasta	0.161173	0	464/5000
/mnt/d/系统发育树项目/Fusang/Fusang-main/real_data/afproject_genome/fish_mito/NC_009058.fasta	/mnt/d/系统发育树项目/Fusang/Fusang-main/real_data/afproject_genome/fish_mito/NC_011179.fasta	0.170298	0	416/5000
/mnt/d/系统发育树项目/Fusang/Fusang-main/real_data/afproject_genome/fish_mito/NC_009059.fasta	/mnt/d/系统发育树项目/Fusang/Fusang-main/real_data/afproject_genome/fish_mito/NC_011179.fasta	0.183684	0	355/5000
/mnt/d/系统发育树项目/Fusang/Fusang-main/real_data/afproject_genome/fish_mito/NC_009060.fasta	/mnt/d/系统发育树项目/Fusang/Fusang-main/real_data/afproject_genome/fish_mito/NC_011179.fasta	0.186854	0	342/5000
/mnt/d/系统发育树项目/Fusang/Fusang-main/real_data/afproject_genome/fish_mito/NC_009062.fasta	/mnt/d/系统发育树项目/Fusang/Fusang-main/real_data/afproject_genome/fish_mito/NC_011179.fasta	0.166364	0	436/5000
/mnt/d/系统发育树项目/Fusang/Fusang-main/real_data/afproject_genome/fish_mito/NC_009063.fasta	/mnt/d/系统发育树项目/Fusang/Fusang-main/real_data/afproject_genome/fish_mito/NC_011179.fasta	0.164097	0	448/5000
/mnt/d/系统发育树项目/Fusang/Fusang-main/real_data/afproject_genome/fish_mito/NC_009064.fasta	/mnt/d/系统发育树项目/Fusang/Fusang-main/real_data/afproject_genome/fish_mito/NC_011179.fasta	0.168701	0	424/5000
/mnt/d/系统发育树项目/Fusang/Fusang-main/real_data/afproject_genome/fish_mito/NC_009065.fasta	/mnt/d/系统发育树项目/Fusang/Fusang-main/real_data/afproject_genome/fish_mito/NC_011179.fasta	0.182733	0	359/5000
/mnt/d/系统发育树项目/Fusang/Fusang-main/real_data/afproject_genome/fish_mito/NC_009066.fasta	/mnt/d/系统发育树项目/Fusang/Fusang-main/real_data/afproject_genome/fish_mito/NC_011179.fasta	0.194415	0	313/5000
/mnt/d/系统发育树项目/Fusang/Fusang-main/real_data/afproject_genome/fish_mito/NC_009067.fasta	/mnt/d/系统发育树项目/Fusang/Fusang-main/real_data/afproject_genome/fish_mito/NC_011179.fasta	0.198911	3.29542e-321	297/5000
/mnt/d/系统发育树项目/Fusang/Fusang-main/real_data/afproject_genome/fish_mito/NC_009459.fasta	/mnt/d/系统发育树项目/Fusang/Fusang-main/real_data/afproject_genome/fish_mito/NC_011179.fasta	0.190415	0	328/5000
/mnt/d/系统发育树项目/Fusang/Fusang-main/real_data/afproject_genome/fish_mito/NC_010205.fasta	/mnt/d/系统发育树项目/Fusang/Fusang-main/real_data/afproject_genome/fish_mito/NC_011179.fasta	0.199782	1.19369e-315	294/5000
/mnt/d/系统发育树项目/Fusang/Fusang-main/real_data/afproject_genome/fish_mito/NC_011168.fasta	/mnt/d/系统发育树项目/Fusang/Fusang-main/real_data/afproject_genome/fish_mito/NC_011179.fasta	0.168306	0	426/5000
/mnt/d/系统发育树项目/Fusang/Fusang-main/real_data/afproject_genome/fish_mito/NC_011169.fasta	/mnt/d/系统发育树项目/Fusang/Fusang-main/real_data/afproject_genome/fish_mito/NC_011179.fasta	0.161533	0	462/5000
/mnt/d/系统发育树项目/Fusang/Fusang-main/real_data/afproject_genome/fish_mito/NC_011170.fasta	/mnt/d/系统发育树项目/Fusang/Fusang-main/real_data/afproject_genome/fish_mito/NC_011179.fasta	0.162075	0	459/5000
/mnt/d/系统发育树项目/Fusang/Fusang-main/real_data/afproject_genome/fish_mito/NC_011171.fasta	/mnt/d/系统发育树项目/Fusang/Fusang-main/real_data/afproject_genome/fish_mito/NC_011179.fasta	0.175297	0	392/5000
/mnt/d/系统发育树项目/Fusang/Fusang-main/real_data/afproject_genome/fish_mito/NC_011177.fasta	/mnt/d/系统发育树项目/Fusang/Fusang-main/real_data/afproject_genome/fish_mito/NC_011179.fasta	0.150954	0	525/5000
/mnt/d/系统发育树项目/Fusang/Fusang-main/real_data/afproject_genome/fish_mito/NC_011179.fasta	/mnt/d/系统发育树项目/Fusang/Fusang-main/real_data/afproject_genome/fish_mito/NC_011179.fasta	0	0	5000/5000
/mnt/d/系统发育树项目/Fusang/Fusang-main/real_data/afproject_genome/fish_mito/NC_012055.fasta	/mnt/d/系统发育树项目/Fusang/Fusang-main/real_data/afproject_genome/fish_mito/NC_011179.fasta	0.195239	0	310/5000
/mnt/d/系统发育树项目/Fusang/Fusang-main/real_data/afproject_genome/fish_mito/NC_013564.fasta	/mnt/d/系统发育树项目/Fusang/Fusang-main/real_data/afproject_genome/fish_mito/NC_011179.fasta	0.198622	3.65609e-322	298/5000
/mnt/d/系统发育树项目/Fusang/Fusang-main/real_data/afproject_genome/fish_mito/NC_013577.fasta	/mnt/d/系统发育树项目/Fusang/Fusang-main/real_data/afproject_genome/fish_mito/NC_011179.fasta	0.206474	4.9249e-283	272/5000
/mnt/d/系统发育树项目/Fusang/Fusang-main/real_data/afproject_genome/fish_mito/NC_013663.fasta	/mnt/d/系统发育树项目/Fusang/Fusang-main/real_data/afproject_genome/fish_mito/NC_011179.fasta	0.16354	0	451/5000
/mnt/d/系统发育树项目/Fusang/Fusang-main/real_data/afproject_genome/fish_mito/NC_013750.fasta	/mnt/d/系统发育树项目/Fusang/Fusang-main/real_data/afproject_genome/fish_mito/NC_011179.fasta	0.16354	0	451/5000
/mnt/d/系统发育树项目/Fusang/Fusang-main/real_data/afproject_genome/fish_mito/NC_018814.fasta	/mnt/d/系统发育树项目/Fusang/Fusang-main/real_data/afproject_genome/fish_mito/NC_011179.fasta	0.159051	0	476/5000
/mnt/d/系统发育树项目/Fusang/Fusang-main/real_data/afproject_genome/fish_mito/NC_018815.fasta	/mnt/d/系统发育树项目/Fusang/Fusang-main/real_data/afproject_genome/fish_mito/NC_011179.fasta	0.160105	0	470/5000
/mnt/d/系统发育树项目/Fusang/Fusang-main/real_data/afproject_genome/fish_mito/NC_009057.fasta	/mnt/d/系统发育树项目/Fusang/Fusang-main/real_data/afproject_genome/fish_mito/NC_012055.fasta	0.195515	0	309/5000
/mnt/d/系统发育树项目/Fusang/Fusang-main/real_data/afproject_genome/fish_mito/NC_009058.fasta	/mnt/d/系统发育树项目/Fusang/Fusang-main/real_data/afproject_genome/fish_mito/NC_012055.fasta	0.19387	0	315/5000
/mnt/d/系统发育树项目/Fusang/Fusang-main/real_data/afproject_genome/fish_mito/NC_009059.fasta	/mnt/d/系统发育树项目/Fusang/Fusang-main/real_data/afproject_genome/fish_mito/NC_012055.fasta	0.196072	0	307/5000
/mnt/d/系统发育树项目/Fusang/Fusang-main/real_data/afproject_genome/fish_mito/NC_009060.fasta	/mnt/d/系统发育树项目/Fusang/Fusang-main/real_data/afproject_genome/fish_mito/NC_012055.fasta	0.208724	2.10175e-273	265/5000
/mnt/d/系统发育树项目/Fusang/Fusang-main/real_data/afproject_genome/fish_mito/NC_009062.fasta	/mnt/d/系统发育树项目/Fusang/Fusang-main/real_data/afproject_genome/fish_mito/NC_012055.fasta	0.188361	0	336/5000
/mnt/d/系统发育树项目/Fusang/Fusang-main/real_data/afproject_genome/fish_mito/NC_009063.fasta	/mnt/d/系统发育树项目/Fusang/Fusang-main/real_data/afproject_genome/fish_mito/NC_012055.fasta	0.196913	0	304/5000
/mnt/d/系统发育树项目/Fusang/Fusang-main/real_data/afproject_genome/fish_mito/NC_009064.fasta	/mnt/d/系统发育树项目/Fusang/Fusang-main/real_data/afproject_genome/fish_mito/NC_012055.fasta	0.188108	0	337/5000
/mnt/d/系统发育树项目/Fusang/Fusang-main/real_data/afproject_genome/fish_mito/NC_009065.fasta	/mnt/d/系统发育树项目/Fusang/Fusang-main/real_data/afproject_genome/fish_mito/NC_012055.fasta	0.200368	5.49096e-313	292/5000
/mnt/d/系统发育树项目/Fusang/Fusang-main/real_data/afproject_genome/fish_mito/NC_009066.fasta	/mnt/d/系统发育树项目/Fusang/Fusang-main/real_data/afproject_genome/fish_mito/NC_012055.fasta	0.1992	1.52387e-317	296/5000
/mnt/d/系统发育树项目/Fusang/Fusang-main/real_data/afproject_genome/fish_mito/NC_009067.fasta	/mnt/d/系统发育树项目/Fusang/Fusang-main/real_data/afproject_genome/fish_mito/NC_012055.fasta	0.0845334	0	1229/5000
/mnt/d/系统发育树项目/Fusang/Fusang-main/real_data/afproject_genome/fish_mito/NC_009459.fasta	/mnt/d/系统发育树项目/Fusang/Fusang-main/real_data/afproject_genome/fish_mito/NC_012055.fasta	0.186358	0	344/5000
/mnt/d/系统发育树项目/Fusang/Fusang-main/real_data/afproject_genome/fish_mito/NC_010205.fasta	/mnt/d/系统发育树项目/Fusang/Fusang-main/real_data/afproject_genome/fish_mito/NC_012055.fasta	0.155808	0	495/5000
/mnt/d/系统发育树项目/Fusang/Fusang-main/real_data/afproject_genome/fish_mito/NC_011168.fasta	/mnt/d/系统发育树项目/Fusang/Fusang-main/real_data/afproject_genome/fish_mito/NC_012055.fasta	0.194142	0	314/5000
/mnt/d/系统发育树项目/Fusang/Fusang-main/real_data/afproject_genome/fish_mito/NC_011169.fasta	/mnt/d/系统发育树项目/Fusang/Fusang-main/real_data/afproject_genome/fish_mito/NC_012055.fasta	0.198622	2.37152e-322	298/5000
/mnt/d/系统发育树项目/Fusang/Fusang-main/real_data/afproject_genome/fish_mito/NC_011170.fasta	/mnt/d/系统发育树项目/Fusang/Fusang-main/real_data/afproject_genome/fish_mito/NC_012055.fasta	0.197763	0	301/5000
/mnt/d/系统发育树项目/Fusang/Fusang-main/real_data/afproject_genome/fish_mito/NC_011171.fasta	/mnt/d/系统发育树项目/Fusang/Fusang-main/real_data/afproject_genome/fish_mito/NC_012055.fasta	0.202756	6.54005e-300	284/5000
/mnt/d/系统发育树项目/Fusang/Fusang-main/real_data/afproject_genome/fish_mito/NC_011177.fasta	/mnt/d/系统发育树项目/Fusang/Fusang-main/real_data/afproject_genome/fish_mito/NC_012055.fasta	0.20306	3.71178e-300	283/5000
/mnt/d/系统发育树项目/Fusang/Fusang-main/real_data/afproject_genome/fish_mito/NC_011179.fasta	/mnt/d/系统发育树项目/Fusang/Fusang-main/real_data/afproject_genome/fish_mito/NC_012055.fasta	0.195239	0	310/5000
/mnt/d/系统发育树项目/Fusang/Fusang-main/real_data/afproject_genome/fish_mito/NC_012055.fasta	/mnt/d/系统发育树项目/Fusang/Fusang-main/real_data/afproject_genome/fish_mito/NC_012055.fasta	0	0	5000/5000
/mnt/d/系统发育树项目/Fusang/Fusang-main/real_data/afproject_genome/fish_mito/NC_013564.fasta	/mnt/d/系统发育树项目/Fusang/Fusang-main/real_data/afproject_genome/fish_mito/NC_012055.fasta	0.212388	3.02137e-257	254/5000
/mnt/d/系统发育树项目/Fusang/Fusang-main/real_data/afproject_genome/fish_mito/NC_013577.fasta	/mnt/d/系统发育树项目/Fusang/Fusang-main/real_data/afproject_genome/fish_mito/NC_012055.fasta	0.212048	3.10199e-258	255/5000
/mnt/d/系统发育树项目/Fusang/Fusang-main/real_data/afproject_genome/fish_mito/NC_013663.fasta	/mnt/d/系统发育树项目/Fusang/Fusang-main/real_data/afproject_genome/fish_mito/NC_012055.fasta	0.188108	0	337/5000
/mnt/d/系统发育树项目/Fusang/Fusang-main/real_data/afproject_genome/fish_mito/NC_013750.fasta	/mnt/d/系统发育树项目/Fusang/Fusang-main/real_data/afproject_genome/fish_mito/NC_012055.fasta	0.18562	0	347/5000
/mnt/d/系统发育树项目/Fusang/Fusang-main/real_data/afproject_genome/fish_mito/NC_018814.fasta	/mnt/d/系统发育树项目/Fusang/Fusang-main/real_data/afproject_genome/fish_mito/NC_012055.fasta	0.197763	0	301/5000
/mnt/d/系统发育树项目/Fusang/Fusang-main/real_data/afproject_genome/fish_mito/NC_018815.fasta	/mnt/d/系统发育树项目/Fusang/Fusang-main/real_data/afproject_genome/fish_mito/NC_012055.fasta	0.194688	0	312/5000
/mnt/d/系统发育树项目/Fusang/Fusang-main/real_data/afproject_genome/fish_mito/NC_009057.fasta	/mnt/d/系统发育树项目/Fusang/Fusang-main/real_data/afproject_genome/fish_mito/NC_013564.fasta	0.190415	0	328/5000
/mnt/d/系统发育树项目/Fusang/Fusang-main/real_data/afproject_genome/fish_mito/NC_009058.fasta	/mnt/d/系统发育树项目/Fusang/Fusang-main/real_data/afproject_genome/fish_mito/NC_013564.fasta	0.201256	3.00781e-308	289/5000
/mnt/d/系统发育树项目/Fusang/Fusang-main/real_data/afproject_genome/fish_mito/NC_009059.fasta	/mnt/d/系统发育树项目/Fusang/Fusang-main/real_data/afproject_genome/fish_mito/NC_013564.fasta	0.209707	1.09395e-268	262/5000
/mnt/d/系统发育树项目/Fusang/Fusang-main/real_data/afproject_genome/fish_mito/NC_009060.fasta	/mnt/d/系统发育树项目/Fusang/Fusang-main/real_data/afproject_genome/fish_mito/NC_013564.fasta	0.207752	2.86199e-277	268/5000
/mnt/d/系统发育树项目/Fusang/Fusang-main/real_data/afproject_genome/fish_mito/NC_009062.fasta	/mnt/d/系统发育树项目/Fusang/Fusang-main/real_data/afproject_genome/fish_mito/NC_013564.fasta	0.195515	0	309/5000
/mnt/d/系统发育树项目/Fusang/Fusang-main/real_data/afproject_genome/fish_mito/NC_009063.fasta	/mnt/d/系统发育树项目/Fusang/Fusang-main/real_data/afproject_genome/fish_mito/NC_013564.fasta	0.1992	1.27623e-318	296/5000
/mnt/d/系统发育树项目/Fusang/Fusang-main/real_data/afproject_genome/fish_mito/NC_009064.fasta	/mnt/d/系统发育树项目/Fusang/Fusang-main/real_data/afproject_genome/fish_mito/NC_013564.fasta	0.196072	0	307/5000
/mnt/d/系统发育树项目/Fusang/Fusang-main/real_data/afproject_genome/fish_mito/NC_009065.fasta	/mnt/d/系统发育树项目/Fusang/Fusang-main/real_data/afproject_genome/fish_mito/NC_013564.fasta	0.194142	0	314/5000
/mnt/d/系统发育树项目/Fusang/Fusang-main/real_data/afproject_genome/fish_mito/NC_009066.fasta	/mnt/d/系统发育树项目/Fusang/Fusang-main/real_data/afproject_genome/fish_mito/NC_013564.fasta	0.214457	4.98266e-247	248/5000
/mnt/d/系统发育树项目/Fusang/Fusang-main/real_data/afproject_genome/fish_mito/NC_009067.fasta	/mnt/d/系统发育树项目/Fusang/Fusang-main/real_data/afproject_genome/fish_mito/NC_013564.fasta	0.219497	6.10952e-229	234/5000
/mnt/d/系统发育树项目/Fusang/Fusang-main/real_data/afproject_genome/fish_mito/NC_009459.fasta	/mnt/d/系统发育树项目/Fusang/Fusang-main/real_data/afproject_genome/fish_mito/NC_013564.fasta	0.215866	3.27765e-243	244/5000
/mnt/d/系统发育树项目/Fusang/Fusang-main/real_data/afproject_genome/fish_mito/NC_010205.fasta	/mnt/d/系统发育树项目/Fusang/Fusang-main/real_data/afproject_genome/fish_mito/NC_013564.fasta	0.226864	5.10667e-202	215/5000
/mnt/d/系统发育树项目/Fusang/Fusang-main/real_data/afproject_genome/fish_mito/NC_011168.fasta	/mnt/d/系统发育树项目/Fusang/Fusang-main/real_data/afproject_genome/fish_mito/NC_013564.fasta	0.202756	6.71452e-301	284/5000
/mnt/d/系统发育树项目/Fusang/Fusang-main/real_data/afproject_genome/fish_mito/NC_011169.fasta	/mnt/d/系统发育树项目/Fusang/Fusang-main/real_data/afproject_genome/fish_mito/NC_013564.fasta	0.192524	0	320/5000
/mnt/d/系统发育树项目/Fusang/Fusang-main/real_data/afproject_genome/fish_mito/NC_011170.fasta	/mnt/d/系统发育树项目/Fusang/Fusang-main/real_data/afproject_genome/fish_mito/NC_013564.fasta	0.204904	1.48655e-290	277/5000
/mnt/d/系统发育树项目/Fusang/Fusang-main/real_data/afproject_genome/fish_mito/NC_011171.fasta	/mnt/d/系统发育树项目/Fusang/Fusang-main/real_data/afproject_genome/fish_mito/NC_013564.fasta	0.195793	0	308/5000
/mnt/d/系统发育树项目/Fusang/Fusang-main/real_data/afproject_genome/fish_mito/NC_011177.fasta	/mnt/d/系统发育树项目/Fusang/Fusang-main/real_data/afproject_genome/fish_mito/NC_013564.fasta	0.20306	1.26207e-299	283/5000
/mnt/d/系统发育树项目/Fusang/Fusang-main/real_data/afproject_genome/fish_mito/NC_011179.fasta	/mnt/d/系统发育树项目/Fusang/Fusang-main/real_data/afproject_genome/fish_mito/NC_013564.fasta	0.198622	3.65609e-322	298/5000
/mnt/d/系统发育树项目/Fusang/Fusang-main/real_data/afproject_genome/fish_mito/NC_012055.fasta	/mnt/d/系统发育树项目/Fusang/Fusang-main/real_data/afproject_genome/fish_mito/NC_013564.fasta	0.212388	3.02137e-257	254/5000
/mnt/d/系统发育树项目/Fusang/Fusang-main/real_data/afproject_genome/fish_mito/NC_013564.fasta	/mnt/d/系统发育树项目/Fusang/Fusang-main/real_data/afproject_genome/fish_mito/NC_013564.fasta	0	0	5000/5000
/mnt/d/系统发育树项目/Fusang/Fusang-main/real_data/afproject_genome/fish_mito/NC_013577.fasta	/mnt/d/系统发育树项目/Fusang/Fusang-main/real_data/afproject_genome/fish_mito/NC_013564.fasta	0.122158	0	750/5000
/mnt/d/系统发育树项目/Fusang/Fusang-main/real_data/afproject_genome/fish_mito/NC_013663.fasta	/mnt/d/系统发育树项目/Fusang/Fusang-main/real_data/afproject_genome/fish_mito/NC_013564.fasta	0.195239	0	310/5000
/mnt/d/系统发育树项目/Fusang/Fusang-main/real_data/afproject_genome/fish_mito/NC_013750.fasta	/mnt/d/系统发育树项目/Fusang/Fusang-main/real_data/afproject_genome/fish_mito/NC_013564.fasta	0.189382	0	332/5000
/mnt/d/系统发育树项目/Fusang/Fusang-main/real_data/afproject_genome/fish_mito/NC_018814.fasta	/mnt/d/系统发育树项目/Fusang/Fusang-main/real_data/afproject_genome/fish_mito/NC_013564.fasta	0.200368	1.16448e-312	292/5000
/mnt/d/系统发育树项目/Fusang/Fusang-main/real_data/afproject_genome/fish_mito/NC_018815.fasta	/mnt/d/系统发育树项目/Fusang/Fusang-main/real_data/afproject_genome/fish_mito/NC_013564.fasta	0.197479	0	302/5000
/mnt/d/系统发育树项目/Fusang/Fusang-main/real_data/afproject_genome/fish_mito/NC_009057.fasta	/mnt/d/系统发育树项目/Fusang/Fusang-main/real_data/afproject_genome/fish_mito/NC_013577.fasta	0.202454	1.38101e-301	285/5000
/mnt/d/系统发育树项目/Fusang/Fusang-main/real_data/afproject_genome/fish_mito/NC_009058.fasta	/mnt/d/系统发育树项目/Fusang/Fusang-main/real_data/afproject_genome/fish_mito/NC_013577.fasta	0.201852	9.19349e-305	287/5000
/mnt/d/系统发育树项目/Fusang/Fusang-main/real_data/afproject_genome/fish_mito/NC_009059.fasta	/mnt/d/系统发育树项目/Fusang/Fusang-main/real_data/afproject_genome/fish_mito/NC_013577.fasta	0.219869	4.51738e-227	233/5000
/mnt/d/系统发育树项目/Fusang/Fusang-main/real_data/afproject_genome/fish_mito/NC_009060.fasta	/mnt/d/系统发育树项目/Fusang/Fusang-main/real_data/afproject_genome/fish_mito/NC_013577.fasta	0.223293	1.63333e-214	224/5000
/mnt/d/系统发育树项目/Fusang/Fusang-main/real_data/afproject_genome/fish_mito/NC_009062.fasta	/mnt/d/系统发育树项目/Fusang/Fusang-main/real_data/afproject_genome/fish_mito/NC_013577.fasta	0.210702	1.00915e-263	259/5000
/mnt/d/系统发育树项目/Fusang/Fusang-main/real_data/afproject_genome/fish_mito/NC_009063.fasta	/mnt/d/系统发育树项目/Fusang/Fusang-main/real_data/afproject_genome/fish_mito/NC_013577.fasta	0.204285	8.10531e-293	279/5000
/mnt/d/系统发育树项目/Fusang/Fusang-main/real_data/afproject_genome/fish_mito/NC_009064.fasta	/mnt/d/系统发育树项目/Fusang/Fusang-main/real_data/afproject_genome/fish_mito/NC_013577.fasta	0.208398	1.87968e-273	266/5000
/mnt/d/系统发育树项目/Fusang/Fusang-main/real_data/afproject_genome/fish_mito/NC_009065.fasta	/mnt/d/系统发育树项目/Fusang/Fusang-main/real_data/afproject_genome/fish_mito/NC_013577.fasta	0.216222	9.88561e-241	243/5000
/mnt/d/系统发育树项目/Fusang/Fusang-main/real_data/afproject_genome/fish_mito/NC_009066.fasta	/mnt/d/系统发育树项目/Fusang/Fusang-main/real_data/afproject_genome/fish_mito/NC_013577.fasta	0.226864	5.55875e-201	215/5000
/mnt/d/系统发育树项目/Fusang/Fusang-main/real_data/afproject_genome/fish_mito/NC_009067.fasta	/mnt/d/系统发育树项目/Fusang/Fusang-main/real_data/afproject_genome/fish_mito/NC_013577.fasta	0.216222	3.69685e-241	243/5000
/mnt/d/系统发育树项目/Fusang/Fusang-main/real_data/afproject_genome/fish_mito/NC_009459.fasta	/mnt/d/系统发育树项目/Fusang/Fusang-main/real_data/afproject_genome/fish_mito/NC_013577.fasta	0.220242	5.94563e-226	232/5000
/mnt/d/系统发育树项目/Fusang/Fusang-main/real_data/afproject_genome/fish_mito/NC_010205.fasta	/mnt/d/系统发育树项目/Fusang/Fusang-main/real_data/afproject_genome/fish_mito/NC_013577.fasta	0.223683	1.58761e-212	223/5000
/mnt/d/系统发育树项目/Fusang/Fusang-main/real_data/afproject_genome/fish_mito/NC_011168.fasta	/mnt/d/系统发育树项目/Fusang/Fusang-main/real_data/afproject_genome/fish_mito/NC_013577.fasta	0.206792	2.86295e-281	271/5000
/mnt/d/系统发育树项目/Fusang/Fusang-main/real_data/afproject_genome/fish_mito/NC_011169.fasta	/mnt/d/系统发育树项目/Fusang/Fusang-main/real_data/afproject_genome/fish_mito/NC_013577.fasta	0.208075	2.12365e-275	267/5000
/mnt/d/系统发育树项目/Fusang/Fusang-main/real_data/afproject_genome/fish_mito/NC_011170.fasta	/mnt/d/系统发育树项目/Fusang/Fusang-main/real_data/afproject_genome/fish_mito/NC_013577.fasta	0.211709	1.48409e-259	256/5000
/mnt/d/系统发育树项目/Fusang/Fusang-main/real_data/afproject_genome/fish_mito/NC_011171.fasta	/mnt/d/系统发育树项目/Fusang/Fusang-main/real_data/afproject_genome/fish_mito/NC_013577.fasta	0.207752	1.89508e-275	268/5000
/mnt/d/系统发育树项目/Fusang/Fusang-main/real_data/afproject_genome/fish_mito/NC_011177.fasta	/mnt/d/系统发育树项目/Fusang/Fusang-main/real_data/afproject_genome/fish_mito/NC_013577.fasta	0.208075	1.22615e-275	267/5000
/mnt/d/系统发育树项目/Fusang/Fusang-main/real_data/afproject_genome/fish_mito/NC_011179.fasta	/mnt/d/系统发育树项目/Fusang/Fusang-main/real_data/afproject_genome/fish_mito/NC_013577.fasta	0.206474	4.9249e-283	272/5000
/mnt/d/系统发育树项目/Fusang/Fusang-main/real_data/afproject_genome/fish_mito/NC_012055.fasta	/mnt/d/系统发育树项目/Fusang/Fusang-main/real_data/afproject_genome/fish_mito/NC_013577.fasta	0.212048	3.10199e-258	255/5000
/mnt/d/系统发育树项目/Fusang/Fusang-main/real_data/afproject_genome/fish_mito/NC_013564.fasta	/mnt/d/系统发育树项目/Fusang/Fusang-main/real_data/afproject_genome/fish_mito/NC_013577.fasta	0.122158	0	750/5000
/mnt/d/系统发育树项目/Fusang/Fusang-main/real_data/afproject_genome/fish_mito/NC_013577.fasta	/mnt/d/系统发育树项目/Fusang/Fusang-main/real_data/afproject_genome/fish_mito/NC_013577.fasta	0	0	5000/5000
/mnt/d/系统发育树项目/Fusang/Fusang-main/real_data/afproject_genome/fish_mito/NC_013663.fasta	/mnt/d/系统发育树项目/Fusang/Fusang-main/real_data/afproject_genome/fish_mito/NC_013577.fasta	0.204594	3.04465e-291	278/5000
/mnt/d/系统发育树项目/Fusang/Fusang-main/real_data/afproject_genome/fish_mito/NC_013750.fasta	/mnt/d/系统发育树项目/Fusang/Fusang-main/real_data/afproject_genome/fish_mito/NC_013577.fasta	0.195793	0	308/5000
/mnt/d/系统发育树项目/Fusang/Fusang-main/real_data/afproject_genome/fish_mito/NC_018814.fasta	/mnt/d/系统发育树项目/Fusang/Fusang-main/real_data/afproject_genome/fish_mito/NC_013577.fasta	0.205843	1.66078e-285	274/5000
/mnt/d/系统发育树项目/Fusang/Fusang-main/real_data/afproject_genome/fish_mito/NC_018815.fasta	/mnt/d/系统发育树项目/Fusang/Fusang-main/real_data/afproject_genome/fish_mito/NC_013577.fasta	0.205529	5.77066e-287	275/5000
/mnt/d/系统发育树项目/Fusang/Fusang-main/real_data/afproject_genome/fish_mito/NC_009057.fasta	/mnt/d/系统发育树项目/Fusang/Fusang-main/real_data/afproject_genome/fish_mito/NC_013663.fasta	0.053987	0	1907/5000
/mnt/d/系统发育树项目/Fusang/Fusang-main/real_data/afproject_genome/fish_mito/NC_009058.fasta	/mnt/d/系统发育树项目/Fusang/Fusang-main/real_data/afproject_genome/fish_mito/NC_013663.fasta	0.151426	0	522/5000
/mnt/d/系统发育树项目/Fusang/Fusang-main/real_data/afproject_genome/fish_mito/NC_009059.fasta	/mnt/d/系统发育树项目/Fusang/Fusang-main/real_data/afproject_genome/fish_mito/NC_013663.fasta	0.166942	0	433/5000
/mnt/d/系统发育树项目/Fusang/Fusang-main/real_data/afproject_genome/fish_mito/NC_009060.fasta	/mnt/d/系统发育树项目/Fusang/Fusang-main/real_data/afproject_genome/fish_mito/NC_013663.fasta	0.17792	0	380/5000
/mnt/d/系统发育树项目/Fusang/Fusang-main/real_data/afproject_genome/fish_mito/NC_009062.fasta	/mnt/d/系统发育树项目/Fusang/Fusang-main/real_data/afproject_genome/fish_mito/NC_013663.fasta	0.099647	0	1003/5000
/mnt/d/系统发育树项目/Fusang/Fusang-main/real_data/afproject_genome/fish_mito/NC_009063.fasta	/mnt/d/系统发育树项目/Fusang/Fusang-main/real_data/afproject_genome/fish_mito/NC_013663.fasta	0.0906462	0	1131/5000
/mnt/d/系统发育树项目/Fusang/Fusang-main/real_data/afproject_genome/fish_mito/NC_009064.fasta	/mnt/d/系统发育树项目/Fusang/Fusang-main/real_data/afproject_genome/fish_mito/NC_013663.fasta	0.154155	0	505/5000
/mnt/d/系统发育树项目/Fusang/Fusang-main/real_data/afproject_genome/fish_mito/NC_009065.fasta	/mnt/d/系统发育树项目/Fusang/Fusang-main/real_data/afproject_genome/fish_mito/NC_013663.fasta	0.177036	0	384/5000
/mnt/d/系统发育树项目/Fusang/Fusang-main/real_data/afproject_genome/fish_mito/NC_009066.fasta	/mnt/d/系统发育树项目/Fusang/Fusang-main/real_data/afproject_genome/fish_mito/NC_013663.fasta	0.199491	1.35434e-315	295/5000
/mnt/d/系统发育树项目/Fusang/Fusang-main/real_data/afproject_genome/fish_mito/NC_009067.fasta	/mnt/d/系统发育树项目/Fusang/Fusang-main/real_data/afproject_genome/fish_mito/NC_013663.fasta	0.188615	0	335/5000
/mnt/d/系统发育树项目/Fusang/Fusang-main/real_data/afproject_genome/fish_mito/NC_009459.fasta	/mnt/d/系统发育树项目/Fusang/Fusang-main/real_data/afproject_genome/fish_mito/NC_013663.fasta	0.186358	0	344/5000
/mnt/d/系统发育树项目/Fusang/Fusang-main/real_data/afproject_genome/fish_mito/NC_010205.fasta	/mnt/d/系统发育树项目/Fusang/Fusang-main/real_data/afproject_genome/fish_mito/NC_013663.fasta	0.198911	1.64889e-319	297/5000
/mnt/d/系统发育树项目/Fusang/Fusang-main/real_data/afproject_genome/fish_mito/NC_011168.fasta	/mnt/d/系统发育树项目/Fusang/Fusang-main/real_data/afproject_genome/fish_mito/NC_013663.fasta	0.15033	0	529/5000
/mnt/d/系统发育树项目/Fusang/Fusang-main/real_data/afproject_genome/fish_mito/NC_011169.fasta	/mnt/d/系统发育树项目/Fusang/Fusang-main/real_data/afproject_genome/fish_mito/NC_013663.fasta	0.144646	0	567/5000
/mnt/d/系统发育树项目/Fusang/Fusang-main/real_data/afproject_genome/fish_mito/NC_011170.fasta	/mnt/d/系统发育树项目/Fusang/Fusang-main/real_data/afproject_genome/fish_mito/NC_013663.fasta	0.151742	0	520/5000
/mnt/d/系统发育树项目/Fusang/Fusang-main/real_data/afproject_genome/fish_mito/NC_011171.fasta	/mnt/d/系统发育树项目/Fusang/Fusang-main/real_data/afproject_genome/fish_mito/NC_013663.fasta	0.140447	0	597/5000
/mnt/d/系统发育树项目/Fusang/Fusang-main/real_data/afproject_genome/fish_mito/NC_011177.fasta	/mnt/d/系统发育树项目/Fusang/Fusang-main/real_data/afproject_genome/fish_mito/NC_013663.fasta	0.151268	0	523/5000
/mnt/d/系统发育树项目/Fusang/Fusang-main/real_data/afproject_genome/fish_mito/NC_011179.fasta	/mnt/d/系统发育树项目/Fusang/Fusang-main/real_data/afproject_genome/fish_mito/NC_013663.fasta	0.16354	0	451/5000
/mnt/d/系统发育树项目/Fusang/Fusang-main/real_data/afproject_genome/fish_mito/NC_012055.fasta	/mnt/d/系统发育树项目/Fusang/Fusang-main/real_data/afproject_genome/fish_mito/NC_013663.fasta	0.188108	0	337/5000
/mnt/d/系统发育树项目/Fusang/Fusang-main/real_data/afproject_genome/fish_mito/NC_013564.fasta	/mnt/d/系统发育树项目/Fusang/Fusang-main/real_data/afproject_genome/fish_mito/NC_013663.fasta	0.195239	0	310/5000
/mnt/d/系统发育树项目/Fusang/Fusang-main/real_data/afproject_genome/fish_mito/NC_013577.fasta	/mnt/d/系统发育树项目/Fusang/Fusang-main/real_data/afproject_genome/fish_mito/NC_013663.fasta	0.204594	3.04465e-291	278/5000
/mnt/d/系统发育树项目/Fusang/Fusang-main/real_data/afproject_genome/fish_mito/NC_013663.fasta	/mnt/d/系统发育树项目/Fusang/Fusang-main/real_data/afproject_genome/fish_mito/NC_013663.fasta	0	0	5000/5000
/mnt/d/系统发育树项目/Fusang/Fusang-main/real_data/afproject_genome/fish_mito/NC_013750.fasta	/mnt/d/系统发育树项目/Fusang/Fusang-main/real_data/afproject_genome/fish_mito/NC_013663.fasta	0.0444275	0	2212/5000
/mnt/d/系统发育树项目/Fusang/Fusang-main/real_data/afproject_genome/fish_mito/NC_018814.fasta	/mnt/d/系统发育树项目/Fusang/Fusang-main/real_data/afproject_genome/fish_mito/NC_013663.fasta	0.088901	0	1158/5000
/mnt/d/系统发育树项目/Fusang/Fusang-main/real_data/afproject_genome/fish_mito/NC_018815.fasta	/mnt/d/系统发育树项目/Fusang/Fusang-main/real_data/afproject_genome/fish_mito/NC_013663.fasta	0.0915707	0	1117/5000
/mnt/d/系统发育树项目/Fusang/Fusang-main/real_data/afproject_genome/fish_mito/NC_009057.fasta	/mnt/d/系统发育树项目/Fusang/Fusang-main/real_data/afproject_genome/fish_mito/NC_013750.fasta	0.0654675	0	1608/5000
/mnt/d/系统发育树项目/Fusang/Fusang-main/real_data/afproject_genome/fish_mito/NC_009058.fasta	/mnt/d/系统发育树项目/Fusang/Fusang-main/real_data/afproject_genome/fish_mito/NC_013750.fasta	0.146986	0	551/5000
/mnt/d/系统发育树项目/Fusang/Fusang-main/real_data/afproject_genome/fish_mito/NC_009059.fasta	/mnt/d/系统发育树项目/Fusang/Fusang-main/real_data/afproject_genome/fish_mito/NC_013750.fasta	0.166557	0	435/5000
/mnt/d/系统发育树项目/Fusang/Fusang-main/real_data/afproject_genome/fish_mito/NC_009060.fasta	/mnt/d/系统发育树项目/Fusang/Fusang-main/real_data/afproject_genome/fish_mito/NC_013750.fasta	0.182262	0	361/5000
/mnt/d/系统发育树项目/Fusang/Fusang-main/real_data/afproject_genome/fish_mito/NC_009062.fasta	/mnt/d/系统发育树项目/Fusang/Fusang-main/real_data/afproject_genome/fish_mito/NC_013750.fasta	0.0954812	0	1060/5000
/mnt/d/系统发育树项目/Fusang/Fusang-main/real_data/afproject_genome/fish_mito/NC_009063.fasta	/mnt/d/系统发育树项目/Fusang/Fusang-main/real_data/afproject_genome/fish_mito/NC_013750.fasta	0.0884564	0	1165/5000
/mnt/d/系统发育树项目/Fusang/Fusang-main/real_data/afproject_genome/fish_mito/NC_009064.fasta	/mnt/d/系统发育树项目/Fusang/Fusang-main/real_data/afproject_genome/fish_mito/NC_013750.fasta	0.152059	0	518/5000
/mnt/d/系统发育树项目/Fusang/Fusang-main/real_data/afproject_genome/fish_mito/NC_009065.fasta	/mnt/d/系统发育树项目/Fusang/Fusang-main/real_data/afproject_genome/fish_mito/NC_013750.fasta	0.169495	0	420/5000
/mnt/d/系统发育树项目/Fusang/Fusang-main/real_data/afproject_genome/fish_mito/NC_009066.fasta	/mnt/d/系统发育树项目/Fusang/Fusang-main/real_data/afproject_genome/fish_mito/NC_013750.fasta	0.1992	4.3572e-317	296/5000
/mnt/d/系统发育树项目/Fusang/Fusang-main/real_data/afproject_genome/fish_mito/NC_009067.fasta	/mnt/d/系统发育树项目/Fusang/Fusang-main/real_data/afproject_genome/fish_mito/NC_013750.fasta	0.186854	0	342/5000
/mnt/d/系统发育树项目/Fusang/Fusang-main/real_data/afproject_genome/fish_mito/NC_009459.fasta	/mnt/d/系统发育树项目/Fusang/Fusang-main/real_data/afproject_genome/fish_mito/NC_013750.fasta	0.190937	0	326/5000
/mnt/d/系统发育树项目/Fusang/Fusang-main/real_data/afproject_genome/fish_mito/NC_010205.fasta	/mnt/d/系统发育树项目/Fusang/Fusang-main/real_data/afproject_genome/fish_mito/NC_013750.fasta	0.194963	0	311/5000
/mnt/d/系统发育树项目/Fusang/Fusang-main/real_data/afproject_genome/fish_mito/NC_011168.fasta	/mnt/d/系统发育树项目/Fusang/Fusang-main/real_data/afproject_genome/fish_mito/NC_013750.fasta	0.146247	0	556/5000
/mnt/d/系统发育树项目/Fusang/Fusang-main/real_data/afproject_genome/fish_mito/NC_011169.fasta	/mnt/d/系统发育树项目/Fusang/Fusang-main/real_data/afproject_genome/fish_mito/NC_013750.fasta	0.143645	0	574/5000
/mnt/d/系统发育树项目/Fusang/Fusang-main/real_data/afproject_genome/fish_mito/NC_011170.fasta	/mnt/d/系统发育树项目/Fusang/Fusang-main/real_data/afproject_genome/fish_mito/NC_013750.fasta	0.15002	0	531/5000
/mnt/d/系统发育树项目/Fusang/Fusang-main/real_data/afproject_genome/fish_mito/NC_011171.fasta	/mnt/d/系统发育树项目/Fusang/Fusang-main/real_data/afproject_genome/fish_mito/NC_013750.fasta	0.133572	0	650/5000
/mnt/d/系统发育树项目/Fusang/Fusang-main/real_data/afproject_genome/fish_mito/NC_011177.fasta	/mnt/d/系统发育树项目/Fusang/Fusang-main/real_data/afproject_genome/fish_mito/NC_013750.fasta	0.148034	0	544/5000
/mnt/d/系统发育树项目/Fusang/Fusang-main/real_data/afproject_genome/fish_mito/NC_011179.fasta	/mnt/d/系统发育树项目/Fusang/Fusang-main/real_data/afproject_genome/fish_mito/NC_013750.fasta	0.16354	0	451/5000
/mnt/d/系统发育树项目/Fusang/Fusang-main/real_data/afproject_genome/fish_mito/NC_012055.fasta	/mnt/d/系统发育树项目/Fusang/Fusang-main/real_data/afproject_genome/fish_mito/NC_013750.fasta	0.18562	0	347/5000
/mnt/d/系统发育树项目/Fusang/Fusang-main/real_data/afproject_genome/fish_mito/NC_013564.fasta	/mnt/d/系统发育树项目/Fusang/Fusang-main/real_data/afproject_genome/fish_mito/NC_013750.fasta	0.189382	0	332/5000
/mnt/d/系统发育树项目/Fusang/Fusang-main/real_data/afproject_genome/fish_mito/NC_013577.fasta	/mnt/d/系统发育树项目/Fusang/Fusang-main/real_data/afproject_genome/fish_mito/NC_013750.fasta	0.195793	0	308/5000
/mnt/d/系统发育树项目/Fusang/Fusang-main/real_data/afproject_genome/fish_mito/NC_013663.fasta	/mnt/d/系统发育树项目/Fusang/Fusang-main/real_data/afproject_genome/fish_mito/NC_013750.fasta	0.0444275	0	2212/5000
/mnt/d/系统发育树项目/Fusang/Fusang-main/real_data/afproject_genome/fish_mito/NC_013750.fasta	/mnt/d/系统发育树项目/Fusang/Fusang-main/real_data/afproject_genome/fish_mito/NC_013750.fasta	0	0	5000/5000
/mnt/d/系统发育树项目/Fusang/Fusang-main/real_data/afproject_genome/fish_mito/NC_018814.fasta	/mnt/d/系统发育树项目/Fusang/Fusang-main/real_data/afproject_genome/fish_mito/NC_013750.fasta	0.0864024	0	1198/5000
/mnt/d/系统发育树项目/Fusang/Fusang-main/real_data/afproject_genome/fish_mito/NC_018815.fasta	/mnt/d/系统发育树项目/Fusang/Fusang-main/real_data/afproject_genome/fish_mito/NC_013750.fasta	0.0877015	0	1177/5000
/mnt/d/系统发育树项目/Fusang/Fusang-main/real_data/afproject_genome/fish_mito/NC_009057.fasta	/mnt/d/系统发育树项目/Fusang/Fusang-main/real_data/afproject_genome/fish_mito/NC_018814.fasta	0.0948475	0	1069/5000
/mnt/d/系统发育树项目/Fusang/Fusang-main/real_data/afproject_genome/fish_mito/NC_009058.fasta	/mnt/d/系统发育树项目/Fusang/Fusang-main/real_data/afproject_genome/fish_mito/NC_018814.fasta	0.154483	0	503/5000
/mnt/d/系统发育树项目/Fusang/Fusang-main/real_data/afproject_genome/fish_mito/NC_009059.fasta	/mnt/d/系统发育树项目/Fusang/Fusang-main/real_data/afproject_genome/fish_mito/NC_018814.fasta	0.169896	0	418/5000
/mnt/d/系统发育树项目/Fusang/Fusang-main/real_data/afproject_genome/fish_mito/NC_009060.fasta	/mnt/d/系统发育树项目/Fusang/Fusang-main/real_data/afproject_genome/fish_mito/NC_018814.fasta	0.178815	0	376/5000
/mnt/d/系统发育树项目/Fusang/Fusang-main/real_data/afproject_genome/fish_mito/NC_009062.fasta	/mnt/d/系统发育树项目/Fusang/Fusang-main/real_data/afproject_genome/fish_mito/NC_018814.fasta	0.0917039	0	1115/5000
/mnt/d/系统发育树项目/Fusang/Fusang-main/real_data/afproject_genome/fish_mito/NC_009063.fasta	/mnt/d/系统发育树项目/Fusang/Fusang-main/real_data/afproject_genome/fish_mito/NC_018814.fasta	0.0312836	0	2745/5000
/mnt/d/系统发育树项目/Fusang/Fusang-main/real_data/afproject_genome/fish_mito/NC_009064.fasta	/mnt/d/系统发育树项目/Fusang/Fusang-main/real_data/afproject_genome/fish_mito/NC_018814.fasta	0.159928	0	471/5000
/mnt/d/系统发育树项目/Fusang/Fusang-main/real_data/afproject_genome/fish_mito/NC_009065.fasta	/mnt/d/系统发育树项目/Fusang/Fusang-main/real_data/afproject_genome/fish_mito/NC_018814.fasta	0.176817	0	385/5000
/mnt/d/系统发育树项目/Fusang/Fusang-main/real_data/afproject_genome/fish_mito/NC_009066.fasta	/mnt/d/系统发育树项目/Fusang/Fusang-main/real_data/afproject_genome/fish_mito/NC_018814.fasta	0.197763	0	301/5000
/mnt/d/系统发育树项目/Fusang/Fusang-main/real_data/afproject_genome/fish_mito/NC_009067.fasta	/mnt/d/系统发育树项目/Fusang/Fusang-main/real_data/afproject_genome/fish_mito/NC_018814.fasta	0.193059	0	318/5000
/mnt/d/系统发育树项目/Fusang/Fusang-main/real_data/afproject_genome/fish_mito/NC_009459.fasta	/mnt/d/系统发育树项目/Fusang/Fusang-main/real_data/afproject_genome/fish_mito/NC_018814.fasta	0.191463	0	324/5000
/mnt/d/系统发育树项目/Fusang/Fusang-main/real_data/afproject_genome/fish_mito/NC_010205.fasta	/mnt/d/系统发育树项目/Fusang/Fusang-main/real_data/afproject_genome/fish_mito/NC_018814.fasta	0.200959	3.53306e-309	290/5000
/mnt/d/系统发育树项目/Fusang/Fusang-main/real_data/afproject_genome/fish_mito/NC_011168.fasta	/mnt/d/系统发育树项目/Fusang/Fusang-main/real_data/afproject_genome/fish_mito/NC_018814.fasta	0.147583	0	547/5000
/mnt/d/系统发育树项目/Fusang/Fusang-main/real_data/afproject_genome/fish_mito/NC_011169.fasta	/mnt/d/系统发育树项目/Fusang/Fusang-main/real_data/afproject_genome/fish_mito/NC_018814.fasta	0.153992	0	506/5000
/mnt/d/系统发育树项目/Fusang/Fusang-main/real_data/afproject_genome/fish_mito/NC_011170.fasta	/mnt/d/系统发育树项目/Fusang/Fusang-main/real_data/afproject_genome/fish_mito/NC_018814.fasta	0.155308	0	498/5000
/mnt/d/系统发育树项目/Fusang/Fusang-main/real_data/afproject_genome/fish_mito/NC_011171.fasta	/mnt/d/系统发育树项目/Fusang/Fusang-main/real_data/afproject_genome/fish_mito/NC_018814.fasta	0.14479	0	566/5000
/mnt/d/系统发育树项目/Fusang/Fusang-main/real_data/afproject_genome/fish_mito/NC_011177.fasta	/mnt/d/系统发育树项目/Fusang/Fusang-main/real_data/afproject_genome/fish_mito/NC_018814.fasta	0.15318	0	511/5000
/mnt/d/系统发育树项目/Fusang/Fusang-main/real_data/afproject_genome/fish_mito/NC_011179.fasta	/mnt/d/系统发育树项目/Fusang/Fusang-main/real_data/afproject_genome/fish_mito/NC_018814.fasta	0.159051	0	476/5000
/mnt/d/系统发育树项目/Fusang/Fusang-main/real_data/afproject_genome/fish_mito/NC_012055.fasta	/mnt/d/系统发育树项目/Fusang/Fusang-main/real_data/afproject_genome/fish_mito/NC_018814.fasta	0.197763	0	301/5000
/mnt/d/系统发育树项目/Fusang/Fusang-main/real_data/afproject_genome/fish_mito/NC_013564.fasta	/mnt/d/系统发育树项目/Fusang/Fusang-main/real_data/afproject_genome/fish_mito/NC_018814.fasta	0.200368	1.16448e-312	292/5000
/mnt/d/系统发育树项目/Fusang/Fusang-main/real_data/afproject_genome/fish_mito/NC_013577.fasta	/mnt/d/系统发育树项目/Fusang/Fusang-main/real_data/afproject_genome/fish_mito/NC_018814.fasta	0.205843	1.66078e-285	274/5000
/mnt/d/系统发育树项目/Fusang/Fusang-main/real_data/afproject_genome/fish_mito/NC_013663.fasta	/mnt/d/系统发育树项目/Fusang/Fusang-main/real_data/afproject_genome/fish_mito/NC_018814.fasta	0.088901	0	1158/5000
/mnt/d/系统发育树项目/Fusang/Fusang-main/real_data/afproject_genome/fish_mito/NC_013750.fasta	/mnt/d/系统发育树项目/Fusang/Fusang-main/real_data/afproject_genome/fish_mito/NC_018814.fasta	0.0864024	0	1198/5000
/mnt/d/系统发育树项目/Fusang/Fusang-main/real_data/afproject_genome/fish_mito/NC_018814.fasta	/mnt/d/系统发育树项目/Fusang/Fusang-main/real_data/afproject_genome/fish_mito/NC_018814.fasta	0	0	5000/5000
/mnt/d/系统发育树项目/Fusang/Fusang-main/real_data/afproject_genome/fish_mito/NC_018815.fasta	/mnt/d/系统发育树项目/Fusang/Fusang-main/real_data/afproject_genome/fish_mito/NC_018814.fasta	0.0343613	0	2606/5000
/mnt/d/系统发育树项目/Fusang/Fusang-main/real_data/afproject_genome/fish_mito/NC_009057.fasta	/mnt/d/系统发育树项目/Fusang/Fusang-main/real_data/afproject_genome/fish_mito/NC_018815.fasta	0.0983021	0	1021/5000
/mnt/d/系统发育树项目/Fusang/Fusang-main/real_data/afproject_genome/fish_mito/NC_009058.fasta	/mnt/d/系统发育树项目/Fusang/Fusang-main/real_data/afproject_genome/fish_mito/NC_018815.fasta	0.155808	0	495/5000
/mnt/d/系统发育树项目/Fusang/Fusang-main/real_data/afproject_genome/fish_mito/NC_009059.fasta	/mnt/d/系统发育树项目/Fusang/Fusang-main/real_data/afproject_genome/fish_mito/NC_018815.fasta	0.1705	0	415/5000
/mnt/d/系统发育树项目/Fusang/Fusang-main/real_data/afproject_genome/fish_mito/NC_009060.fasta	/mnt/d/系统发育树项目/Fusang/Fusang-main/real_data/afproject_genome/fish_mito/NC_018815.fasta	0.185375	0	348/5000
/mnt/d/系统发育树项目/Fusang/Fusang-main/real_data/afproject_genome/fish_mito/NC_009062.fasta	/mnt/d/系统发育树项目/Fusang/Fusang-main/real_data/afproject_genome/fish_mito/NC_018815.fasta	0.0911068	0	1124/5000
/mnt/d/系统发育树项目/Fusang/Fusang-main/real_data/afproject_genome/fish_mito/NC_009063.fasta	/mnt/d/系统发育树项目/Fusang/Fusang-main/real_data/afproject_genome/fish_mito/NC_018815.fasta	0.0347991	0	2587/5000
/mnt/d/系统发育树项目/Fusang/Fusang-main/real_data/afproject_genome/fish_mito/NC_009064.fasta	/mnt/d/系统发育树项目/Fusang/Fusang-main/real_data/afproject_genome/fish_mito/NC_018815.fasta	0.156817	0	489/5000
/mnt/d/系统发育树项目/Fusang/Fusang-main/real_data/afproject_genome/fish_mito/NC_009065.fasta	/mnt/d/系统发育树项目/Fusang/Fusang-main/real_data/afproject_genome/fish_mito/NC_018815.fasta	0.179492	0	373/5000
/mnt/d/系统发育树项目/Fusang/Fusang-main/real_data/afproject_genome/fish_mito/NC_009066.fasta	/mnt/d/系统发育树项目/Fusang/Fusang-main/real_data/afproject_genome/fish_mito/NC_018815.fasta	0.196351	0	306/5000
/mnt/d/系统发育树项目/Fusang/Fusang-main/real_data/afproject_genome/fish_mito/NC_009067.fasta	/mnt/d/系统发育树项目/Fusang/Fusang-main/real_data/afproject_genome/fish_mito/NC_018815.fasta	0.193059	0	318/5000
/mnt/d/系统发育树项目/Fusang/Fusang-main/real_data/afproject_genome/fish_mito/NC_009459.fasta	/mnt/d/系统发育树项目/Fusang/Fusang-main/real_data/afproject_genome/fish_mito/NC_018815.fasta	0.191991	0	322/5000
/mnt/d/系统发育树项目/Fusang/Fusang-main/real_data/afproject_genome/fish_mito/NC_010205.fasta	/mnt/d/系统发育树项目/Fusang/Fusang-main/real_data/afproject_genome/fish_mito/NC_018815.fasta	0.1992	3.79396e-318	296/5000
/mnt/d/系统发育树项目/Fusang/Fusang-main/real_data/afproject_genome/fish_mito/NC_011168.fasta	/mnt/d/系统发育树项目/Fusang/Fusang-main/real_data/afproject_genome/fish_mito/NC_018815.fasta	0.146838	0	552/5000
/mnt/d/系统发育树项目/Fusang/Fusang-main/real_data/afproject_genome/fish_mito/NC_011169.fasta	/mnt/d/系统发育树项目/Fusang/Fusang-main/real_data/afproject_genome/fish_mito/NC_018815.fasta	0.154319	0	504/5000
/mnt/d/系统发育树项目/Fusang/Fusang-main/real_data/afproject_genome/fish_mito/NC_011170.fasta	/mnt/d/系统发育树项目/Fusang/Fusang-main/real_data/afproject_genome/fish_mito/NC_018815.fasta	0.154155	0	505/5000
/mnt/d/系统发育树项目/Fusang/Fusang-main/real_data/afproject_genome/fish_mito/NC_011171.fasta	/mnt/d/系统发育树项目/Fusang/Fusang-main/real_data/afproject_genome/fish_mito/NC_018815.fasta	0.145953	0	558/5000
/mnt/d/系统发育树项目/Fusang/Fusang-main/real_data/afproject_genome/fish_mito/NC_011177.fasta	/mnt/d/系统发育树项目/Fusang/Fusang-main/real_data/afproject_genome/fish_mito/NC_018815.fasta	0.153829	0	507/5000
/mnt/d/系统发育树项目/Fusang/Fusang-main/real_data/afproject_genome/fish_mito/NC_011179.fasta	/mnt/d/系统发育树项目/Fusang/Fusang-main/real_data/afproject_genome/fish_mito/NC_018815.fasta	0.160105	0	470/5000
/mnt/d/系统发育树项目/Fusang/Fusang-main/real_data/afproject_genome/fish_mito/NC_012055.fasta	/mnt/d/系统发育树项目/Fusang/Fusang-main/real_data/afproject_genome/fish_mito/NC_018815.fasta	0.194688	0	312/5000
/mnt/d/系统发育树项目/Fusang/Fusang-main/real_data/afproject_genome/fish_mito/NC_013564.fasta	/mnt/d/系统发育树项目/Fusang/Fusang-main/real_data/afproject_genome/fish_mito/NC_018815.fasta	0.197479	0	302/5000
/mnt/d/系统发育树项目/Fusang/Fusang-main/real_data/afproject_genome/fish_mito/NC_013577.fasta	/mnt/d/系统发育树项目/Fusang/Fusang-main/real_data/afproject_genome/fish_mito/NC_018815.fasta	0.205529	5.77066e-287	275/5000
/mnt/d/系统发育树项目/Fusang/Fusang-main/real_data/afproject_genome/fish_mito/NC_013663.fasta	/mnt/d/系统发育树项目/Fusang/Fusang-main/real_data/afproject_genome/fish_mito/NC_018815.fasta	0.0915707	0	1117/5000
/mnt/d/系统发育树项目/Fusang/Fusang-main/real_data/afproject_genome/fish_mito/NC_013750.fasta	/mnt/d/系统发育树项目/Fusang/Fusang-main/real_data/afproject_genome/fish_mito/NC_018815.fasta	0.0877015	0	1177/5000
/mnt/d/系统发育树项目/Fusang/Fusang-main/real_data/afproject_genome/fish_mito/NC_018814.fasta	/mnt/d/系统发育树项目/Fusang/Fusang-main/real_data/afproject_genome/fish_mito/NC_018815.fasta	0.0343613	0	2606/5000
/mnt/d/系统发育树项目/Fusang/Fusang-main/real_data/afproject_genome/fish_mito/NC_018815.fasta	/mnt/d/系统发育树项目/Fusang/Fusang-main/real_data/afproject_genome/fish_mito/NC_018815.fasta	0	0	5000/5000
