/mnt/d/系统发育树项目/Fusang/Fusang-main/real_data/afproject_genome/fish_mito/NC_009057.fasta	/mnt/d/系统发育树项目/Fusang/Fusang-main/real_data/afproject_genome/fish_mito/NC_009057.fasta	0	0	10000/10000
/mnt/d/系统发育树项目/Fusang/Fusang-main/real_data/afproject_genome/fish_mito/NC_009058.fasta	/mnt/d/系统发育树项目/Fusang/Fusang-main/real_data/afproject_genome/fish_mito/NC_009057.fasta	0.128932	0	345/10000
/mnt/d/系统发育树项目/Fusang/Fusang-main/real_data/afproject_genome/fish_mito/NC_009059.fasta	/mnt/d/系统发育树项目/Fusang/Fusang-main/real_data/afproject_genome/fish_mito/NC_009057.fasta	0.143644	0	251/10000
/mnt/d/系统发育树项目/Fusang/Fusang-main/real_data/afproject_genome/fish_mito/NC_009060.fasta	/mnt/d/系统发育树项目/Fusang/Fusang-main/real_data/afproject_genome/fish_mito/NC_009057.fasta	0.150633	0	216/10000
/mnt/d/系统发育树项目/Fusang/Fusang-main/real_data/afproject_genome/fish_mito/NC_009062.fasta	/mnt/d/系统发育树项目/Fusang/Fusang-main/real_data/afproject_genome/fish_mito/NC_009057.fasta	0.091041	0	798/10000
/mnt/d/系统发育树项目/Fusang/Fusang-main/real_data/afproject_genome/fish_mito/NC_009063.fasta	/mnt/d/系统发育树项目/Fusang/Fusang-main/real_data/afproject_genome/fish_mito/NC_009057.fasta	0.0843771	0	929/10000
/mnt/d/系统发育树项目/Fusang/Fusang-main/real_data/afproject_genome/fish_mito/NC_009064.fasta	/mnt/d/系统发育树项目/Fusang/Fusang-main/real_data/afproject_genome/fish_mito/NC_009057.fasta	0.128932	0	345/10000
/mnt/d/系统发育树项目/Fusang/Fusang-main/real_data/afproject_genome/fish_mito/NC_009065.fasta	/mnt/d/系统发育树项目/Fusang/Fusang-main/real_data/afproject_genome/fish_mito/NC_009057.fasta	0.145534	0	241/10000
/mnt/d/系统发育树项目/Fusang/Fusang-main/real_data/afproject_genome/fish_mito/NC_009066.fasta	/mnt/d/系统发育树项目/Fusang/Fusang-main/real_data/afproject_genome/fish_mito/NC_009057.fasta	0.160733	0	174/10000
/mnt/d/系统发育树项目/Fusang/Fusang-main/real_data/afproject_genome/fish_mito/NC_009067.fasta	/mnt/d/系统发育树项目/Fusang/Fusang-main/real_data/afproject_genome/fish_mito/NC_009057.fasta	0.153528	0	203/10000
/mnt/d/系统发育树项目/Fusang/Fusang-main/real_data/afproject_genome/fish_mito/NC_009459.fasta	/mnt/d/系统发育树项目/Fusang/Fusang-main/real_data/afproject_genome/fish_mito/NC_009057.fasta	0.158373	0	183/10000
/mnt/d/系统发育树项目/Fusang/Fusang-main/real_data/afproject_genome/fish_mito/NC_010205.fasta	/mnt/d/系统发育树项目/Fusang/Fusang-main/real_data/afproject_genome/fish_mito/NC_009057.fasta	0.162937	0	166/10000
/mnt/d/系统发育树项目/Fusang/Fusang-main/real_data/afproject_genome/fish_mito/NC_011168.fasta	/mnt/d/系统发育树项目/Fusang/Fusang-main/real_data/afproject_genome/fish_mito/NC_009057.fasta	0.128799	0	346/10000
/mnt/d/系统发育树项目/Fusang/Fusang-main/real_data/afproject_genome/fish_mito/NC_011169.fasta	/mnt/d/系统发育树项目/Fusang/Fusang-main/real_data/afproject_genome/fish_mito/NC_009057.fasta	0.1198	0	421/10000
/mnt/d/系统发育树项目/Fusang/Fusang-main/real_data/afproject_genome/fish_mito/NC_011170.fasta	/mnt/d/系统发育树项目/Fusang/Fusang-main/real_data/afproject_genome/fish_mito/NC_009057.fasta	0.124855	0	377/10000
/mnt/d/系统发育树项目/Fusang/Fusang-main/real_data/afproject_genome/fish_mito/NC_011171.fasta	/mnt/d/系统发育树项目/Fusang/Fusang-main/real_data/afproject_genome/fish_mito/NC_009057.fasta	0.120127	0	418/10000
/mnt/d/系统发育树项目/Fusang/Fusang-main/real_data/afproject_genome/fish_mito/NC_011177.fasta	/mnt/d/系统发育树项目/Fusang/Fusang-main/real_data/afproject_genome/fish_mito/NC_009057.fasta	0.138407	0	281/10000
/mnt/d/系统发育树项目/Fusang/Fusang-main/real_data/afproject_genome/fish_mito/NC_011179.fasta	/mnt/d/系统发育树项目/Fusang/Fusang-main/real_data/afproject_genome/fish_mito/NC_009057.fasta	0.133567	0	312/10000
/mnt/d/系统发育树项目/Fusang/Fusang-main/real_data/afproject_genome/fish_mito/NC_012055.fasta	/mnt/d/系统发育树项目/Fusang/Fusang-main/real_data/afproject_genome/fish_mito/NC_009057.fasta	0.159146	0	180/10000
/mnt/d/系统发育树项目/Fusang/Fusang-main/real_data/afproject_genome/fish_mito/NC_013564.fasta	/mnt/d/系统发育树项目/Fusang/Fusang-main/real_data/afproject_genome/fish_mito/NC_009057.fasta	0.165549	0	157/10000
/mnt/d/系统发育树项目/Fusang/Fusang-main/real_data/afproject_genome/fish_mito/NC_013577.fasta	/mnt/d/系统发育树项目/Fusang/Fusang-main/real_data/afproject_genome/fish_mito/NC_009057.fasta	0.184912	0	104/10000
/mnt/d/系统发育树项目/Fusang/Fusang-main/real_data/afproject_genome/fish_mito/NC_013663.fasta	/mnt/d/系统发育树项目/Fusang/Fusang-main/real_data/afproject_genome/fish_mito/NC_009057.fasta	0.0505935	0	2089/10000
/mnt/d/系统发育树项目/Fusang/Fusang-main/real_data/afproject_genome/fish_mito/NC_013750.fasta	/mnt/d/系统发育树项目/Fusang/Fusang-main/real_data/afproject_genome/fish_mito/NC_009057.fasta	0.0607158	0	1624/10000
/mnt/d/系统发育树项目/Fusang/Fusang-main/real_data/afproject_genome/fish_mito/NC_018814.fasta	/mnt/d/系统发育树项目/Fusang/Fusang-main/real_data/afproject_genome/fish_mito/NC_009057.fasta	0.0845181	0	926/10000
/mnt/d/系统发育树项目/Fusang/Fusang-main/real_data/afproject_genome/fish_mito/NC_018815.fasta	/mnt/d/系统发育树项目/Fusang/Fusang-main/real_data/afproject_genome/fish_mito/NC_009057.fasta	0.0850869	0	914/10000
/mnt/d/系统发育树项目/Fusang/Fusang-main/real_data/afproject_genome/fish_mito/NC_009057.fasta	/mnt/d/系统发育树项目/Fusang/Fusang-main/real_data/afproject_genome/fish_mito/NC_009058.fasta	0.128932	0	345/10000
/mnt/d/系统发育树项目/Fusang/Fusang-main/real_data/afproject_genome/fish_mito/NC_009058.fasta	/mnt/d/系统发育树项目/Fusang/Fusang-main/real_data/afproject_genome/fish_mito/NC_009058.fasta	0	0	10000/10000
/mnt/d/系统发育树项目/Fusang/Fusang-main/real_data/afproject_genome/fish_mito/NC_009059.fasta	/mnt/d/系统发育树项目/Fusang/Fusang-main/real_data/afproject_genome/fish_mito/NC_009058.fasta	0.149146	0	223/10000
/mnt/d/系统发育树项目/Fusang/Fusang-main/real_data/afproject_genome/fish_mito/NC_009060.fasta	/mnt/d/系统发育树项目/Fusang/Fusang-main/real_data/afproject_genome/fish_mito/NC_009058.fasta	0.151946	0	210/10000
/mnt/d/系统发育树项目/Fusang/Fusang-main/real_data/afproject_genome/fish_mito/NC_009062.fasta	/mnt/d/系统发育树项目/Fusang/Fusang-main/real_data/afproject_genome/fish_mito/NC_009058.fasta	0.138738	0	279/10000
/mnt/d/系统发育树项目/Fusang/Fusang-main/real_data/afproject_genome/fish_mito/NC_009063.fasta	/mnt/d/系统发育树项目/Fusang/Fusang-main/real_data/afproject_genome/fish_mito/NC_009058.fasta	0.137107	0	289/10000
/mnt/d/系统发育树项目/Fusang/Fusang-main/real_data/afproject_genome/fish_mito/NC_009064.fasta	/mnt/d/系统发育树项目/Fusang/Fusang-main/real_data/afproject_genome/fish_mito/NC_009058.fasta	0.139239	0	276/10000
/mnt/d/系统发育树项目/Fusang/Fusang-main/real_data/afproject_genome/fish_mito/NC_009065.fasta	/mnt/d/系统发育树项目/Fusang/Fusang-main/real_data/afproject_genome/fish_mito/NC_009058.fasta	0.162937	0	166/10000
/mnt/d/系统发育树项目/Fusang/Fusang-main/real_data/afproject_genome/fish_mito/NC_009066.fasta	/mnt/d/系统发育树项目/Fusang/Fusang-main/real_data/afproject_genome/fish_mito/NC_009058.fasta	0.174048	0	131/10000
/mnt/d/系统发育树项目/Fusang/Fusang-main/real_data/afproject_genome/fish_mito/NC_009067.fasta	/mnt/d/系统发育树项目/Fusang/Fusang-main/real_data/afproject_genome/fish_mito/NC_009058.fasta	0.158373	0	183/10000
/mnt/d/系统发育树项目/Fusang/Fusang-main/real_data/afproject_genome/fish_mito/NC_009459.fasta	/mnt/d/系统发育树项目/Fusang/Fusang-main/real_data/afproject_genome/fish_mito/NC_009058.fasta	0.164079	0	162/10000
/mnt/d/系统发育树项目/Fusang/Fusang-main/real_data/afproject_genome/fish_mito/NC_010205.fasta	/mnt/d/系统发育树项目/Fusang/Fusang-main/real_data/afproject_genome/fish_mito/NC_009058.fasta	0.170926	0	140/10000
/mnt/d/系统发育树项目/Fusang/Fusang-main/real_data/afproject_genome/fish_mito/NC_011168.fasta	/mnt/d/系统发育树项目/Fusang/Fusang-main/real_data/afproject_genome/fish_mito/NC_009058.fasta	0.120788	0	412/10000
/mnt/d/系统发育树项目/Fusang/Fusang-main/real_data/afproject_genome/fish_mito/NC_011169.fasta	/mnt/d/系统发育树项目/Fusang/Fusang-main/real_data/afproject_genome/fish_mito/NC_009058.fasta	0.130701	0	332/10000
/mnt/d/系统发育树项目/Fusang/Fusang-main/real_data/afproject_genome/fish_mito/NC_011170.fasta	/mnt/d/系统发育树项目/Fusang/Fusang-main/real_data/afproject_genome/fish_mito/NC_009058.fasta	0.127102	0	359/10000
/mnt/d/系统发育树项目/Fusang/Fusang-main/real_data/afproject_genome/fish_mito/NC_011171.fasta	/mnt/d/系统发育树项目/Fusang/Fusang-main/real_data/afproject_genome/fish_mito/NC_009058.fasta	0.144959	0	244/10000
/mnt/d/系统发育树项目/Fusang/Fusang-main/real_data/afproject_genome/fish_mito/NC_011177.fasta	/mnt/d/系统发育树项目/Fusang/Fusang-main/real_data/afproject_genome/fish_mito/NC_009058.fasta	0.148731	0	225/10000
/mnt/d/系统发育树项目/Fusang/Fusang-main/real_data/afproject_genome/fish_mito/NC_011179.fasta	/mnt/d/系统发育树项目/Fusang/Fusang-main/real_data/afproject_genome/fish_mito/NC_009058.fasta	0.144769	0	245/10000
/mnt/d/系统发育树项目/Fusang/Fusang-main/real_data/afproject_genome/fish_mito/NC_012055.fasta	/mnt/d/系统发育树项目/Fusang/Fusang-main/real_data/afproject_genome/fish_mito/NC_009058.fasta	0.156865	0	189/10000
/mnt/d/系统发育树项目/Fusang/Fusang-main/real_data/afproject_genome/fish_mito/NC_013564.fasta	/mnt/d/系统发育树项目/Fusang/Fusang-main/real_data/afproject_genome/fish_mito/NC_009058.fasta	0.173336	0	133/10000
/mnt/d/系统发育树项目/Fusang/Fusang-main/real_data/afproject_genome/fish_mito/NC_013577.fasta	/mnt/d/系统发育树项目/Fusang/Fusang-main/real_data/afproject_genome/fish_mito/NC_009058.fasta	0.176252	0	125/10000
/mnt/d/系统发育树项目/Fusang/Fusang-main/real_data/afproject_genome/fish_mito/NC_013663.fasta	/mnt/d/系统发育树项目/Fusang/Fusang-main/real_data/afproject_genome/fish_mito/NC_009058.fasta	0.13492	0	303/10000
/mnt/d/系统发育树项目/Fusang/Fusang-main/real_data/afproject_genome/fish_mito/NC_013750.fasta	/mnt/d/系统发育树项目/Fusang/Fusang-main/real_data/afproject_genome/fish_mito/NC_009058.fasta	0.128401	0	349/10000
/mnt/d/系统发育树项目/Fusang/Fusang-main/real_data/afproject_genome/fish_mito/NC_018814.fasta	/mnt/d/系统发育树项目/Fusang/Fusang-main/real_data/afproject_genome/fish_mito/NC_009058.fasta	0.132833	0	317/10000
/mnt/d/系统发育树项目/Fusang/Fusang-main/real_data/afproject_genome/fish_mito/NC_018815.fasta	/mnt/d/系统发育树项目/Fusang/Fusang-main/real_data/afproject_genome/fish_mito/NC_009058.fasta	0.130979	0	330/10000
/mnt/d/系统发育树项目/Fusang/Fusang-main/real_data/afproject_genome/fish_mito/NC_009057.fasta	/mnt/d/系统发育树项目/Fusang/Fusang-main/real_data/afproject_genome/fish_mito/NC_009059.fasta	0.143644	0	251/10000
/mnt/d/系统发育树项目/Fusang/Fusang-main/real_data/afproject_genome/fish_mito/NC_009058.fasta	/mnt/d/系统发育树项目/Fusang/Fusang-main/real_data/afproject_genome/fish_mito/NC_009059.fasta	0.149146	0	223/10000
/mnt/d/系统发育树项目/Fusang/Fusang-main/real_data/afproject_genome/fish_mito/NC_009059.fasta	/mnt/d/系统发育树项目/Fusang/Fusang-main/real_data/afproject_genome/fish_mito/NC_009059.fasta	0	0	10000/10000
/mnt/d/系统发育树项目/Fusang/Fusang-main/real_data/afproject_genome/fish_mito/NC_009060.fasta	/mnt/d/系统发育树项目/Fusang/Fusang-main/real_data/afproject_genome/fish_mito/NC_009059.fasta	0.120899	0	411/10000
/mnt/d/系统发育树项目/Fusang/Fusang-main/real_data/afproject_genome/fish_mito/NC_009062.fasta	/mnt/d/系统发育树项目/Fusang/Fusang-main/real_data/afproject_genome/fish_mito/NC_009059.fasta	0.148319	0	227/10000
/mnt/d/系统发育树项目/Fusang/Fusang-main/real_data/afproject_genome/fish_mito/NC_009063.fasta	/mnt/d/系统发育树项目/Fusang/Fusang-main/real_data/afproject_genome/fish_mito/NC_009059.fasta	0.148731	0	225/10000
/mnt/d/系统发育树项目/Fusang/Fusang-main/real_data/afproject_genome/fish_mito/NC_009064.fasta	/mnt/d/系统发育树项目/Fusang/Fusang-main/real_data/afproject_genome/fish_mito/NC_009059.fasta	0.141125	0	265/10000
/mnt/d/系统发育树项目/Fusang/Fusang-main/real_data/afproject_genome/fish_mito/NC_009065.fasta	/mnt/d/系统发育树项目/Fusang/Fusang-main/real_data/afproject_genome/fish_mito/NC_009059.fasta	0.161547	0	171/10000
/mnt/d/系统发育树项目/Fusang/Fusang-main/real_data/afproject_genome/fish_mito/NC_009066.fasta	/mnt/d/系统发育树项目/Fusang/Fusang-main/real_data/afproject_genome/fish_mito/NC_009059.fasta	0.170592	0	141/10000
/mnt/d/系统发育树项目/Fusang/Fusang-main/real_data/afproject_genome/fish_mito/NC_009067.fasta	/mnt/d/系统发育树项目/Fusang/Fusang-main/real_data/afproject_genome/fish_mito/NC_009059.fasta	0.161822	0	170/10000
/mnt/d/系统发育树项目/Fusang/Fusang-main/real_data/afproject_genome/fish_mito/NC_009459.fasta	/mnt/d/系统发育树项目/Fusang/Fusang-main/real_data/afproject_genome/fish_mito/NC_009059.fasta	0.173691	0	132/10000
/mnt/d/系统发育树项目/Fusang/Fusang-main/real_data/afproject_genome/fish_mito/NC_010205.fasta	/mnt/d/系统发育树项目/Fusang/Fusang-main/real_data/afproject_genome/fish_mito/NC_009059.fasta	0.165848	0	156/10000
/mnt/d/系统发育树项目/Fusang/Fusang-main/real_data/afproject_genome/fish_mito/NC_011168.fasta	/mnt/d/系统发育树项目/Fusang/Fusang-main/real_data/afproject_genome/fish_mito/NC_009059.fasta	0.150633	0	216/10000
/mnt/d/系统发育树项目/Fusang/Fusang-main/real_data/afproject_genome/fish_mito/NC_011169.fasta	/mnt/d/系统发育树项目/Fusang/Fusang-main/real_data/afproject_genome/fish_mito/NC_009059.fasta	0.142187	0	259/10000
/mnt/d/系统发育树项目/Fusang/Fusang-main/real_data/afproject_genome/fish_mito/NC_011170.fasta	/mnt/d/系统发育树项目/Fusang/Fusang-main/real_data/afproject_genome/fish_mito/NC_009059.fasta	0.142367	0	258/10000
/mnt/d/系统发育树项目/Fusang/Fusang-main/real_data/afproject_genome/fish_mito/NC_011171.fasta	/mnt/d/系统发育树项目/Fusang/Fusang-main/real_data/afproject_genome/fish_mito/NC_009059.fasta	0.157113	0	188/10000
/mnt/d/系统发育树项目/Fusang/Fusang-main/real_data/afproject_genome/fish_mito/NC_011177.fasta	/mnt/d/系统发育树项目/Fusang/Fusang-main/real_data/afproject_genome/fish_mito/NC_009059.fasta	0.158119	0	184/10000
/mnt/d/系统发育树项目/Fusang/Fusang-main/real_data/afproject_genome/fish_mito/NC_011179.fasta	/mnt/d/系统发育树项目/Fusang/Fusang-main/real_data/afproject_genome/fish_mito/NC_009059.fasta	0.151504	0	212/10000
/mnt/d/系统发育树项目/Fusang/Fusang-main/real_data/afproject_genome/fish_mito/NC_012055.fasta	/mnt/d/系统发育树项目/Fusang/Fusang-main/real_data/afproject_genome/fish_mito/NC_009059.fasta	0.164079	0	162/10000
/mnt/d/系统发育树项目/Fusang/Fusang-main/real_data/afproject_genome/fish_mito/NC_013564.fasta	/mnt/d/系统发育树项目/Fusang/Fusang-main/real_data/afproject_genome/fish_mito/NC_009059.fasta	0.179768	0	116/10000
/mnt/d/系统发育树项目/Fusang/Fusang-main/real_data/afproject_genome/fish_mito/NC_013577.fasta	/mnt/d/系统发育树项目/Fusang/Fusang-main/real_data/afproject_genome/fish_mito/NC_009059.fasta	0.194988	0	84/10000
/mnt/d/系统发育树项目/Fusang/Fusang-main/real_data/afproject_genome/fish_mito/NC_013663.fasta	/mnt/d/系统发育树项目/Fusang/Fusang-main/real_data/afproject_genome/fish_mito/NC_009059.fasta	0.143092	0	254/10000
/mnt/d/系统发育树项目/Fusang/Fusang-main/real_data/afproject_genome/fish_mito/NC_013750.fasta	/mnt/d/系统发育树项目/Fusang/Fusang-main/real_data/afproject_genome/fish_mito/NC_009059.fasta	0.142367	0	258/10000
/mnt/d/系统发育树项目/Fusang/Fusang-main/real_data/afproject_genome/fish_mito/NC_018814.fasta	/mnt/d/系统发育树项目/Fusang/Fusang-main/real_data/afproject_genome/fish_mito/NC_009059.fasta	0.139916	0	272/10000
/mnt/d/系统发育树项目/Fusang/Fusang-main/real_data/afproject_genome/fish_mito/NC_018815.fasta	/mnt/d/系统发育树项目/Fusang/Fusang-main/real_data/afproject_genome/fish_mito/NC_009059.fasta	0.143644	0	251/10000
/mnt/d/系统发育树项目/Fusang/Fusang-main/real_data/afproject_genome/fish_mito/NC_009057.fasta	/mnt/d/系统发育树项目/Fusang/Fusang-main/real_data/afproject_genome/fish_mito/NC_009060.fasta	0.150633	0	216/10000
/mnt/d/系统发育树项目/Fusang/Fusang-main/real_data/afproject_genome/fish_mito/NC_009058.fasta	/mnt/d/系统发育树项目/Fusang/Fusang-main/real_data/afproject_genome/fish_mito/NC_009060.fasta	0.151946	0	210/10000
/mnt/d/系统发育树项目/Fusang/Fusang-main/real_data/afproject_genome/fish_mito/NC_009059.fasta	/mnt/d/系统发育树项目/Fusang/Fusang-main/real_data/afproject_genome/fish_mito/NC_009060.fasta	0.120899	0	411/10000
/mnt/d/系统发育树项目/Fusang/Fusang-main/real_data/afproject_genome/fish_mito/NC_009060.fasta	/mnt/d/系统发育树项目/Fusang/Fusang-main/real_data/afproject_genome/fish_mito/NC_009060.fasta	0	0	10000/10000
/mnt/d/系统发育树项目/Fusang/Fusang-main/real_data/afproject_genome/fish_mito/NC_009062.fasta	/mnt/d/系统发育树项目/Fusang/Fusang-main/real_data/afproject_genome/fish_mito/NC_009060.fasta	0.15399	0	201/10000
/mnt/d/系统发育树项目/Fusang/Fusang-main/real_data/afproject_genome/fish_mito/NC_009063.fasta	/mnt/d/系统发育树项目/Fusang/Fusang-main/real_data/afproject_genome/fish_mito/NC_009060.fasta	0.154692	0	198/10000
/mnt/d/系统发育树项目/Fusang/Fusang-main/real_data/afproject_genome/fish_mito/NC_009064.fasta	/mnt/d/系统发育树项目/Fusang/Fusang-main/real_data/afproject_genome/fish_mito/NC_009060.fasta	0.151504	0	212/10000
/mnt/d/系统发育树项目/Fusang/Fusang-main/real_data/afproject_genome/fish_mito/NC_009065.fasta	/mnt/d/系统发育树项目/Fusang/Fusang-main/real_data/afproject_genome/fish_mito/NC_009060.fasta	0.165251	0	158/10000
/mnt/d/系统发育树项目/Fusang/Fusang-main/real_data/afproject_genome/fish_mito/NC_009066.fasta	/mnt/d/系统发育树项目/Fusang/Fusang-main/real_data/afproject_genome/fish_mito/NC_009060.fasta	0.169931	0	143/10000
/mnt/d/系统发育树项目/Fusang/Fusang-main/real_data/afproject_genome/fish_mito/NC_009067.fasta	/mnt/d/系统发育树项目/Fusang/Fusang-main/real_data/afproject_genome/fish_mito/NC_009060.fasta	0.171944	0	137/10000
/mnt/d/系统发育树项目/Fusang/Fusang-main/real_data/afproject_genome/fish_mito/NC_009459.fasta	/mnt/d/系统发育树项目/Fusang/Fusang-main/real_data/afproject_genome/fish_mito/NC_009060.fasta	0.175506	0	127/10000
/mnt/d/系统发育树项目/Fusang/Fusang-main/real_data/afproject_genome/fish_mito/NC_010205.fasta	/mnt/d/系统发育树项目/Fusang/Fusang-main/real_data/afproject_genome/fish_mito/NC_009060.fasta	0.172984	0	134/10000
/mnt/d/系统发育树项目/Fusang/Fusang-main/real_data/afproject_genome/fish_mito/NC_011168.fasta	/mnt/d/系统发育树项目/Fusang/Fusang-main/real_data/afproject_genome/fish_mito/NC_009060.fasta	0.160198	0	176/10000
/mnt/d/系统发育树项目/Fusang/Fusang-main/real_data/afproject_genome/fish_mito/NC_011169.fasta	/mnt/d/系统发育树项目/Fusang/Fusang-main/real_data/afproject_genome/fish_mito/NC_009060.fasta	0.147304	0	232/10000
/mnt/d/系统发育树项目/Fusang/Fusang-main/real_data/afproject_genome/fish_mito/NC_011170.fasta	/mnt/d/系统发育树项目/Fusang/Fusang-main/real_data/afproject_genome/fish_mito/NC_009060.fasta	0.145534	0	241/10000
/mnt/d/系统发育树项目/Fusang/Fusang-main/real_data/afproject_genome/fish_mito/NC_011171.fasta	/mnt/d/系统发育树项目/Fusang/Fusang-main/real_data/afproject_genome/fish_mito/NC_009060.fasta	0.160198	0	176/10000
/mnt/d/系统发育树项目/Fusang/Fusang-main/real_data/afproject_genome/fish_mito/NC_011177.fasta	/mnt/d/系统发育树项目/Fusang/Fusang-main/real_data/afproject_genome/fish_mito/NC_009060.fasta	0.160198	0	176/10000
/mnt/d/系统发育树项目/Fusang/Fusang-main/real_data/afproject_genome/fish_mito/NC_011179.fasta	/mnt/d/系统发育树项目/Fusang/Fusang-main/real_data/afproject_genome/fish_mito/NC_009060.fasta	0.153758	0	202/10000
/mnt/d/系统发育树项目/Fusang/Fusang-main/real_data/afproject_genome/fish_mito/NC_012055.fasta	/mnt/d/系统发育树项目/Fusang/Fusang-main/real_data/afproject_genome/fish_mito/NC_009060.fasta	0.173336	0	133/10000
/mnt/d/系统发育树项目/Fusang/Fusang-main/real_data/afproject_genome/fish_mito/NC_013564.fasta	/mnt/d/系统发育树项目/Fusang/Fusang-main/real_data/afproject_genome/fish_mito/NC_009060.fasta	0.178173	0	120/10000
/mnt/d/系统发育树项目/Fusang/Fusang-main/real_data/afproject_genome/fish_mito/NC_013577.fasta	/mnt/d/系统发育树项目/Fusang/Fusang-main/real_data/afproject_genome/fish_mito/NC_009060.fasta	0.188686	0	96/10000
/mnt/d/系统发育树项目/Fusang/Fusang-main/real_data/afproject_genome/fish_mito/NC_013663.fasta	/mnt/d/系统发育树项目/Fusang/Fusang-main/real_data/afproject_genome/fish_mito/NC_009060.fasta	0.147505	0	231/10000
/mnt/d/系统发育树项目/Fusang/Fusang-main/real_data/afproject_genome/fish_mito/NC_013750.fasta	/mnt/d/系统发育树项目/Fusang/Fusang-main/real_data/afproject_genome/fish_mito/NC_009060.fasta	0.149146	0	223/10000
/mnt/d/系统发育树项目/Fusang/Fusang-main/real_data/afproject_genome/fish_mito/NC_018814.fasta	/mnt/d/系统发育树项目/Fusang/Fusang-main/real_data/afproject_genome/fish_mito/NC_009060.fasta	0.152843	0	206/10000
/mnt/d/系统发育树项目/Fusang/Fusang-main/real_data/afproject_genome/fish_mito/NC_018815.fasta	/mnt/d/系统发育树项目/Fusang/Fusang-main/real_data/afproject_genome/fish_mito/NC_009060.fasta	0.15399	0	201/10000
/mnt/d/系统发育树项目/Fusang/Fusang-main/real_data/afproject_genome/fish_mito/NC_009057.fasta	/mnt/d/系统发育树项目/Fusang/Fusang-main/real_data/afproject_genome/fish_mito/NC_009062.fasta	0.091041	0	798/10000
/mnt/d/系统发育树项目/Fusang/Fusang-main/real_data/afproject_genome/fish_mito/NC_009058.fasta	/mnt/d/系统发育树项目/Fusang/Fusang-main/real_data/afproject_genome/fish_mito/NC_009062.fasta	0.138738	0	279/10000
/mnt/d/系统发育树项目/Fusang/Fusang-main/real_data/afproject_genome/fish_mito/NC_009059.fasta	/mnt/d/系统发育树项目/Fusang/Fusang-main/real_data/afproject_genome/fish_mito/NC_009062.fasta	0.148319	0	227/10000
/mnt/d/系统发育树项目/Fusang/Fusang-main/real_data/afproject_genome/fish_mito/NC_009060.fasta	/mnt/d/系统发育树项目/Fusang/Fusang-main/real_data/afproject_genome/fish_mito/NC_009062.fasta	0.15399	0	201/10000
/mnt/d/系统发育树项目/Fusang/Fusang-main/real_data/afproject_genome/fish_mito/NC_009062.fasta	/mnt/d/系统发育树项目/Fusang/Fusang-main/real_data/afproject_genome/fish_mito/NC_009062.fasta	0	0	10000/10000
/mnt/d/系统发育树项目/Fusang/Fusang-main/real_data/afproject_genome/fish_mito/NC_009063.fasta	/mnt/d/系统发育树项目/Fusang/Fusang-main/real_data/afproject_genome/fish_mito/NC_009062.fasta	0.0775417	0	1088/10000
/mnt/d/系统发育树项目/Fusang/Fusang-main/real_data/afproject_genome/fish_mito/NC_009064.fasta	/mnt/d/系统发育树项目/Fusang/Fusang-main/real_data/afproject_genome/fish_mito/NC_009062.fasta	0.137753	0	285/10000
/mnt/d/系统发育树项目/Fusang/Fusang-main/real_data/afproject_genome/fish_mito/NC_009065.fasta	/mnt/d/系统发育树项目/Fusang/Fusang-main/real_data/afproject_genome/fish_mito/NC_009062.fasta	0.153758	0	202/10000
/mnt/d/系统发育树项目/Fusang/Fusang-main/real_data/afproject_genome/fish_mito/NC_009066.fasta	/mnt/d/系统发育树项目/Fusang/Fusang-main/real_data/afproject_genome/fish_mito/NC_009062.fasta	0.164662	0	160/10000
/mnt/d/系统发育树项目/Fusang/Fusang-main/real_data/afproject_genome/fish_mito/NC_009067.fasta	/mnt/d/系统发育树项目/Fusang/Fusang-main/real_data/afproject_genome/fish_mito/NC_009062.fasta	0.162655	0	167/10000
/mnt/d/系统发育树项目/Fusang/Fusang-main/real_data/afproject_genome/fish_mito/NC_009459.fasta	/mnt/d/系统发育树项目/Fusang/Fusang-main/real_data/afproject_genome/fish_mito/NC_009062.fasta	0.165848	0	156/10000
/mnt/d/系统发育树项目/Fusang/Fusang-main/real_data/afproject_genome/fish_mito/NC_010205.fasta	/mnt/d/系统发育树项目/Fusang/Fusang-main/real_data/afproject_genome/fish_mito/NC_009062.fasta	0.162098	0	169/10000
/mnt/d/系统发育树项目/Fusang/Fusang-main/real_data/afproject_genome/fish_mito/NC_011168.fasta	/mnt/d/系统发育树项目/Fusang/Fusang-main/real_data/afproject_genome/fish_mito/NC_009062.fasta	0.141125	0	265/10000
/mnt/d/系统发育树项目/Fusang/Fusang-main/real_data/afproject_genome/fish_mito/NC_011169.fasta	/mnt/d/系统发育树项目/Fusang/Fusang-main/real_data/afproject_genome/fish_mito/NC_009062.fasta	0.130424	0	334/10000
/mnt/d/系统发育树项目/Fusang/Fusang-main/real_data/afproject_genome/fish_mito/NC_011170.fasta	/mnt/d/系统发育树项目/Fusang/Fusang-main/real_data/afproject_genome/fish_mito/NC_009062.fasta	0.131542	0	326/10000
/mnt/d/系统发育树项目/Fusang/Fusang-main/real_data/afproject_genome/fish_mito/NC_011171.fasta	/mnt/d/系统发育树项目/Fusang/Fusang-main/real_data/afproject_genome/fish_mito/NC_009062.fasta	0.1314	0	327/10000
/mnt/d/系统发育树项目/Fusang/Fusang-main/real_data/afproject_genome/fish_mito/NC_011177.fasta	/mnt/d/系统发育树项目/Fusang/Fusang-main/real_data/afproject_genome/fish_mito/NC_009062.fasta	0.140086	0	271/10000
/mnt/d/系统发育树项目/Fusang/Fusang-main/real_data/afproject_genome/fish_mito/NC_011179.fasta	/mnt/d/系统发育树项目/Fusang/Fusang-main/real_data/afproject_genome/fish_mito/NC_009062.fasta	0.138243	0	282/10000
/mnt/d/系统发育树项目/Fusang/Fusang-main/real_data/afproject_genome/fish_mito/NC_012055.fasta	/mnt/d/系统发育树项目/Fusang/Fusang-main/real_data/afproject_genome/fish_mito/NC_009062.fasta	0.162655	0	167/10000
/mnt/d/系统发育树项目/Fusang/Fusang-main/real_data/afproject_genome/fish_mito/NC_013564.fasta	/mnt/d/系统发育树项目/Fusang/Fusang-main/real_data/afproject_genome/fish_mito/NC_009062.fasta	0.167376	0	151/10000
/mnt/d/系统发育树项目/Fusang/Fusang-main/real_data/afproject_genome/fish_mito/NC_013577.fasta	/mnt/d/系统发育树项目/Fusang/Fusang-main/real_data/afproject_genome/fish_mito/NC_009062.fasta	0.184912	0	104/10000
/mnt/d/系统发育树项目/Fusang/Fusang-main/real_data/afproject_genome/fish_mito/NC_013663.fasta	/mnt/d/系统发育树项目/Fusang/Fusang-main/real_data/afproject_genome/fish_mito/NC_009062.fasta	0.0925035	0	772/10000
/mnt/d/系统发育树项目/Fusang/Fusang-main/real_data/afproject_genome/fish_mito/NC_013750.fasta	/mnt/d/系统发育树项目/Fusang/Fusang-main/real_data/afproject_genome/fish_mito/NC_009062.fasta	0.0862	0	891/10000
/mnt/d/系统发育树项目/Fusang/Fusang-main/real_data/afproject_genome/fish_mito/NC_018814.fasta	/mnt/d/系统发育树项目/Fusang/Fusang-main/real_data/afproject_genome/fish_mito/NC_009062.fasta	0.0794008	0	1042/10000
/mnt/d/系统发育树项目/Fusang/Fusang-main/real_data/afproject_genome/fish_mito/NC_018815.fasta	/mnt/d/系统发育树项目/Fusang/Fusang-main/real_data/afproject_genome/fish_mito/NC_009062.fasta	0.0782587	0	1070/10000
/mnt/d/系统发育树项目/Fusang/Fusang-main/real_data/afproject_genome/fish_mito/NC_009057.fasta	/mnt/d/系统发育树项目/Fusang/Fusang-main/real_data/afproject_genome/fish_mito/NC_009063.fasta	0.0843771	0	929/10000
/mnt/d/系统发育树项目/Fusang/Fusang-main/real_data/afproject_genome/fish_mito/NC_009058.fasta	/mnt/d/系统发育树项目/Fusang/Fusang-main/real_data/afproject_genome/fish_mito/NC_009063.fasta	0.137107	0	289/10000
/mnt/d/系统发育树项目/Fusang/Fusang-main/real_data/afproject_genome/fish_mito/NC_009059.fasta	/mnt/d/系统发育树项目/Fusang/Fusang-main/real_data/afproject_genome/fish_mito/NC_009063.fasta	0.148731	0	225/10000
/mnt/d/系统发育树项目/Fusang/Fusang-main/real_data/afproject_genome/fish_mito/NC_009060.fasta	/mnt/d/系统发育树项目/Fusang/Fusang-main/real_data/afproject_genome/fish_mito/NC_009063.fasta	0.154692	0	198/10000
/mnt/d/系统发育树项目/Fusang/Fusang-main/real_data/afproject_genome/fish_mito/NC_009062.fasta	/mnt/d/系统发育树项目/Fusang/Fusang-main/real_data/afproject_genome/fish_mito/NC_009063.fasta	0.0775417	0	1088/10000
/mnt/d/系统发育树项目/Fusang/Fusang-main/real_data/afproject_genome/fish_mito/NC_009063.fasta	/mnt/d/系统发育树项目/Fusang/Fusang-main/real_data/afproject_genome/fish_mito/NC_009063.fasta	0	0	10000/10000
/mnt/d/系统发育树项目/Fusang/Fusang-main/real_data/afproject_genome/fish_mito/NC_009064.fasta	/mnt/d/系统发育树项目/Fusang/Fusang-main/real_data/afproject_genome/fish_mito/NC_009063.fasta	0.132688	0	318/10000
/mnt/d/系统发育树项目/Fusang/Fusang-main/real_data/afproject_genome/fish_mito/NC_009065.fasta	/mnt/d/系统发育树项目/Fusang/Fusang-main/real_data/afproject_genome/fish_mito/NC_009063.fasta	0.150633	0	216/10000
/mnt/d/系统发育树项目/Fusang/Fusang-main/real_data/afproject_genome/fish_mito/NC_009066.fasta	/mnt/d/系统发育树项目/Fusang/Fusang-main/real_data/afproject_genome/fish_mito/NC_009063.fasta	0.163791	0	163/10000
/mnt/d/系统发育树项目/Fusang/Fusang-main/real_data/afproject_genome/fish_mito/NC_009067.fasta	/mnt/d/系统发育树项目/Fusang/Fusang-main/real_data/afproject_genome/fish_mito/NC_009063.fasta	0.162655	0	167/10000
/mnt/d/系统发育树项目/Fusang/Fusang-main/real_data/afproject_genome/fish_mito/NC_009459.fasta	/mnt/d/系统发育树项目/Fusang/Fusang-main/real_data/afproject_genome/fish_mito/NC_009063.fasta	0.168318	0	148/10000
/mnt/d/系统发育树项目/Fusang/Fusang-main/real_data/afproject_genome/fish_mito/NC_010205.fasta	/mnt/d/系统发育树项目/Fusang/Fusang-main/real_data/afproject_genome/fish_mito/NC_009063.fasta	0.16437	0	161/10000
/mnt/d/系统发育树项目/Fusang/Fusang-main/real_data/afproject_genome/fish_mito/NC_011168.fasta	/mnt/d/系统发育树项目/Fusang/Fusang-main/real_data/afproject_genome/fish_mito/NC_009063.fasta	0.133567	0	312/10000
/mnt/d/系统发育树项目/Fusang/Fusang-main/real_data/afproject_genome/fish_mito/NC_011169.fasta	/mnt/d/系统发育树项目/Fusang/Fusang-main/real_data/afproject_genome/fish_mito/NC_009063.fasta	0.13126	0	328/10000
/mnt/d/系统发育树项目/Fusang/Fusang-main/real_data/afproject_genome/fish_mito/NC_011170.fasta	/mnt/d/系统发育树项目/Fusang/Fusang-main/real_data/afproject_genome/fish_mito/NC_009063.fasta	0.130424	0	334/10000
/mnt/d/系统发育树项目/Fusang/Fusang-main/real_data/afproject_genome/fish_mito/NC_011171.fasta	/mnt/d/系统发育树项目/Fusang/Fusang-main/real_data/afproject_genome/fish_mito/NC_009063.fasta	0.130149	0	336/10000
/mnt/d/系统发育树项目/Fusang/Fusang-main/real_data/afproject_genome/fish_mito/NC_011177.fasta	/mnt/d/系统发育树项目/Fusang/Fusang-main/real_data/afproject_genome/fish_mito/NC_009063.fasta	0.13538	0	300/10000
/mnt/d/系统发育树项目/Fusang/Fusang-main/real_data/afproject_genome/fish_mito/NC_011179.fasta	/mnt/d/系统发育树项目/Fusang/Fusang-main/real_data/afproject_genome/fish_mito/NC_009063.fasta	0.135534	0	299/10000
/mnt/d/系统发育树项目/Fusang/Fusang-main/real_data/afproject_genome/fish_mito/NC_012055.fasta	/mnt/d/系统发育树项目/Fusang/Fusang-main/real_data/afproject_genome/fish_mito/NC_009063.fasta	0.160198	0	176/10000
/mnt/d/系统发育树项目/Fusang/Fusang-main/real_data/afproject_genome/fish_mito/NC_013564.fasta	/mnt/d/系统发育树项目/Fusang/Fusang-main/real_data/afproject_genome/fish_mito/NC_009063.fasta	0.171944	0	137/10000
/mnt/d/系统发育树项目/Fusang/Fusang-main/real_data/afproject_genome/fish_mito/NC_013577.fasta	/mnt/d/系统发育树项目/Fusang/Fusang-main/real_data/afproject_genome/fish_mito/NC_009063.fasta	0.178964	0	118/10000
/mnt/d/系统发育树项目/Fusang/Fusang-main/real_data/afproject_genome/fish_mito/NC_013663.fasta	/mnt/d/系统发育树项目/Fusang/Fusang-main/real_data/afproject_genome/fish_mito/NC_009063.fasta	0.0836336	0	945/10000
/mnt/d/系统发育树项目/Fusang/Fusang-main/real_data/afproject_genome/fish_mito/NC_013750.fasta	/mnt/d/系统发育树项目/Fusang/Fusang-main/real_data/afproject_genome/fish_mito/NC_009063.fasta	0.0793181	0	1044/10000
/mnt/d/系统发育树项目/Fusang/Fusang-main/real_data/afproject_genome/fish_mito/NC_018814.fasta	/mnt/d/系统发育树项目/Fusang/Fusang-main/real_data/afproject_genome/fish_mito/NC_009063.fasta	0.030865	0	3541/10000
/mnt/d/系统发育树项目/Fusang/Fusang-main/real_data/afproject_genome/fish_mito/NC_018815.fasta	/mnt/d/系统发育树项目/Fusang/Fusang-main/real_data/afproject_genome/fish_mito/NC_009063.fasta	0.0338257	0	3258/10000
/mnt/d/系统发育树项目/Fusang/Fusang-main/real_data/afproject_genome/fish_mito/NC_009057.fasta	/mnt/d/系统发育树项目/Fusang/Fusang-main/real_data/afproject_genome/fish_mito/NC_009064.fasta	0.128932	0	345/10000
/mnt/d/系统发育树项目/Fusang/Fusang-main/real_data/afproject_genome/fish_mito/NC_009058.fasta	/mnt/d/系统发育树项目/Fusang/Fusang-main/real_data/afproject_genome/fish_mito/NC_009064.fasta	0.139239	0	276/10000
/mnt/d/系统发育树项目/Fusang/Fusang-main/real_data/afproject_genome/fish_mito/NC_009059.fasta	/mnt/d/系统发育树项目/Fusang/Fusang-main/real_data/afproject_genome/fish_mito/NC_009064.fasta	0.141125	0	265/10000
/mnt/d/系统发育树项目/Fusang/Fusang-main/real_data/afproject_genome/fish_mito/NC_009060.fasta	/mnt/d/系统发育树项目/Fusang/Fusang-main/real_data/afproject_genome/fish_mito/NC_009064.fasta	0.151504	0	212/10000
/mnt/d/系统发育树项目/Fusang/Fusang-main/real_data/afproject_genome/fish_mito/NC_009062.fasta	/mnt/d/系统发育树项目/Fusang/Fusang-main/real_data/afproject_genome/fish_mito/NC_009064.fasta	0.137753	0	285/10000
/mnt/d/系统发育树项目/Fusang/Fusang-main/real_data/afproject_genome/fish_mito/NC_009063.fasta	/mnt/d/系统发育树项目/Fusang/Fusang-main/real_data/afproject_genome/fish_mito/NC_009064.fasta	0.132688	0	318/10000
/mnt/d/系统发育树项目/Fusang/Fusang-main/real_data/afproject_genome/fish_mito/NC_009064.fasta	/mnt/d/系统发育树项目/Fusang/Fusang-main/real_data/afproject_genome/fish_mito/NC_009064.fasta	0	0	10000/10000
/mnt/d/系统发育树项目/Fusang/Fusang-main/real_data/afproject_genome/fish_mito/NC_009065.fasta	/mnt/d/系统发育树项目/Fusang/Fusang-main/real_data/afproject_genome/fish_mito/NC_009064.fasta	0.125099	0	375/10000
/mnt/d/系统发育树项目/Fusang/Fusang-main/real_data/afproject_genome/fish_mito/NC_009066.fasta	/mnt/d/系统发育树项目/Fusang/Fusang-main/real_data/afproject_genome/fish_mito/NC_009064.fasta	0.159669	0	178/10000
/mnt/d/系统发育树项目/Fusang/Fusang-main/real_data/afproject_genome/fish_mito/NC_009067.fasta	/mnt/d/系统发育树项目/Fusang/Fusang-main/real_data/afproject_genome/fish_mito/NC_009064.fasta	0.155645	0	194/10000
/mnt/d/系统发育树项目/Fusang/Fusang-main/real_data/afproject_genome/fish_mito/NC_009459.fasta	/mnt/d/系统发育树项目/Fusang/Fusang-main/real_data/afproject_genome/fish_mito/NC_009064.fasta	0.163791	0	163/10000
/mnt/d/系统发育树项目/Fusang/Fusang-main/real_data/afproject_genome/fish_mito/NC_010205.fasta	/mnt/d/系统发育树项目/Fusang/Fusang-main/real_data/afproject_genome/fish_mito/NC_009064.fasta	0.162376	0	168/10000
/mnt/d/系统发育树项目/Fusang/Fusang-main/real_data/afproject_genome/fish_mito/NC_011168.fasta	/mnt/d/系统发育树项目/Fusang/Fusang-main/real_data/afproject_genome/fish_mito/NC_009064.fasta	0.146116	0	238/10000
/mnt/d/系统发育树项目/Fusang/Fusang-main/real_data/afproject_genome/fish_mito/NC_011169.fasta	/mnt/d/系统发育树项目/Fusang/Fusang-main/real_data/afproject_genome/fish_mito/NC_009064.fasta	0.132688	0	318/10000
/mnt/d/系统发育树项目/Fusang/Fusang-main/real_data/afproject_genome/fish_mito/NC_011170.fasta	/mnt/d/系统发育树项目/Fusang/Fusang-main/real_data/afproject_genome/fish_mito/NC_009064.fasta	0.133716	0	311/10000
/mnt/d/系统发育树项目/Fusang/Fusang-main/real_data/afproject_genome/fish_mito/NC_011171.fasta	/mnt/d/系统发育树项目/Fusang/Fusang-main/real_data/afproject_genome/fish_mito/NC_009064.fasta	0.139916	0	272/10000
/mnt/d/系统发育树项目/Fusang/Fusang-main/real_data/afproject_genome/fish_mito/NC_011177.fasta	/mnt/d/系统发育树项目/Fusang/Fusang-main/real_data/afproject_genome/fish_mito/NC_009064.fasta	0.139407	0	275/10000
/mnt/d/系统发育树项目/Fusang/Fusang-main/real_data/afproject_genome/fish_mito/NC_011179.fasta	/mnt/d/系统发育树项目/Fusang/Fusang-main/real_data/afproject_genome/fish_mito/NC_009064.fasta	0.139576	0	274/10000
/mnt/d/系统发育树项目/Fusang/Fusang-main/real_data/afproject_genome/fish_mito/NC_012055.fasta	/mnt/d/系统发育树项目/Fusang/Fusang-main/real_data/afproject_genome/fish_mito/NC_009064.fasta	0.15399	0	201/10000
/mnt/d/系统发育树项目/Fusang/Fusang-main/real_data/afproject_genome/fish_mito/NC_013564.fasta	/mnt/d/系统发育树项目/Fusang/Fusang-main/real_data/afproject_genome/fish_mito/NC_009064.fasta	0.162937	0	166/10000
/mnt/d/系统发育树项目/Fusang/Fusang-main/real_data/afproject_genome/fish_mito/NC_013577.fasta	/mnt/d/系统发育树项目/Fusang/Fusang-main/real_data/afproject_genome/fish_mito/NC_009064.fasta	0.181002	0	113/10000
/mnt/d/系统发育树项目/Fusang/Fusang-main/real_data/afproject_genome/fish_mito/NC_013663.fasta	/mnt/d/系统发育树项目/Fusang/Fusang-main/real_data/afproject_genome/fish_mito/NC_009064.fasta	0.125222	0	374/10000
/mnt/d/系统发育树项目/Fusang/Fusang-main/real_data/afproject_genome/fish_mito/NC_013750.fasta	/mnt/d/系统发育树项目/Fusang/Fusang-main/real_data/afproject_genome/fish_mito/NC_009064.fasta	0.123773	0	386/10000
/mnt/d/系统发育树项目/Fusang/Fusang-main/real_data/afproject_genome/fish_mito/NC_018814.fasta	/mnt/d/系统发育树项目/Fusang/Fusang-main/real_data/afproject_genome/fish_mito/NC_009064.fasta	0.128533	0	348/10000
/mnt/d/系统发育树项目/Fusang/Fusang-main/real_data/afproject_genome/fish_mito/NC_018815.fasta	/mnt/d/系统发育树项目/Fusang/Fusang-main/real_data/afproject_genome/fish_mito/NC_009064.fasta	0.127102	0	359/10000
/mnt/d/系统发育树项目/Fusang/Fusang-main/real_data/afproject_genome/fish_mito/NC_009057.fasta	/mnt/d/系统发育树项目/Fusang/Fusang-main/real_data/afproject_genome/fish_mito/NC_009065.fasta	0.145534	0	241/10000
/mnt/d/系统发育树项目/Fusang/Fusang-main/real_data/afproject_genome/fish_mito/NC_009058.fasta	/mnt/d/系统发育树项目/Fusang/Fusang-main/real_data/afproject_genome/fish_mito/NC_009065.fasta	0.162937	0	166/10000
/mnt/d/系统发育树项目/Fusang/Fusang-main/real_data/afproject_genome/fish_mito/NC_009059.fasta	/mnt/d/系统发育树项目/Fusang/Fusang-main/real_data/afproject_genome/fish_mito/NC_009065.fasta	0.161547	0	171/10000
/mnt/d/系统发育树项目/Fusang/Fusang-main/real_data/afproject_genome/fish_mito/NC_009060.fasta	/mnt/d/系统发育树项目/Fusang/Fusang-main/real_data/afproject_genome/fish_mito/NC_009065.fasta	0.165251	0	158/10000
/mnt/d/系统发育树项目/Fusang/Fusang-main/real_data/afproject_genome/fish_mito/NC_009062.fasta	/mnt/d/系统发育树项目/Fusang/Fusang-main/real_data/afproject_genome/fish_mito/NC_009065.fasta	0.153758	0	202/10000
/mnt/d/系统发育树项目/Fusang/Fusang-main/real_data/afproject_genome/fish_mito/NC_009063.fasta	/mnt/d/系统发育树项目/Fusang/Fusang-main/real_data/afproject_genome/fish_mito/NC_009065.fasta	0.150633	0	216/10000
/mnt/d/系统发育树项目/Fusang/Fusang-main/real_data/afproject_genome/fish_mito/NC_009064.fasta	/mnt/d/系统发育树项目/Fusang/Fusang-main/real_data/afproject_genome/fish_mito/NC_009065.fasta	0.125099	0	375/10000
/mnt/d/系统发育树项目/Fusang/Fusang-main/real_data/afproject_genome/fish_mito/NC_009065.fasta	/mnt/d/系统发育树项目/Fusang/Fusang-main/real_data/afproject_genome/fish_mito/NC_009065.fasta	0	0	10000/10000
/mnt/d/系统发育树项目/Fusang/Fusang-main/real_data/afproject_genome/fish_mito/NC_009066.fasta	/mnt/d/系统发育树项目/Fusang/Fusang-main/real_data/afproject_genome/fish_mito/NC_009065.fasta	0.175137	0	128/10000
/mnt/d/系统发育树项目/Fusang/Fusang-main/real_data/afproject_genome/fish_mito/NC_009067.fasta	/mnt/d/系统发育树项目/Fusang/Fusang-main/real_data/afproject_genome/fish_mito/NC_009065.fasta	0.166759	0	153/10000
/mnt/d/系统发育树项目/Fusang/Fusang-main/real_data/afproject_genome/fish_mito/NC_009459.fasta	/mnt/d/系统发育树项目/Fusang/Fusang-main/real_data/afproject_genome/fish_mito/NC_009065.fasta	0.171602	0	138/10000
/mnt/d/系统发育树项目/Fusang/Fusang-main/real_data/afproject_genome/fish_mito/NC_010205.fasta	/mnt/d/系统发育树项目/Fusang/Fusang-main/real_data/afproject_genome/fish_mito/NC_009065.fasta	0.167376	0	151/10000
/mnt/d/系统发育树项目/Fusang/Fusang-main/real_data/afproject_genome/fish_mito/NC_011168.fasta	/mnt/d/系统发育树项目/Fusang/Fusang-main/real_data/afproject_genome/fish_mito/NC_009065.fasta	0.160733	0	174/10000
/mnt/d/系统发育树项目/Fusang/Fusang-main/real_data/afproject_genome/fish_mito/NC_011169.fasta	/mnt/d/系统发育树项目/Fusang/Fusang-main/real_data/afproject_genome/fish_mito/NC_009065.fasta	0.150849	0	215/10000
/mnt/d/系统发育树项目/Fusang/Fusang-main/real_data/afproject_genome/fish_mito/NC_011170.fasta	/mnt/d/系统发育树项目/Fusang/Fusang-main/real_data/afproject_genome/fish_mito/NC_009065.fasta	0.159669	0	178/10000
/mnt/d/系统发育树项目/Fusang/Fusang-main/real_data/afproject_genome/fish_mito/NC_011171.fasta	/mnt/d/系统发育树项目/Fusang/Fusang-main/real_data/afproject_genome/fish_mito/NC_009065.fasta	0.162376	0	168/10000
/mnt/d/系统发育树项目/Fusang/Fusang-main/real_data/afproject_genome/fish_mito/NC_011177.fasta	/mnt/d/系统发育树项目/Fusang/Fusang-main/real_data/afproject_genome/fish_mito/NC_009065.fasta	0.164955	0	159/10000
/mnt/d/系统发育树项目/Fusang/Fusang-main/real_data/afproject_genome/fish_mito/NC_011179.fasta	/mnt/d/系统发育树项目/Fusang/Fusang-main/real_data/afproject_genome/fish_mito/NC_009065.fasta	0.156619	0	190/10000
/mnt/d/系统发育树项目/Fusang/Fusang-main/real_data/afproject_genome/fish_mito/NC_012055.fasta	/mnt/d/系统发育树项目/Fusang/Fusang-main/real_data/afproject_genome/fish_mito/NC_009065.fasta	0.168636	0	147/10000
/mnt/d/系统发育树项目/Fusang/Fusang-main/real_data/afproject_genome/fish_mito/NC_013564.fasta	/mnt/d/系统发育树项目/Fusang/Fusang-main/real_data/afproject_genome/fish_mito/NC_009065.fasta	0.168636	0	147/10000
/mnt/d/系统发育树项目/Fusang/Fusang-main/real_data/afproject_genome/fish_mito/NC_013577.fasta	/mnt/d/系统发育树项目/Fusang/Fusang-main/real_data/afproject_genome/fish_mito/NC_009065.fasta	0.193331	0	87/10000
/mnt/d/系统发育树项目/Fusang/Fusang-main/real_data/afproject_genome/fish_mito/NC_013663.fasta	/mnt/d/系统发育树项目/Fusang/Fusang-main/real_data/afproject_genome/fish_mito/NC_009065.fasta	0.144769	0	245/10000
/mnt/d/系统发育树项目/Fusang/Fusang-main/real_data/afproject_genome/fish_mito/NC_013750.fasta	/mnt/d/系统发育树项目/Fusang/Fusang-main/real_data/afproject_genome/fish_mito/NC_009065.fasta	0.143644	0	251/10000
/mnt/d/系统发育树项目/Fusang/Fusang-main/real_data/afproject_genome/fish_mito/NC_018814.fasta	/mnt/d/系统发育树项目/Fusang/Fusang-main/real_data/afproject_genome/fish_mito/NC_009065.fasta	0.146706	0	235/10000
/mnt/d/系统发育树项目/Fusang/Fusang-main/real_data/afproject_genome/fish_mito/NC_018815.fasta	/mnt/d/系统发育树项目/Fusang/Fusang-main/real_data/afproject_genome/fish_mito/NC_009065.fasta	0.146905	0	234/10000
/mnt/d/系统发育树项目/Fusang/Fusang-main/real_data/afproject_genome/fish_mito/NC_009057.fasta	/mnt/d/系统发育树项目/Fusang/Fusang-main/real_data/afproject_genome/fish_mito/NC_009066.fasta	0.160733	0	174/10000
/mnt/d/系统发育树项目/Fusang/Fusang-main/real_data/afproject_genome/fish_mito/NC_009058.fasta	/mnt/d/系统发育树项目/Fusang/Fusang-main/real_data/afproject_genome/fish_mito/NC_009066.fasta	0.174048	0	131/10000
/mnt/d/系统发育树项目/Fusang/Fusang-main/real_data/afproject_genome/fish_mito/NC_009059.fasta	/mnt/d/系统发育树项目/Fusang/Fusang-main/real_data/afproject_genome/fish_mito/NC_009066.fasta	0.170592	0	141/10000
/mnt/d/系统发育树项目/Fusang/Fusang-main/real_data/afproject_genome/fish_mito/NC_009060.fasta	/mnt/d/系统发育树项目/Fusang/Fusang-main/real_data/afproject_genome/fish_mito/NC_009066.fasta	0.169931	0	143/10000
/mnt/d/系统发育树项目/Fusang/Fusang-main/real_data/afproject_genome/fish_mito/NC_009062.fasta	/mnt/d/系统发育树项目/Fusang/Fusang-main/real_data/afproject_genome/fish_mito/NC_009066.fasta	0.164662	0	160/10000
/mnt/d/系统发育树项目/Fusang/Fusang-main/real_data/afproject_genome/fish_mito/NC_009063.fasta	/mnt/d/系统发育树项目/Fusang/Fusang-main/real_data/afproject_genome/fish_mito/NC_009066.fasta	0.163791	0	163/10000
/mnt/d/系统发育树项目/Fusang/Fusang-main/real_data/afproject_genome/fish_mito/NC_009064.fasta	/mnt/d/系统发育树项目/Fusang/Fusang-main/real_data/afproject_genome/fish_mito/NC_009066.fasta	0.159669	0	178/10000
/mnt/d/系统发育树项目/Fusang/Fusang-main/real_data/afproject_genome/fish_mito/NC_009065.fasta	/mnt/d/系统发育树项目/Fusang/Fusang-main/real_data/afproject_genome/fish_mito/NC_009066.fasta	0.175137	0	128/10000
/mnt/d/系统发育树项目/Fusang/Fusang-main/real_data/afproject_genome/fish_mito/NC_009066.fasta	/mnt/d/系统发育树项目/Fusang/Fusang-main/real_data/afproject_genome/fish_mito/NC_009066.fasta	0	0	10000/10000
/mnt/d/系统发育树项目/Fusang/Fusang-main/real_data/afproject_genome/fish_mito/NC_009067.fasta	/mnt/d/系统发育树项目/Fusang/Fusang-main/real_data/afproject_genome/fish_mito/NC_009066.fasta	0.158373	0	183/10000
/mnt/d/系统发育树项目/Fusang/Fusang-main/real_data/afproject_genome/fish_mito/NC_009459.fasta	/mnt/d/系统发育树项目/Fusang/Fusang-main/real_data/afproject_genome/fish_mito/NC_009066.fasta	0.155405	0	195/10000
/mnt/d/系统发育树项目/Fusang/Fusang-main/real_data/afproject_genome/fish_mito/NC_010205.fasta	/mnt/d/系统发育树项目/Fusang/Fusang-main/real_data/afproject_genome/fish_mito/NC_009066.fasta	0.163504	0	164/10000
/mnt/d/系统发育树项目/Fusang/Fusang-main/real_data/afproject_genome/fish_mito/NC_011168.fasta	/mnt/d/系统发育树项目/Fusang/Fusang-main/real_data/afproject_genome/fish_mito/NC_009066.fasta	0.170592	0	141/10000
/mnt/d/系统发育树项目/Fusang/Fusang-main/real_data/afproject_genome/fish_mito/NC_011169.fasta	/mnt/d/系统发育树项目/Fusang/Fusang-main/real_data/afproject_genome/fish_mito/NC_009066.fasta	0.157113	0	188/10000
/mnt/d/系统发育树项目/Fusang/Fusang-main/real_data/afproject_genome/fish_mito/NC_011170.fasta	/mnt/d/系统发育树项目/Fusang/Fusang-main/real_data/afproject_genome/fish_mito/NC_009066.fasta	0.160733	0	174/10000
/mnt/d/系统发育树项目/Fusang/Fusang-main/real_data/afproject_genome/fish_mito/NC_011171.fasta	/mnt/d/系统发育树项目/Fusang/Fusang-main/real_data/afproject_genome/fish_mito/NC_009066.fasta	0.171263	0	139/10000
/mnt/d/系统发育树项目/Fusang/Fusang-main/real_data/afproject_genome/fish_mito/NC_011177.fasta	/mnt/d/系统发育树项目/Fusang/Fusang-main/real_data/afproject_genome/fish_mito/NC_009066.fasta	0.168636	0	147/10000
/mnt/d/系统发育树项目/Fusang/Fusang-main/real_data/afproject_genome/fish_mito/NC_011179.fasta	/mnt/d/系统发育树项目/Fusang/Fusang-main/real_data/afproject_genome/fish_mito/NC_009066.fasta	0.157362	0	187/10000
/mnt/d/系统发育树项目/Fusang/Fusang-main/real_data/afproject_genome/fish_mito/NC_012055.fasta	/mnt/d/系统发育树项目/Fusang/Fusang-main/real_data/afproject_genome/fish_mito/NC_009066.fasta	0.161274	0	172/10000
/mnt/d/系统发育树项目/Fusang/Fusang-main/real_data/afproject_genome/fish_mito/NC_013564.fasta	/mnt/d/系统发育树项目/Fusang/Fusang-main/real_data/afproject_genome/fish_mito/NC_009066.fasta	0.187235	0	99/10000
/mnt/d/系统发育树项目/Fusang/Fusang-main/real_data/afproject_genome/fish_mito/NC_013577.fasta	/mnt/d/系统发育树项目/Fusang/Fusang-main/real_data/afproject_genome/fish_mito/NC_009066.fasta	0.193331	0	87/10000
/mnt/d/系统发育树项目/Fusang/Fusang-main/real_data/afproject_genome/fish_mito/NC_013663.fasta	/mnt/d/系统发育树项目/Fusang/Fusang-main/real_data/afproject_genome/fish_mito/NC_009066.fasta	0.154928	0	197/10000
/mnt/d/系统发育树项目/Fusang/Fusang-main/real_data/afproject_genome/fish_mito/NC_013750.fasta	/mnt/d/系统发育树项目/Fusang/Fusang-main/real_data/afproject_genome/fish_mito/NC_009066.fasta	0.158887	0	181/10000
/mnt/d/系统发育树项目/Fusang/Fusang-main/real_data/afproject_genome/fish_mito/NC_018814.fasta	/mnt/d/系统发育树项目/Fusang/Fusang-main/real_data/afproject_genome/fish_mito/NC_009066.fasta	0.162376	0	168/10000
/mnt/d/系统发育树项目/Fusang/Fusang-main/real_data/afproject_genome/fish_mito/NC_018815.fasta	/mnt/d/系统发育树项目/Fusang/Fusang-main/real_data/afproject_genome/fish_mito/NC_009066.fasta	0.159146	0	180/10000
/mnt/d/系统发育树项目/Fusang/Fusang-main/real_data/afproject_genome/fish_mito/NC_009057.fasta	/mnt/d/系统发育树项目/Fusang/Fusang-main/real_data/afproject_genome/fish_mito/NC_009067.fasta	0.153528	0	203/10000
/mnt/d/系统发育树项目/Fusang/Fusang-main/real_data/afproject_genome/fish_mito/NC_009058.fasta	/mnt/d/系统发育树项目/Fusang/Fusang-main/real_data/afproject_genome/fish_mito/NC_009067.fasta	0.158373	0	183/10000
/mnt/d/系统发育树项目/Fusang/Fusang-main/real_data/afproject_genome/fish_mito/NC_009059.fasta	/mnt/d/系统发育树项目/Fusang/Fusang-main/real_data/afproject_genome/fish_mito/NC_009067.fasta	0.161822	0	170/10000
/mnt/d/系统发育树项目/Fusang/Fusang-main/real_data/afproject_genome/fish_mito/NC_009060.fasta	/mnt/d/系统发育树项目/Fusang/Fusang-main/real_data/afproject_genome/fish_mito/NC_009067.fasta	0.171944	0	137/10000
/mnt/d/系统发育树项目/Fusang/Fusang-main/real_data/afproject_genome/fish_mito/NC_009062.fasta	/mnt/d/系统发育树项目/Fusang/Fusang-main/real_data/afproject_genome/fish_mito/NC_009067.fasta	0.162655	0	167/10000
/mnt/d/系统发育树项目/Fusang/Fusang-main/real_data/afproject_genome/fish_mito/NC_009063.fasta	/mnt/d/系统发育树项目/Fusang/Fusang-main/real_data/afproject_genome/fish_mito/NC_009067.fasta	0.162655	0	167/10000
/mnt/d/系统发育树项目/Fusang/Fusang-main/real_data/afproject_genome/fish_mito/NC_009064.fasta	/mnt/d/系统发育树项目/Fusang/Fusang-main/real_data/afproject_genome/fish_mito/NC_009067.fasta	0.155645	0	194/10000
/mnt/d/系统发育树项目/Fusang/Fusang-main/real_data/afproject_genome/fish_mito/NC_009065.fasta	/mnt/d/系统发育树项目/Fusang/Fusang-main/real_data/afproject_genome/fish_mito/NC_009067.fasta	0.166759	0	153/10000
/mnt/d/系统发育树项目/Fusang/Fusang-main/real_data/afproject_genome/fish_mito/NC_009066.fasta	/mnt/d/系统发育树项目/Fusang/Fusang-main/real_data/afproject_genome/fish_mito/NC_009067.fasta	0.158373	0	183/10000
/mnt/d/系统发育树项目/Fusang/Fusang-main/real_data/afproject_genome/fish_mito/NC_009067.fasta	/mnt/d/系统发育树项目/Fusang/Fusang-main/real_data/afproject_genome/fish_mito/NC_009067.fasta	0	0	10000/10000
/mnt/d/系统发育树项目/Fusang/Fusang-main/real_data/afproject_genome/fish_mito/NC_009459.fasta	/mnt/d/系统发育树项目/Fusang/Fusang-main/real_data/afproject_genome/fish_mito/NC_009067.fasta	0.152392	0	208/10000
/mnt/d/系统发育树项目/Fusang/Fusang-main/real_data/afproject_genome/fish_mito/NC_010205.fasta	/mnt/d/系统发育树项目/Fusang/Fusang-main/real_data/afproject_genome/fish_mito/NC_009067.fasta	0.157362	0	187/10000
/mnt/d/系统发育树项目/Fusang/Fusang-main/real_data/afproject_genome/fish_mito/NC_011168.fasta	/mnt/d/系统发育树项目/Fusang/Fusang-main/real_data/afproject_genome/fish_mito/NC_009067.fasta	0.161274	0	172/10000
/mnt/d/系统发育树项目/Fusang/Fusang-main/real_data/afproject_genome/fish_mito/NC_011169.fasta	/mnt/d/系统发育树项目/Fusang/Fusang-main/real_data/afproject_genome/fish_mito/NC_009067.fasta	0.159407	0	179/10000
/mnt/d/系统发育树项目/Fusang/Fusang-main/real_data/afproject_genome/fish_mito/NC_011170.fasta	/mnt/d/系统发育树项目/Fusang/Fusang-main/real_data/afproject_genome/fish_mito/NC_009067.fasta	0.159669	0	178/10000
/mnt/d/系统发育树项目/Fusang/Fusang-main/real_data/afproject_genome/fish_mito/NC_011171.fasta	/mnt/d/系统发育树项目/Fusang/Fusang-main/real_data/afproject_genome/fish_mito/NC_009067.fasta	0.167376	0	151/10000
/mnt/d/系统发育树项目/Fusang/Fusang-main/real_data/afproject_genome/fish_mito/NC_011177.fasta	/mnt/d/系统发育树项目/Fusang/Fusang-main/real_data/afproject_genome/fish_mito/NC_009067.fasta	0.178567	0	119/10000
/mnt/d/系统发育树项目/Fusang/Fusang-main/real_data/afproject_genome/fish_mito/NC_011179.fasta	/mnt/d/系统发育树项目/Fusang/Fusang-main/real_data/afproject_genome/fish_mito/NC_009067.fasta	0.161822	0	170/10000
/mnt/d/系统发育树项目/Fusang/Fusang-main/real_data/afproject_genome/fish_mito/NC_012055.fasta	/mnt/d/系统发育树项目/Fusang/Fusang-main/real_data/afproject_genome/fish_mito/NC_009067.fasta	0.07039	0	1287/10000
/mnt/d/系统发育树项目/Fusang/Fusang-main/real_data/afproject_genome/fish_mito/NC_013564.fasta	/mnt/d/系统发育树项目/Fusang/Fusang-main/real_data/afproject_genome/fish_mito/NC_009067.fasta	0.183134	0	108/10000
/mnt/d/系统发育树项目/Fusang/Fusang-main/real_data/afproject_genome/fish_mito/NC_013577.fasta	/mnt/d/系统发育树项目/Fusang/Fusang-main/real_data/afproject_genome/fish_mito/NC_009067.fasta	0.188197	0	97/10000
/mnt/d/系统发育树项目/Fusang/Fusang-main/real_data/afproject_genome/fish_mito/NC_013663.fasta	/mnt/d/系统发育树项目/Fusang/Fusang-main/real_data/afproject_genome/fish_mito/NC_009067.fasta	0.156619	0	190/10000
/mnt/d/系统发育树项目/Fusang/Fusang-main/real_data/afproject_genome/fish_mito/NC_013750.fasta	/mnt/d/系统发育树项目/Fusang/Fusang-main/real_data/afproject_genome/fish_mito/NC_009067.fasta	0.153758	0	202/10000
/mnt/d/系统发育树项目/Fusang/Fusang-main/real_data/afproject_genome/fish_mito/NC_018814.fasta	/mnt/d/系统发育树项目/Fusang/Fusang-main/real_data/afproject_genome/fish_mito/NC_009067.fasta	0.161003	0	173/10000
/mnt/d/系统发育树项目/Fusang/Fusang-main/real_data/afproject_genome/fish_mito/NC_018815.fasta	/mnt/d/系统发育树项目/Fusang/Fusang-main/real_data/afproject_genome/fish_mito/NC_009067.fasta	0.159146	0	180/10000
/mnt/d/系统发育树项目/Fusang/Fusang-main/real_data/afproject_genome/fish_mito/NC_009057.fasta	/mnt/d/系统发育树项目/Fusang/Fusang-main/real_data/afproject_genome/fish_mito/NC_009459.fasta	0.158373	0	183/10000
/mnt/d/系统发育树项目/Fusang/Fusang-main/real_data/afproject_genome/fish_mito/NC_009058.fasta	/mnt/d/系统发育树项目/Fusang/Fusang-main/real_data/afproject_genome/fish_mito/NC_009459.fasta	0.164079	0	162/10000
/mnt/d/系统发育树项目/Fusang/Fusang-main/real_data/afproject_genome/fish_mito/NC_009059.fasta	/mnt/d/系统发育树项目/Fusang/Fusang-main/real_data/afproject_genome/fish_mito/NC_009459.fasta	0.173691	0	132/10000
/mnt/d/系统发育树项目/Fusang/Fusang-main/real_data/afproject_genome/fish_mito/NC_009060.fasta	/mnt/d/系统发育树项目/Fusang/Fusang-main/real_data/afproject_genome/fish_mito/NC_009459.fasta	0.175506	0	127/10000
/mnt/d/系统发育树项目/Fusang/Fusang-main/real_data/afproject_genome/fish_mito/NC_009062.fasta	/mnt/d/系统发育树项目/Fusang/Fusang-main/real_data/afproject_genome/fish_mito/NC_009459.fasta	0.165848	0	156/10000
/mnt/d/系统发育树项目/Fusang/Fusang-main/real_data/afproject_genome/fish_mito/NC_009063.fasta	/mnt/d/系统发育树项目/Fusang/Fusang-main/real_data/afproject_genome/fish_mito/NC_009459.fasta	0.168318	0	148/10000
/mnt/d/系统发育树项目/Fusang/Fusang-main/real_data/afproject_genome/fish_mito/NC_009064.fasta	/mnt/d/系统发育树项目/Fusang/Fusang-main/real_data/afproject_genome/fish_mito/NC_009459.fasta	0.163791	0	163/10000
/mnt/d/系统发育树项目/Fusang/Fusang-main/real_data/afproject_genome/fish_mito/NC_009065.fasta	/mnt/d/系统发育树项目/Fusang/Fusang-main/real_data/afproject_genome/fish_mito/NC_009459.fasta	0.171602	0	138/10000
/mnt/d/系统发育树项目/Fusang/Fusang-main/real_data/afproject_genome/fish_mito/NC_009066.fasta	/mnt/d/系统发育树项目/Fusang/Fusang-main/real_data/afproject_genome/fish_mito/NC_009459.fasta	0.155405	0	195/10000
/mnt/d/系统发育树项目/Fusang/Fusang-main/real_data/afproject_genome/fish_mito/NC_009067.fasta	/mnt/d/系统发育树项目/Fusang/Fusang-main/real_data/afproject_genome/fish_mito/NC_009459.fasta	0.152392	0	208/10000
/mnt/d/系统发育树项目/Fusang/Fusang-main/real_data/afproject_genome/fish_mito/NC_009459.fasta	/mnt/d/系统发育树项目/Fusang/Fusang-main/real_data/afproject_genome/fish_mito/NC_009459.fasta	0	0	10000/10000
/mnt/d/系统发育树项目/Fusang/Fusang-main/real_data/afproject_genome/fish_mito/NC_010205.fasta	/mnt/d/系统发育树项目/Fusang/Fusang-main/real_data/afproject_genome/fish_mito/NC_009459.fasta	0.16322	0	165/10000
/mnt/d/系统发育树项目/Fusang/Fusang-main/real_data/afproject_genome/fish_mito/NC_011168.fasta	/mnt/d/系统发育树项目/Fusang/Fusang-main/real_data/afproject_genome/fish_mito/NC_009459.fasta	0.163504	0	164/10000
/mnt/d/系统发育树项目/Fusang/Fusang-main/real_data/afproject_genome/fish_mito/NC_011169.fasta	/mnt/d/系统发育树项目/Fusang/Fusang-main/real_data/afproject_genome/fish_mito/NC_009459.fasta	0.169279	0	145/10000
/mnt/d/系统发育树项目/Fusang/Fusang-main/real_data/afproject_genome/fish_mito/NC_011170.fasta	/mnt/d/系统发育树项目/Fusang/Fusang-main/real_data/afproject_genome/fish_mito/NC_009459.fasta	0.165251	0	158/10000
/mnt/d/系统发育树项目/Fusang/Fusang-main/real_data/afproject_genome/fish_mito/NC_011171.fasta	/mnt/d/系统发育树项目/Fusang/Fusang-main/real_data/afproject_genome/fish_mito/NC_009459.fasta	0.178964	0	118/10000
/mnt/d/系统发育树项目/Fusang/Fusang-main/real_data/afproject_genome/fish_mito/NC_011177.fasta	/mnt/d/系统发育树项目/Fusang/Fusang-main/real_data/afproject_genome/fish_mito/NC_009459.fasta	0.171944	0	137/10000
/mnt/d/系统发育树项目/Fusang/Fusang-main/real_data/afproject_genome/fish_mito/NC_011179.fasta	/mnt/d/系统发育树项目/Fusang/Fusang-main/real_data/afproject_genome/fish_mito/NC_009459.fasta	0.162655	0	167/10000
/mnt/d/系统发育树项目/Fusang/Fusang-main/real_data/afproject_genome/fish_mito/NC_012055.fasta	/mnt/d/系统发育树项目/Fusang/Fusang-main/real_data/afproject_genome/fish_mito/NC_009459.fasta	0.152843	0	206/10000
/mnt/d/系统发育树项目/Fusang/Fusang-main/real_data/afproject_genome/fish_mito/NC_013564.fasta	/mnt/d/系统发育树项目/Fusang/Fusang-main/real_data/afproject_genome/fish_mito/NC_009459.fasta	0.186292	0	101/10000
/mnt/d/系统发育树项目/Fusang/Fusang-main/real_data/afproject_genome/fish_mito/NC_013577.fasta	/mnt/d/系统发育树项目/Fusang/Fusang-main/real_data/afproject_genome/fish_mito/NC_009459.fasta	0.189679	0	94/10000
/mnt/d/系统发育树项目/Fusang/Fusang-main/real_data/afproject_genome/fish_mito/NC_013663.fasta	/mnt/d/系统发育树项目/Fusang/Fusang-main/real_data/afproject_genome/fish_mito/NC_009459.fasta	0.161274	0	172/10000
/mnt/d/系统发育树项目/Fusang/Fusang-main/real_data/afproject_genome/fish_mito/NC_013750.fasta	/mnt/d/系统发育树项目/Fusang/Fusang-main/real_data/afproject_genome/fish_mito/NC_009459.fasta	0.159933	0	177/10000
/mnt/d/系统发育树项目/Fusang/Fusang-main/real_data/afproject_genome/fish_mito/NC_018814.fasta	/mnt/d/系统发育树项目/Fusang/Fusang-main/real_data/afproject_genome/fish_mito/NC_009459.fasta	0.167376	0	151/10000
/mnt/d/系统发育树项目/Fusang/Fusang-main/real_data/afproject_genome/fish_mito/NC_018815.fasta	/mnt/d/系统发育树项目/Fusang/Fusang-main/real_data/afproject_genome/fish_mito/NC_009459.fasta	0.16437	0	161/10000
/mnt/d/系统发育树项目/Fusang/Fusang-main/real_data/afproject_genome/fish_mito/NC_009057.fasta	/mnt/d/系统发育树项目/Fusang/Fusang-main/real_data/afproject_genome/fish_mito/NC_010205.fasta	0.162937	0	166/10000
/mnt/d/系统发育树项目/Fusang/Fusang-main/real_data/afproject_genome/fish_mito/NC_009058.fasta	/mnt/d/系统发育树项目/Fusang/Fusang-main/real_data/afproject_genome/fish_mito/NC_010205.fasta	0.170926	0	140/10000
/mnt/d/系统发育树项目/Fusang/Fusang-main/real_data/afproject_genome/fish_mito/NC_009059.fasta	/mnt/d/系统发育树项目/Fusang/Fusang-main/real_data/afproject_genome/fish_mito/NC_010205.fasta	0.165848	0	156/10000
/mnt/d/系统发育树项目/Fusang/Fusang-main/real_data/afproject_genome/fish_mito/NC_009060.fasta	/mnt/d/系统发育树项目/Fusang/Fusang-main/real_data/afproject_genome/fish_mito/NC_010205.fasta	0.172984	0	134/10000
/mnt/d/系统发育树项目/Fusang/Fusang-main/real_data/afproject_genome/fish_mito/NC_009062.fasta	/mnt/d/系统发育树项目/Fusang/Fusang-main/real_data/afproject_genome/fish_mito/NC_010205.fasta	0.162098	0	169/10000
/mnt/d/系统发育树项目/Fusang/Fusang-main/real_data/afproject_genome/fish_mito/NC_009063.fasta	/mnt/d/系统发育树项目/Fusang/Fusang-main/real_data/afproject_genome/fish_mito/NC_010205.fasta	0.16437	0	161/10000
/mnt/d/系统发育树项目/Fusang/Fusang-main/real_data/afproject_genome/fish_mito/NC_009064.fasta	/mnt/d/系统发育树项目/Fusang/Fusang-main/real_data/afproject_genome/fish_mito/NC_010205.fasta	0.162376	0	168/10000
/mnt/d/系统发育树项目/Fusang/Fusang-main/real_data/afproject_genome/fish_mito/NC_009065.fasta	/mnt/d/系统发育树项目/Fusang/Fusang-main/real_data/afproject_genome/fish_mito/NC_010205.fasta	0.167376	0	151/10000
/mnt/d/系统发育树项目/Fusang/Fusang-main/real_data/afproject_genome/fish_mito/NC_009066.fasta	/mnt/d/系统发育树项目/Fusang/Fusang-main/real_data/afproject_genome/fish_mito/NC_010205.fasta	0.163504	0	164/10000
/mnt/d/系统发育树项目/Fusang/Fusang-main/real_data/afproject_genome/fish_mito/NC_009067.fasta	/mnt/d/系统发育树项目/Fusang/Fusang-main/real_data/afproject_genome/fish_mito/NC_010205.fasta	0.157362	0	187/10000
/mnt/d/系统发育树项目/Fusang/Fusang-main/real_data/afproject_genome/fish_mito/NC_009459.fasta	/mnt/d/系统发育树项目/Fusang/Fusang-main/real_data/afproject_genome/fish_mito/NC_010205.fasta	0.16322	0	165/10000
/mnt/d/系统发育树项目/Fusang/Fusang-main/real_data/afproject_genome/fish_mito/NC_010205.fasta	/mnt/d/系统发育树项目/Fusang/Fusang-main/real_data/afproject_genome/fish_mito/NC_010205.fasta	0	0	10000/10000
/mnt/d/系统发育树项目/Fusang/Fusang-main/real_data/afproject_genome/fish_mito/NC_011168.fasta	/mnt/d/系统发育树项目/Fusang/Fusang-main/real_data/afproject_genome/fish_mito/NC_010205.fasta	0.165848	0	156/10000
/mnt/d/系统发育树项目/Fusang/Fusang-main/real_data/afproject_genome/fish_mito/NC_011169.fasta	/mnt/d/系统发育树项目/Fusang/Fusang-main/real_data/afproject_genome/fish_mito/NC_010205.fasta	0.161822	0	170/10000
/mnt/d/系统发育树项目/Fusang/Fusang-main/real_data/afproject_genome/fish_mito/NC_011170.fasta	/mnt/d/系统发育树项目/Fusang/Fusang-main/real_data/afproject_genome/fish_mito/NC_010205.fasta	0.15863	0	182/10000
/mnt/d/系统发育树项目/Fusang/Fusang-main/real_data/afproject_genome/fish_mito/NC_011171.fasta	/mnt/d/系统发育树项目/Fusang/Fusang-main/real_data/afproject_genome/fish_mito/NC_010205.fasta	0.178567	0	119/10000
/mnt/d/系统发育树项目/Fusang/Fusang-main/real_data/afproject_genome/fish_mito/NC_011177.fasta	/mnt/d/系统发育树项目/Fusang/Fusang-main/real_data/afproject_genome/fish_mito/NC_010205.fasta	0.172288	0	136/10000
/mnt/d/系统发育树项目/Fusang/Fusang-main/real_data/afproject_genome/fish_mito/NC_011179.fasta	/mnt/d/系统发育树项目/Fusang/Fusang-main/real_data/afproject_genome/fish_mito/NC_010205.fasta	0.162098	0	169/10000
/mnt/d/系统发育树项目/Fusang/Fusang-main/real_data/afproject_genome/fish_mito/NC_012055.fasta	/mnt/d/系统发育树项目/Fusang/Fusang-main/real_data/afproject_genome/fish_mito/NC_010205.fasta	0.104955	0	584/10000
/mnt/d/系统发育树项目/Fusang/Fusang-main/real_data/afproject_genome/fish_mito/NC_013564.fasta	/mnt/d/系统发育树项目/Fusang/Fusang-main/real_data/afproject_genome/fish_mito/NC_010205.fasta	0.187713	0	98/10000
/mnt/d/系统发育树项目/Fusang/Fusang-main/real_data/afproject_genome/fish_mito/NC_013577.fasta	/mnt/d/系统发育树项目/Fusang/Fusang-main/real_data/afproject_genome/fish_mito/NC_010205.fasta	0.192791	0	88/10000
/mnt/d/系统发育树项目/Fusang/Fusang-main/real_data/afproject_genome/fish_mito/NC_013663.fasta	/mnt/d/系统发育树项目/Fusang/Fusang-main/real_data/afproject_genome/fish_mito/NC_010205.fasta	0.164079	0	162/10000
/mnt/d/系统发育树项目/Fusang/Fusang-main/real_data/afproject_genome/fish_mito/NC_013750.fasta	/mnt/d/系统发育树项目/Fusang/Fusang-main/real_data/afproject_genome/fish_mito/NC_010205.fasta	0.157865	0	185/10000
/mnt/d/系统发育树项目/Fusang/Fusang-main/real_data/afproject_genome/fish_mito/NC_018814.fasta	/mnt/d/系统发育树项目/Fusang/Fusang-main/real_data/afproject_genome/fish_mito/NC_010205.fasta	0.159933	0	177/10000
/mnt/d/系统发育树项目/Fusang/Fusang-main/real_data/afproject_genome/fish_mito/NC_018815.fasta	/mnt/d/系统发育树项目/Fusang/Fusang-main/real_data/afproject_genome/fish_mito/NC_010205.fasta	0.161547	0	171/10000
/mnt/d/系统发育树项目/Fusang/Fusang-main/real_data/afproject_genome/fish_mito/NC_009057.fasta	/mnt/d/系统发育树项目/Fusang/Fusang-main/real_data/afproject_genome/fish_mito/NC_011168.fasta	0.128799	0	346/10000
/mnt/d/系统发育树项目/Fusang/Fusang-main/real_data/afproject_genome/fish_mito/NC_009058.fasta	/mnt/d/系统发育树项目/Fusang/Fusang-main/real_data/afproject_genome/fish_mito/NC_011168.fasta	0.120788	0	412/10000
/mnt/d/系统发育树项目/Fusang/Fusang-main/real_data/afproject_genome/fish_mito/NC_009059.fasta	/mnt/d/系统发育树项目/Fusang/Fusang-main/real_data/afproject_genome/fish_mito/NC_011168.fasta	0.150633	0	216/10000
/mnt/d/系统发育树项目/Fusang/Fusang-main/real_data/afproject_genome/fish_mito/NC_009060.fasta	/mnt/d/系统发育树项目/Fusang/Fusang-main/real_data/afproject_genome/fish_mito/NC_011168.fasta	0.160198	0	176/10000
/mnt/d/系统发育树项目/Fusang/Fusang-main/real_data/afproject_genome/fish_mito/NC_009062.fasta	/mnt/d/系统发育树项目/Fusang/Fusang-main/real_data/afproject_genome/fish_mito/NC_011168.fasta	0.141125	0	265/10000
/mnt/d/系统发育树项目/Fusang/Fusang-main/real_data/afproject_genome/fish_mito/NC_009063.fasta	/mnt/d/系统发育树项目/Fusang/Fusang-main/real_data/afproject_genome/fish_mito/NC_011168.fasta	0.133567	0	312/10000
/mnt/d/系统发育树项目/Fusang/Fusang-main/real_data/afproject_genome/fish_mito/NC_009064.fasta	/mnt/d/系统发育树项目/Fusang/Fusang-main/real_data/afproject_genome/fish_mito/NC_011168.fasta	0.146116	0	238/10000
/mnt/d/系统发育树项目/Fusang/Fusang-main/real_data/afproject_genome/fish_mito/NC_009065.fasta	/mnt/d/系统发育树项目/Fusang/Fusang-main/real_data/afproject_genome/fish_mito/NC_011168.fasta	0.160733	0	174/10000
/mnt/d/系统发育树项目/Fusang/Fusang-main/real_data/afproject_genome/fish_mito/NC_009066.fasta	/mnt/d/系统发育树项目/Fusang/Fusang-main/real_data/afproject_genome/fish_mito/NC_011168.fasta	0.170592	0	141/10000
/mnt/d/系统发育树项目/Fusang/Fusang-main/real_data/afproject_genome/fish_mito/NC_009067.fasta	/mnt/d/系统发育树项目/Fusang/Fusang-main/real_data/afproject_genome/fish_mito/NC_011168.fasta	0.161274	0	172/10000
/mnt/d/系统发育树项目/Fusang/Fusang-main/real_data/afproject_genome/fish_mito/NC_009459.fasta	/mnt/d/系统发育树项目/Fusang/Fusang-main/real_data/afproject_genome/fish_mito/NC_011168.fasta	0.163504	0	164/10000
/mnt/d/系统发育树项目/Fusang/Fusang-main/real_data/afproject_genome/fish_mito/NC_010205.fasta	/mnt/d/系统发育树项目/Fusang/Fusang-main/real_data/afproject_genome/fish_mito/NC_011168.fasta	0.165848	0	156/10000
/mnt/d/系统发育树项目/Fusang/Fusang-main/real_data/afproject_genome/fish_mito/NC_011168.fasta	/mnt/d/系统发育树项目/Fusang/Fusang-main/real_data/afproject_genome/fish_mito/NC_011168.fasta	0	0	10000/10000
/mnt/d/系统发育树项目/Fusang/Fusang-main/real_data/afproject_genome/fish_mito/NC_011169.fasta	/mnt/d/系统发育树项目/Fusang/Fusang-main/real_data/afproject_genome/fish_mito/NC_011168.fasta	0.136157	0	295/10000
/mnt/d/系统发育树项目/Fusang/Fusang-main/real_data/afproject_genome/fish_mito/NC_011170.fasta	/mnt/d/系统发育树项目/Fusang/Fusang-main/real_data/afproject_genome/fish_mito/NC_011168.fasta	0.136157	0	295/10000
/mnt/d/系统发育树项目/Fusang/Fusang-main/real_data/afproject_genome/fish_mito/NC_011171.fasta	/mnt/d/系统发育树项目/Fusang/Fusang-main/real_data/afproject_genome/fish_mito/NC_011168.fasta	0.145341	0	242/10000
/mnt/d/系统发育树项目/Fusang/Fusang-main/real_data/afproject_genome/fish_mito/NC_011177.fasta	/mnt/d/系统发育树项目/Fusang/Fusang-main/real_data/afproject_genome/fish_mito/NC_011168.fasta	0.139745	0	273/10000
/mnt/d/系统发育树项目/Fusang/Fusang-main/real_data/afproject_genome/fish_mito/NC_011179.fasta	/mnt/d/系统发育树项目/Fusang/Fusang-main/real_data/afproject_genome/fish_mito/NC_011168.fasta	0.14515	0	243/10000
/mnt/d/系统发育树项目/Fusang/Fusang-main/real_data/afproject_genome/fish_mito/NC_012055.fasta	/mnt/d/系统发育树项目/Fusang/Fusang-main/real_data/afproject_genome/fish_mito/NC_011168.fasta	0.161822	0	170/10000
/mnt/d/系统发育树项目/Fusang/Fusang-main/real_data/afproject_genome/fish_mito/NC_013564.fasta	/mnt/d/系统发育树项目/Fusang/Fusang-main/real_data/afproject_genome/fish_mito/NC_011168.fasta	0.180587	0	114/10000
/mnt/d/系统发育树项目/Fusang/Fusang-main/real_data/afproject_genome/fish_mito/NC_013577.fasta	/mnt/d/系统发育树项目/Fusang/Fusang-main/real_data/afproject_genome/fish_mito/NC_011168.fasta	0.184461	0	105/10000
/mnt/d/系统发育树项目/Fusang/Fusang-main/real_data/afproject_genome/fish_mito/NC_013663.fasta	/mnt/d/系统发育树项目/Fusang/Fusang-main/real_data/afproject_genome/fish_mito/NC_011168.fasta	0.1314	0	327/10000
/mnt/d/系统发育树项目/Fusang/Fusang-main/real_data/afproject_genome/fish_mito/NC_013750.fasta	/mnt/d/系统发育树项目/Fusang/Fusang-main/real_data/afproject_genome/fish_mito/NC_011168.fasta	0.127102	0	359/10000
/mnt/d/系统发育树项目/Fusang/Fusang-main/real_data/afproject_genome/fish_mito/NC_018814.fasta	/mnt/d/系统发育树项目/Fusang/Fusang-main/real_data/afproject_genome/fish_mito/NC_011168.fasta	0.13084	0	331/10000
/mnt/d/系统发育树项目/Fusang/Fusang-main/real_data/afproject_genome/fish_mito/NC_018815.fasta	/mnt/d/系统发育树项目/Fusang/Fusang-main/real_data/afproject_genome/fish_mito/NC_011168.fasta	0.131683	0	325/10000
/mnt/d/系统发育树项目/Fusang/Fusang-main/real_data/afproject_genome/fish_mito/NC_009057.fasta	/mnt/d/系统发育树项目/Fusang/Fusang-main/real_data/afproject_genome/fish_mito/NC_011169.fasta	0.1198	0	421/10000
/mnt/d/系统发育树项目/Fusang/Fusang-main/real_data/afproject_genome/fish_mito/NC_009058.fasta	/mnt/d/系统发育树项目/Fusang/Fusang-main/real_data/afproject_genome/fish_mito/NC_011169.fasta	0.130701	0	332/10000
/mnt/d/系统发育树项目/Fusang/Fusang-main/real_data/afproject_genome/fish_mito/NC_009059.fasta	/mnt/d/系统发育树项目/Fusang/Fusang-main/real_data/afproject_genome/fish_mito/NC_011169.fasta	0.142187	0	259/10000
/mnt/d/系统发育树项目/Fusang/Fusang-main/real_data/afproject_genome/fish_mito/NC_009060.fasta	/mnt/d/系统发育树项目/Fusang/Fusang-main/real_data/afproject_genome/fish_mito/NC_011169.fasta	0.147304	0	232/10000
/mnt/d/系统发育树项目/Fusang/Fusang-main/real_data/afproject_genome/fish_mito/NC_009062.fasta	/mnt/d/系统发育树项目/Fusang/Fusang-main/real_data/afproject_genome/fish_mito/NC_011169.fasta	0.130424	0	334/10000
/mnt/d/系统发育树项目/Fusang/Fusang-main/real_data/afproject_genome/fish_mito/NC_009063.fasta	/mnt/d/系统发育树项目/Fusang/Fusang-main/real_data/afproject_genome/fish_mito/NC_011169.fasta	0.13126	0	328/10000
/mnt/d/系统发育树项目/Fusang/Fusang-main/real_data/afproject_genome/fish_mito/NC_009064.fasta	/mnt/d/系统发育树项目/Fusang/Fusang-main/real_data/afproject_genome/fish_mito/NC_011169.fasta	0.132688	0	318/10000
/mnt/d/系统发育树项目/Fusang/Fusang-main/real_data/afproject_genome/fish_mito/NC_009065.fasta	/mnt/d/系统发育树项目/Fusang/Fusang-main/real_data/afproject_genome/fish_mito/NC_011169.fasta	0.150849	0	215/10000
/mnt/d/系统发育树项目/Fusang/Fusang-main/real_data/afproject_genome/fish_mito/NC_009066.fasta	/mnt/d/系统发育树项目/Fusang/Fusang-main/real_data/afproject_genome/fish_mito/NC_011169.fasta	0.157113	0	188/10000
/mnt/d/系统发育树项目/Fusang/Fusang-main/real_data/afproject_genome/fish_mito/NC_009067.fasta	/mnt/d/系统发育树项目/Fusang/Fusang-main/real_data/afproject_genome/fish_mito/NC_011169.fasta	0.159407	0	179/10000
/mnt/d/系统发育树项目/Fusang/Fusang-main/real_data/afproject_genome/fish_mito/NC_009459.fasta	/mnt/d/系统发育树项目/Fusang/Fusang-main/real_data/afproject_genome/fish_mito/NC_011169.fasta	0.169279	0	145/10000
/mnt/d/系统发育树项目/Fusang/Fusang-main/real_data/afproject_genome/fish_mito/NC_010205.fasta	/mnt/d/系统发育树项目/Fusang/Fusang-main/real_data/afproject_genome/fish_mito/NC_011169.fasta	0.161822	0	170/10000
/mnt/d/系统发育树项目/Fusang/Fusang-main/real_data/afproject_genome/fish_mito/NC_011168.fasta	/mnt/d/系统发育树项目/Fusang/Fusang-main/real_data/afproject_genome/fish_mito/NC_011169.fasta	0.136157	0	295/10000
/mnt/d/系统发育树项目/Fusang/Fusang-main/real_data/afproject_genome/fish_mito/NC_011169.fasta	/mnt/d/系统发育树项目/Fusang/Fusang-main/real_data/afproject_genome/fish_mito/NC_011169.fasta	0	0	10000/10000
/mnt/d/系统发育树项目/Fusang/Fusang-main/real_data/afproject_genome/fish_mito/NC_011170.fasta	/mnt/d/系统发育树项目/Fusang/Fusang-main/real_data/afproject_genome/fish_mito/NC_011169.fasta	0.113729	0	481/10000
/mnt/d/系统发育树项目/Fusang/Fusang-main/real_data/afproject_genome/fish_mito/NC_011171.fasta	/mnt/d/系统发育树项目/Fusang/Fusang-main/real_data/afproject_genome/fish_mito/NC_011169.fasta	0.135689	0	298/10000
/mnt/d/系统发育树项目/Fusang/Fusang-main/real_data/afproject_genome/fish_mito/NC_011177.fasta	/mnt/d/系统发育树项目/Fusang/Fusang-main/real_data/afproject_genome/fish_mito/NC_011169.fasta	0.135226	0	301/10000
/mnt/d/系统发育树项目/Fusang/Fusang-main/real_data/afproject_genome/fish_mito/NC_011179.fasta	/mnt/d/系统发育树项目/Fusang/Fusang-main/real_data/afproject_genome/fish_mito/NC_011169.fasta	0.132111	0	322/10000
/mnt/d/系统发育树项目/Fusang/Fusang-main/real_data/afproject_genome/fish_mito/NC_012055.fasta	/mnt/d/系统发育树项目/Fusang/Fusang-main/real_data/afproject_genome/fish_mito/NC_011169.fasta	0.160198	0	176/10000
/mnt/d/系统发育树项目/Fusang/Fusang-main/real_data/afproject_genome/fish_mito/NC_013564.fasta	/mnt/d/系统发育树项目/Fusang/Fusang-main/real_data/afproject_genome/fish_mito/NC_011169.fasta	0.16437	0	161/10000
/mnt/d/系统发育树项目/Fusang/Fusang-main/real_data/afproject_genome/fish_mito/NC_013577.fasta	/mnt/d/系统发育树项目/Fusang/Fusang-main/real_data/afproject_genome/fish_mito/NC_011169.fasta	0.176252	0	125/10000
/mnt/d/系统发育树项目/Fusang/Fusang-main/real_data/afproject_genome/fish_mito/NC_013663.fasta	/mnt/d/系统发育树项目/Fusang/Fusang-main/real_data/afproject_genome/fish_mito/NC_011169.fasta	0.122026	0	401/10000
/mnt/d/系统发育树项目/Fusang/Fusang-main/real_data/afproject_genome/fish_mito/NC_013750.fasta	/mnt/d/系统发育树项目/Fusang/Fusang-main/real_data/afproject_genome/fish_mito/NC_011169.fasta	0.119047	0	428/10000
/mnt/d/系统发育树项目/Fusang/Fusang-main/real_data/afproject_genome/fish_mito/NC_018814.fasta	/mnt/d/系统发育树项目/Fusang/Fusang-main/real_data/afproject_genome/fish_mito/NC_011169.fasta	0.128533	0	348/10000
/mnt/d/系统发育树项目/Fusang/Fusang-main/real_data/afproject_genome/fish_mito/NC_018815.fasta	/mnt/d/系统发育树项目/Fusang/Fusang-main/real_data/afproject_genome/fish_mito/NC_011169.fasta	0.128007	0	352/10000
/mnt/d/系统发育树项目/Fusang/Fusang-main/real_data/afproject_genome/fish_mito/NC_009057.fasta	/mnt/d/系统发育树项目/Fusang/Fusang-main/real_data/afproject_genome/fish_mito/NC_011170.fasta	0.124855	0	377/10000
/mnt/d/系统发育树项目/Fusang/Fusang-main/real_data/afproject_genome/fish_mito/NC_009058.fasta	/mnt/d/系统发育树项目/Fusang/Fusang-main/real_data/afproject_genome/fish_mito/NC_011170.fasta	0.127102	0	359/10000
/mnt/d/系统发育树项目/Fusang/Fusang-main/real_data/afproject_genome/fish_mito/NC_009059.fasta	/mnt/d/系统发育树项目/Fusang/Fusang-main/real_data/afproject_genome/fish_mito/NC_011170.fasta	0.142367	0	258/10000
/mnt/d/系统发育树项目/Fusang/Fusang-main/real_data/afproject_genome/fish_mito/NC_009060.fasta	/mnt/d/系统发育树项目/Fusang/Fusang-main/real_data/afproject_genome/fish_mito/NC_011170.fasta	0.145534	0	241/10000
/mnt/d/系统发育树项目/Fusang/Fusang-main/real_data/afproject_genome/fish_mito/NC_009062.fasta	/mnt/d/系统发育树项目/Fusang/Fusang-main/real_data/afproject_genome/fish_mito/NC_011170.fasta	0.131542	0	326/10000
/mnt/d/系统发育树项目/Fusang/Fusang-main/real_data/afproject_genome/fish_mito/NC_009063.fasta	/mnt/d/系统发育树项目/Fusang/Fusang-main/real_data/afproject_genome/fish_mito/NC_011170.fasta	0.130424	0	334/10000
/mnt/d/系统发育树项目/Fusang/Fusang-main/real_data/afproject_genome/fish_mito/NC_009064.fasta	/mnt/d/系统发育树项目/Fusang/Fusang-main/real_data/afproject_genome/fish_mito/NC_011170.fasta	0.133716	0	311/10000
/mnt/d/系统发育树项目/Fusang/Fusang-main/real_data/afproject_genome/fish_mito/NC_009065.fasta	/mnt/d/系统发育树项目/Fusang/Fusang-main/real_data/afproject_genome/fish_mito/NC_011170.fasta	0.159669	0	178/10000
/mnt/d/系统发育树项目/Fusang/Fusang-main/real_data/afproject_genome/fish_mito/NC_009066.fasta	/mnt/d/系统发育树项目/Fusang/Fusang-main/real_data/afproject_genome/fish_mito/NC_011170.fasta	0.160733	0	174/10000
/mnt/d/系统发育树项目/Fusang/Fusang-main/real_data/afproject_genome/fish_mito/NC_009067.fasta	/mnt/d/系统发育树项目/Fusang/Fusang-main/real_data/afproject_genome/fish_mito/NC_011170.fasta	0.159669	0	178/10000
/mnt/d/系统发育树项目/Fusang/Fusang-main/real_data/afproject_genome/fish_mito/NC_009459.fasta	/mnt/d/系统发育树项目/Fusang/Fusang-main/real_data/afproject_genome/fish_mito/NC_011170.fasta	0.165251	0	158/10000
/mnt/d/系统发育树项目/Fusang/Fusang-main/real_data/afproject_genome/fish_mito/NC_010205.fasta	/mnt/d/系统发育树项目/Fusang/Fusang-main/real_data/afproject_genome/fish_mito/NC_011170.fasta	0.15863	0	182/10000
/mnt/d/系统发育树项目/Fusang/Fusang-main/real_data/afproject_genome/fish_mito/NC_011168.fasta	/mnt/d/系统发育树项目/Fusang/Fusang-main/real_data/afproject_genome/fish_mito/NC_011170.fasta	0.136157	0	295/10000
/mnt/d/系统发育树项目/Fusang/Fusang-main/real_data/afproject_genome/fish_mito/NC_011169.fasta	/mnt/d/系统发育树项目/Fusang/Fusang-main/real_data/afproject_genome/fish_mito/NC_011170.fasta	0.113729	0	481/10000
/mnt/d/系统发育树项目/Fusang/Fusang-main/real_data/afproject_genome/fish_mito/NC_011170.fasta	/mnt/d/系统发育树项目/Fusang/Fusang-main/real_data/afproject_genome/fish_mito/NC_011170.fasta	0	0	10000/10000
/mnt/d/系统发育树项目/Fusang/Fusang-main/real_data/afproject_genome/fish_mito/NC_011171.fasta	/mnt/d/系统发育树项目/Fusang/Fusang-main/real_data/afproject_genome/fish_mito/NC_011170.fasta	0.138079	0	283/10000
/mnt/d/系统发育树项目/Fusang/Fusang-main/real_data/afproject_genome/fish_mito/NC_011177.fasta	/mnt/d/系统发育树项目/Fusang/Fusang-main/real_data/afproject_genome/fish_mito/NC_011170.fasta	0.13759	0	286/10000
/mnt/d/系统发育树项目/Fusang/Fusang-main/real_data/afproject_genome/fish_mito/NC_011179.fasta	/mnt/d/系统发育树项目/Fusang/Fusang-main/real_data/afproject_genome/fish_mito/NC_011170.fasta	0.132543	0	319/10000
/mnt/d/系统发育树项目/Fusang/Fusang-main/real_data/afproject_genome/fish_mito/NC_012055.fasta	/mnt/d/系统发育树项目/Fusang/Fusang-main/real_data/afproject_genome/fish_mito/NC_011170.fasta	0.156129	0	192/10000
/mnt/d/系统发育树项目/Fusang/Fusang-main/real_data/afproject_genome/fish_mito/NC_013564.fasta	/mnt/d/系统发育树项目/Fusang/Fusang-main/real_data/afproject_genome/fish_mito/NC_011170.fasta	0.181002	0	113/10000
/mnt/d/系统发育树项目/Fusang/Fusang-main/real_data/afproject_genome/fish_mito/NC_013577.fasta	/mnt/d/系统发育树项目/Fusang/Fusang-main/real_data/afproject_genome/fish_mito/NC_011170.fasta	0.181843	0	111/10000
/mnt/d/系统发育树项目/Fusang/Fusang-main/real_data/afproject_genome/fish_mito/NC_013663.fasta	/mnt/d/系统发育树项目/Fusang/Fusang-main/real_data/afproject_genome/fish_mito/NC_011170.fasta	0.126974	0	360/10000
/mnt/d/系统发育树项目/Fusang/Fusang-main/real_data/afproject_genome/fish_mito/NC_013750.fasta	/mnt/d/系统发育树项目/Fusang/Fusang-main/real_data/afproject_genome/fish_mito/NC_011170.fasta	0.1233	0	390/10000
/mnt/d/系统发育树项目/Fusang/Fusang-main/real_data/afproject_genome/fish_mito/NC_018814.fasta	/mnt/d/系统发育树项目/Fusang/Fusang-main/real_data/afproject_genome/fish_mito/NC_011170.fasta	0.129334	0	342/10000
/mnt/d/系统发育树项目/Fusang/Fusang-main/real_data/afproject_genome/fish_mito/NC_018815.fasta	/mnt/d/系统发育树项目/Fusang/Fusang-main/real_data/afproject_genome/fish_mito/NC_011170.fasta	0.124977	0	376/10000
/mnt/d/系统发育树项目/Fusang/Fusang-main/real_data/afproject_genome/fish_mito/NC_009057.fasta	/mnt/d/系统发育树项目/Fusang/Fusang-main/real_data/afproject_genome/fish_mito/NC_011171.fasta	0.120127	0	418/10000
/mnt/d/系统发育树项目/Fusang/Fusang-main/real_data/afproject_genome/fish_mito/NC_009058.fasta	/mnt/d/系统发育树项目/Fusang/Fusang-main/real_data/afproject_genome/fish_mito/NC_011171.fasta	0.144959	0	244/10000
/mnt/d/系统发育树项目/Fusang/Fusang-main/real_data/afproject_genome/fish_mito/NC_009059.fasta	/mnt/d/系统发育树项目/Fusang/Fusang-main/real_data/afproject_genome/fish_mito/NC_011171.fasta	0.157113	0	188/10000
/mnt/d/系统发育树项目/Fusang/Fusang-main/real_data/afproject_genome/fish_mito/NC_009060.fasta	/mnt/d/系统发育树项目/Fusang/Fusang-main/real_data/afproject_genome/fish_mito/NC_011171.fasta	0.160198	0	176/10000
/mnt/d/系统发育树项目/Fusang/Fusang-main/real_data/afproject_genome/fish_mito/NC_009062.fasta	/mnt/d/系统发育树项目/Fusang/Fusang-main/real_data/afproject_genome/fish_mito/NC_011171.fasta	0.1314	0	327/10000
/mnt/d/系统发育树项目/Fusang/Fusang-main/real_data/afproject_genome/fish_mito/NC_009063.fasta	/mnt/d/系统发育树项目/Fusang/Fusang-main/real_data/afproject_genome/fish_mito/NC_011171.fasta	0.130149	0	336/10000
/mnt/d/系统发育树项目/Fusang/Fusang-main/real_data/afproject_genome/fish_mito/NC_009064.fasta	/mnt/d/系统发育树项目/Fusang/Fusang-main/real_data/afproject_genome/fish_mito/NC_011171.fasta	0.139916	0	272/10000
/mnt/d/系统发育树项目/Fusang/Fusang-main/real_data/afproject_genome/fish_mito/NC_009065.fasta	/mnt/d/系统发育树项目/Fusang/Fusang-main/real_data/afproject_genome/fish_mito/NC_011171.fasta	0.162376	0	168/10000
/mnt/d/系统发育树项目/Fusang/Fusang-main/real_data/afproject_genome/fish_mito/NC_009066.fasta	/mnt/d/系统发育树项目/Fusang/Fusang-main/real_data/afproject_genome/fish_mito/NC_011171.fasta	0.171263	0	139/10000
/mnt/d/系统发育树项目/Fusang/Fusang-main/real_data/afproject_genome/fish_mito/NC_009067.fasta	/mnt/d/系统发育树项目/Fusang/Fusang-main/real_data/afproject_genome/fish_mito/NC_011171.fasta	0.167376	0	151/10000
/mnt/d/系统发育树项目/Fusang/Fusang-main/real_data/afproject_genome/fish_mito/NC_009459.fasta	/mnt/d/系统发育树项目/Fusang/Fusang-main/real_data/afproject_genome/fish_mito/NC_011171.fasta	0.178964	0	118/10000
/mnt/d/系统发育树项目/Fusang/Fusang-main/real_data/afproject_genome/fish_mito/NC_010205.fasta	/mnt/d/系统发育树项目/Fusang/Fusang-main/real_data/afproject_genome/fish_mito/NC_011171.fasta	0.178567	0	119/10000
/mnt/d/系统发育树项目/Fusang/Fusang-main/real_data/afproject_genome/fish_mito/NC_011168.fasta	/mnt/d/系统发育树项目/Fusang/Fusang-main/real_data/afproject_genome/fish_mito/NC_011171.fasta	0.145341	0	242/10000
/mnt/d/系统发育树项目/Fusang/Fusang-main/real_data/afproject_genome/fish_mito/NC_011169.fasta	/mnt/d/系统发育树项目/Fusang/Fusang-main/real_data/afproject_genome/fish_mito/NC_011171.fasta	0.135689	0	298/10000
/mnt/d/系统发育树项目/Fusang/Fusang-main/real_data/afproject_genome/fish_mito/NC_011170.fasta	/mnt/d/系统发育树项目/Fusang/Fusang-main/real_data/afproject_genome/fish_mito/NC_011171.fasta	0.138079	0	283/10000
/mnt/d/系统发育树项目/Fusang/Fusang-main/real_data/afproject_genome/fish_mito/NC_011171.fasta	/mnt/d/系统发育树项目/Fusang/Fusang-main/real_data/afproject_genome/fish_mito/NC_011171.fasta	0	0	10000/10000
/mnt/d/系统发育树项目/Fusang/Fusang-main/real_data/afproject_genome/fish_mito/NC_011177.fasta	/mnt/d/系统发育树项目/Fusang/Fusang-main/real_data/afproject_genome/fish_mito/NC_011171.fasta	0.157113	0	188/10000
/mnt/d/系统发育树项目/Fusang/Fusang-main/real_data/afproject_genome/fish_mito/NC_011179.fasta	/mnt/d/系统发育树项目/Fusang/Fusang-main/real_data/afproject_genome/fish_mito/NC_011171.fasta	0.154223	0	200/10000
/mnt/d/系统发育树项目/Fusang/Fusang-main/real_data/afproject_genome/fish_mito/NC_012055.fasta	/mnt/d/系统发育树项目/Fusang/Fusang-main/real_data/afproject_genome/fish_mito/NC_011171.fasta	0.166453	0	154/10000
/mnt/d/系统发育树项目/Fusang/Fusang-main/real_data/afproject_genome/fish_mito/NC_013564.fasta	/mnt/d/系统发育树项目/Fusang/Fusang-main/real_data/afproject_genome/fish_mito/NC_011171.fasta	0.173691	0	132/10000
/mnt/d/系统发育树项目/Fusang/Fusang-main/real_data/afproject_genome/fish_mito/NC_013577.fasta	/mnt/d/系统发育树项目/Fusang/Fusang-main/real_data/afproject_genome/fish_mito/NC_011171.fasta	0.184461	0	105/10000
/mnt/d/系统发育树项目/Fusang/Fusang-main/real_data/afproject_genome/fish_mito/NC_013663.fasta	/mnt/d/系统发育树项目/Fusang/Fusang-main/real_data/afproject_genome/fish_mito/NC_011171.fasta	0.121346	0	407/10000
/mnt/d/系统发育树项目/Fusang/Fusang-main/real_data/afproject_genome/fish_mito/NC_013750.fasta	/mnt/d/系统发育树项目/Fusang/Fusang-main/real_data/afproject_genome/fish_mito/NC_011171.fasta	0.121234	0	408/10000
/mnt/d/系统发育树项目/Fusang/Fusang-main/real_data/afproject_genome/fish_mito/NC_018814.fasta	/mnt/d/系统发育树项目/Fusang/Fusang-main/real_data/afproject_genome/fish_mito/NC_011171.fasta	0.126593	0	363/10000
/mnt/d/系统发育树项目/Fusang/Fusang-main/real_data/afproject_genome/fish_mito/NC_018815.fasta	/mnt/d/系统发育树项目/Fusang/Fusang-main/real_data/afproject_genome/fish_mito/NC_011171.fasta	0.128007	0	352/10000
/mnt/d/系统发育树项目/Fusang/Fusang-main/real_data/afproject_genome/fish_mito/NC_009057.fasta	/mnt/d/系统发育树项目/Fusang/Fusang-main/real_data/afproject_genome/fish_mito/NC_011177.fasta	0.138407	0	281/10000
/mnt/d/系统发育树项目/Fusang/Fusang-main/real_data/afproject_genome/fish_mito/NC_009058.fasta	/mnt/d/系统发育树项目/Fusang/Fusang-main/real_data/afproject_genome/fish_mito/NC_011177.fasta	0.148731	0	225/10000
/mnt/d/系统发育树项目/Fusang/Fusang-main/real_data/afproject_genome/fish_mito/NC_009059.fasta	/mnt/d/系统发育树项目/Fusang/Fusang-main/real_data/afproject_genome/fish_mito/NC_011177.fasta	0.158119	0	184/10000
/mnt/d/系统发育树项目/Fusang/Fusang-main/real_data/afproject_genome/fish_mito/NC_009060.fasta	/mnt/d/系统发育树项目/Fusang/Fusang-main/real_data/afproject_genome/fish_mito/NC_011177.fasta	0.160198	0	176/10000
/mnt/d/系统发育树项目/Fusang/Fusang-main/real_data/afproject_genome/fish_mito/NC_009062.fasta	/mnt/d/系统发育树项目/Fusang/Fusang-main/real_data/afproject_genome/fish_mito/NC_011177.fasta	0.140086	0	271/10000
/mnt/d/系统发育树项目/Fusang/Fusang-main/real_data/afproject_genome/fish_mito/NC_009063.fasta	/mnt/d/系统发育树项目/Fusang/Fusang-main/real_data/afproject_genome/fish_mito/NC_011177.fasta	0.13538	0	300/10000
/mnt/d/系统发育树项目/Fusang/Fusang-main/real_data/afproject_genome/fish_mito/NC_009064.fasta	/mnt/d/系统发育树项目/Fusang/Fusang-main/real_data/afproject_genome/fish_mito/NC_011177.fasta	0.139407	0	275/10000
/mnt/d/系统发育树项目/Fusang/Fusang-main/real_data/afproject_genome/fish_mito/NC_009065.fasta	/mnt/d/系统发育树项目/Fusang/Fusang-main/real_data/afproject_genome/fish_mito/NC_011177.fasta	0.164955	0	159/10000
/mnt/d/系统发育树项目/Fusang/Fusang-main/real_data/afproject_genome/fish_mito/NC_009066.fasta	/mnt/d/系统发育树项目/Fusang/Fusang-main/real_data/afproject_genome/fish_mito/NC_011177.fasta	0.168636	0	147/10000
/mnt/d/系统发育树项目/Fusang/Fusang-main/real_data/afproject_genome/fish_mito/NC_009067.fasta	/mnt/d/系统发育树项目/Fusang/Fusang-main/real_data/afproject_genome/fish_mito/NC_011177.fasta	0.178567	0	119/10000
/mnt/d/系统发育树项目/Fusang/Fusang-main/real_data/afproject_genome/fish_mito/NC_009459.fasta	/mnt/d/系统发育树项目/Fusang/Fusang-main/real_data/afproject_genome/fish_mito/NC_011177.fasta	0.171944	0	137/10000
/mnt/d/系统发育树项目/Fusang/Fusang-main/real_data/afproject_genome/fish_mito/NC_010205.fasta	/mnt/d/系统发育树项目/Fusang/Fusang-main/real_data/afproject_genome/fish_mito/NC_011177.fasta	0.172288	0	136/10000
/mnt/d/系统发育树项目/Fusang/Fusang-main/real_data/afproject_genome/fish_mito/NC_011168.fasta	/mnt/d/系统发育树项目/Fusang/Fusang-main/real_data/afproject_genome/fish_mito/NC_011177.fasta	0.139745	0	273/10000
/mnt/d/系统发育树项目/Fusang/Fusang-main/real_data/afproject_genome/fish_mito/NC_011169.fasta	/mnt/d/系统发育树项目/Fusang/Fusang-main/real_data/afproject_genome/fish_mito/NC_011177.fasta	0.135226	0	301/10000
/mnt/d/系统发育树项目/Fusang/Fusang-main/real_data/afproject_genome/fish_mito/NC_011170.fasta	/mnt/d/系统发育树项目/Fusang/Fusang-main/real_data/afproject_genome/fish_mito/NC_011177.fasta	0.13759	0	286/10000
/mnt/d/系统发育树项目/Fusang/Fusang-main/real_data/afproject_genome/fish_mito/NC_011171.fasta	/mnt/d/系统发育树项目/Fusang/Fusang-main/real_data/afproject_genome/fish_mito/NC_011177.fasta	0.157113	0	188/10000
/mnt/d/系统发育树项目/Fusang/Fusang-main/real_data/afproject_genome/fish_mito/NC_011177.fasta	/mnt/d/系统发育树项目/Fusang/Fusang-main/real_data/afproject_genome/fish_mito/NC_011177.fasta	0	0	10000/10000
/mnt/d/系统发育树项目/Fusang/Fusang-main/real_data/afproject_genome/fish_mito/NC_011179.fasta	/mnt/d/系统发育树项目/Fusang/Fusang-main/real_data/afproject_genome/fish_mito/NC_011177.fasta	0.128533	0	348/10000
/mnt/d/系统发育树项目/Fusang/Fusang-main/real_data/afproject_genome/fish_mito/NC_012055.fasta	/mnt/d/系统发育树项目/Fusang/Fusang-main/real_data/afproject_genome/fish_mito/NC_011177.fasta	0.175878	0	126/10000
/mnt/d/系统发育树项目/Fusang/Fusang-main/real_data/afproject_genome/fish_mito/NC_013564.fasta	/mnt/d/系统发育树项目/Fusang/Fusang-main/real_data/afproject_genome/fish_mito/NC_011177.fasta	0.180176	0	115/10000
/mnt/d/系统发育树项目/Fusang/Fusang-main/real_data/afproject_genome/fish_mito/NC_013577.fasta	/mnt/d/系统发育树项目/Fusang/Fusang-main/real_data/afproject_genome/fish_mito/NC_011177.fasta	0.188686	0	96/10000
/mnt/d/系统发育树项目/Fusang/Fusang-main/real_data/afproject_genome/fish_mito/NC_013663.fasta	/mnt/d/系统发育树项目/Fusang/Fusang-main/real_data/afproject_genome/fish_mito/NC_011177.fasta	0.134616	0	305/10000
/mnt/d/系统发育树项目/Fusang/Fusang-main/real_data/afproject_genome/fish_mito/NC_013750.fasta	/mnt/d/系统发育树项目/Fusang/Fusang-main/real_data/afproject_genome/fish_mito/NC_011177.fasta	0.129876	0	338/10000
/mnt/d/系统发育树项目/Fusang/Fusang-main/real_data/afproject_genome/fish_mito/NC_018814.fasta	/mnt/d/系统发育树项目/Fusang/Fusang-main/real_data/afproject_genome/fish_mito/NC_011177.fasta	0.132399	0	320/10000
/mnt/d/系统发育树项目/Fusang/Fusang-main/real_data/afproject_genome/fish_mito/NC_018815.fasta	/mnt/d/系统发育树项目/Fusang/Fusang-main/real_data/afproject_genome/fish_mito/NC_011177.fasta	0.131542	0	326/10000
/mnt/d/系统发育树项目/Fusang/Fusang-main/real_data/afproject_genome/fish_mito/NC_009057.fasta	/mnt/d/系统发育树项目/Fusang/Fusang-main/real_data/afproject_genome/fish_mito/NC_011179.fasta	0.133567	0	312/10000
/mnt/d/系统发育树项目/Fusang/Fusang-main/real_data/afproject_genome/fish_mito/NC_009058.fasta	/mnt/d/系统发育树项目/Fusang/Fusang-main/real_data/afproject_genome/fish_mito/NC_011179.fasta	0.144769	0	245/10000
/mnt/d/系统发育树项目/Fusang/Fusang-main/real_data/afproject_genome/fish_mito/NC_009059.fasta	/mnt/d/系统发育树项目/Fusang/Fusang-main/real_data/afproject_genome/fish_mito/NC_011179.fasta	0.151504	0	212/10000
/mnt/d/系统发育树项目/Fusang/Fusang-main/real_data/afproject_genome/fish_mito/NC_009060.fasta	/mnt/d/系统发育树项目/Fusang/Fusang-main/real_data/afproject_genome/fish_mito/NC_011179.fasta	0.153758	0	202/10000
/mnt/d/系统发育树项目/Fusang/Fusang-main/real_data/afproject_genome/fish_mito/NC_009062.fasta	/mnt/d/系统发育树项目/Fusang/Fusang-main/real_data/afproject_genome/fish_mito/NC_011179.fasta	0.138243	0	282/10000
/mnt/d/系统发育树项目/Fusang/Fusang-main/real_data/afproject_genome/fish_mito/NC_009063.fasta	/mnt/d/系统发育树项目/Fusang/Fusang-main/real_data/afproject_genome/fish_mito/NC_011179.fasta	0.135534	0	299/10000
/mnt/d/系统发育树项目/Fusang/Fusang-main/real_data/afproject_genome/fish_mito/NC_009064.fasta	/mnt/d/系统发育树项目/Fusang/Fusang-main/real_data/afproject_genome/fish_mito/NC_011179.fasta	0.139576	0	274/10000
/mnt/d/系统发育树项目/Fusang/Fusang-main/real_data/afproject_genome/fish_mito/NC_009065.fasta	/mnt/d/系统发育树项目/Fusang/Fusang-main/real_data/afproject_genome/fish_mito/NC_011179.fasta	0.156619	0	190/10000
/mnt/d/系统发育树项目/Fusang/Fusang-main/real_data/afproject_genome/fish_mito/NC_009066.fasta	/mnt/d/系统发育树项目/Fusang/Fusang-main/real_data/afproject_genome/fish_mito/NC_011179.fasta	0.157362	0	187/10000
/mnt/d/系统发育树项目/Fusang/Fusang-main/real_data/afproject_genome/fish_mito/NC_009067.fasta	/mnt/d/系统发育树项目/Fusang/Fusang-main/real_data/afproject_genome/fish_mito/NC_011179.fasta	0.161822	0	170/10000
/mnt/d/系统发育树项目/Fusang/Fusang-main/real_data/afproject_genome/fish_mito/NC_009459.fasta	/mnt/d/系统发育树项目/Fusang/Fusang-main/real_data/afproject_genome/fish_mito/NC_011179.fasta	0.162655	0	167/10000
/mnt/d/系统发育树项目/Fusang/Fusang-main/real_data/afproject_genome/fish_mito/NC_010205.fasta	/mnt/d/系统发育树项目/Fusang/Fusang-main/real_data/afproject_genome/fish_mito/NC_011179.fasta	0.162098	0	169/10000
/mnt/d/系统发育树项目/Fusang/Fusang-main/real_data/afproject_genome/fish_mito/NC_011168.fasta	/mnt/d/系统发育树项目/Fusang/Fusang-main/real_data/afproject_genome/fish_mito/NC_011179.fasta	0.14515	0	243/10000
/mnt/d/系统发育树项目/Fusang/Fusang-main/real_data/afproject_genome/fish_mito/NC_011169.fasta	/mnt/d/系统发育树项目/Fusang/Fusang-main/real_data/afproject_genome/fish_mito/NC_011179.fasta	0.132111	0	322/10000
/mnt/d/系统发育树项目/Fusang/Fusang-main/real_data/afproject_genome/fish_mito/NC_011170.fasta	/mnt/d/系统发育树项目/Fusang/Fusang-main/real_data/afproject_genome/fish_mito/NC_011179.fasta	0.132543	0	319/10000
/mnt/d/系统发育树项目/Fusang/Fusang-main/real_data/afproject_genome/fish_mito/NC_011171.fasta	/mnt/d/系统发育树项目/Fusang/Fusang-main/real_data/afproject_genome/fish_mito/NC_011179.fasta	0.154223	0	200/10000
/mnt/d/系统发育树项目/Fusang/Fusang-main/real_data/afproject_genome/fish_mito/NC_011177.fasta	/mnt/d/系统发育树项目/Fusang/Fusang-main/real_data/afproject_genome/fish_mito/NC_011179.fasta	0.128533	0	348/10000
/mnt/d/系统发育树项目/Fusang/Fusang-main/real_data/afproject_genome/fish_mito/NC_011179.fasta	/mnt/d/系统发育树项目/Fusang/Fusang-main/real_data/afproject_genome/fish_mito/NC_011179.fasta	0	0	10000/10000
/mnt/d/系统发育树项目/Fusang/Fusang-main/real_data/afproject_genome/fish_mito/NC_012055.fasta	/mnt/d/系统发育树项目/Fusang/Fusang-main/real_data/afproject_genome/fish_mito/NC_011179.fasta	0.162098	0	169/10000
/mnt/d/系统发育树项目/Fusang/Fusang-main/real_data/afproject_genome/fish_mito/NC_013564.fasta	/mnt/d/系统发育树项目/Fusang/Fusang-main/real_data/afproject_genome/fish_mito/NC_011179.fasta	0.165848	0	156/10000
/mnt/d/系统发育树项目/Fusang/Fusang-main/real_data/afproject_genome/fish_mito/NC_013577.fasta	/mnt/d/系统发育树项目/Fusang/Fusang-main/real_data/afproject_genome/fish_mito/NC_011179.fasta	0.178964	0	118/10000
/mnt/d/系统发育树项目/Fusang/Fusang-main/real_data/afproject_genome/fish_mito/NC_013663.fasta	/mnt/d/系统发育树项目/Fusang/Fusang-main/real_data/afproject_genome/fish_mito/NC_011179.fasta	0.135226	0	301/10000
/mnt/d/系统发育树项目/Fusang/Fusang-main/real_data/afproject_genome/fish_mito/NC_013750.fasta	/mnt/d/系统发育树项目/Fusang/Fusang-main/real_data/afproject_genome/fish_mito/NC_011179.fasta	0.130424	0	334/10000
/mnt/d/系统发育树项目/Fusang/Fusang-main/real_data/afproject_genome/fish_mito/NC_018814.fasta	/mnt/d/系统发育树项目/Fusang/Fusang-main/real_data/afproject_genome/fish_mito/NC_011179.fasta	0.132688	0	318/10000
/mnt/d/系统发育树项目/Fusang/Fusang-main/real_data/afproject_genome/fish_mito/NC_018815.fasta	/mnt/d/系统发育树项目/Fusang/Fusang-main/real_data/afproject_genome/fish_mito/NC_011179.fasta	0.131683	0	325/10000
/mnt/d/系统发育树项目/Fusang/Fusang-main/real_data/afproject_genome/fish_mito/NC_009057.fasta	/mnt/d/系统发育树项目/Fusang/Fusang-main/real_data/afproject_genome/fish_mito/NC_012055.fasta	0.159146	0	180/10000
/mnt/d/系统发育树项目/Fusang/Fusang-main/real_data/afproject_genome/fish_mito/NC_009058.fasta	/mnt/d/系统发育树项目/Fusang/Fusang-main/real_data/afproject_genome/fish_mito/NC_012055.fasta	0.156865	0	189/10000
/mnt/d/系统发育树项目/Fusang/Fusang-main/real_data/afproject_genome/fish_mito/NC_009059.fasta	/mnt/d/系统发育树项目/Fusang/Fusang-main/real_data/afproject_genome/fish_mito/NC_012055.fasta	0.164079	0	162/10000
/mnt/d/系统发育树项目/Fusang/Fusang-main/real_data/afproject_genome/fish_mito/NC_009060.fasta	/mnt/d/系统发育树项目/Fusang/Fusang-main/real_data/afproject_genome/fish_mito/NC_012055.fasta	0.173336	0	133/10000
/mnt/d/系统发育树项目/Fusang/Fusang-main/real_data/afproject_genome/fish_mito/NC_009062.fasta	/mnt/d/系统发育树项目/Fusang/Fusang-main/real_data/afproject_genome/fish_mito/NC_012055.fasta	0.162655	0	167/10000
/mnt/d/系统发育树项目/Fusang/Fusang-main/real_data/afproject_genome/fish_mito/NC_009063.fasta	/mnt/d/系统发育树项目/Fusang/Fusang-main/real_data/afproject_genome/fish_mito/NC_012055.fasta	0.160198	0	176/10000
/mnt/d/系统发育树项目/Fusang/Fusang-main/real_data/afproject_genome/fish_mito/NC_009064.fasta	/mnt/d/系统发育树项目/Fusang/Fusang-main/real_data/afproject_genome/fish_mito/NC_012055.fasta	0.15399	0	201/10000
/mnt/d/系统发育树项目/Fusang/Fusang-main/real_data/afproject_genome/fish_mito/NC_009065.fasta	/mnt/d/系统发育树项目/Fusang/Fusang-main/real_data/afproject_genome/fish_mito/NC_012055.fasta	0.168636	0	147/10000
/mnt/d/系统发育树项目/Fusang/Fusang-main/real_data/afproject_genome/fish_mito/NC_009066.fasta	/mnt/d/系统发育树项目/Fusang/Fusang-main/real_data/afproject_genome/fish_mito/NC_012055.fasta	0.161274	0	172/10000
/mnt/d/系统发育树项目/Fusang/Fusang-main/real_data/afproject_genome/fish_mito/NC_009067.fasta	/mnt/d/系统发育树项目/Fusang/Fusang-main/real_data/afproject_genome/fish_mito/NC_012055.fasta	0.07039	0	1287/10000
/mnt/d/系统发育树项目/Fusang/Fusang-main/real_data/afproject_genome/fish_mito/NC_009459.fasta	/mnt/d/系统发育树项目/Fusang/Fusang-main/real_data/afproject_genome/fish_mito/NC_012055.fasta	0.152843	0	206/10000
/mnt/d/系统发育树项目/Fusang/Fusang-main/real_data/afproject_genome/fish_mito/NC_010205.fasta	/mnt/d/系统发育树项目/Fusang/Fusang-main/real_data/afproject_genome/fish_mito/NC_012055.fasta	0.104955	0	584/10000
/mnt/d/系统发育树项目/Fusang/Fusang-main/real_data/afproject_genome/fish_mito/NC_011168.fasta	/mnt/d/系统发育树项目/Fusang/Fusang-main/real_data/afproject_genome/fish_mito/NC_012055.fasta	0.161822	0	170/10000
/mnt/d/系统发育树项目/Fusang/Fusang-main/real_data/afproject_genome/fish_mito/NC_011169.fasta	/mnt/d/系统发育树项目/Fusang/Fusang-main/real_data/afproject_genome/fish_mito/NC_012055.fasta	0.160198	0	176/10000
/mnt/d/系统发育树项目/Fusang/Fusang-main/real_data/afproject_genome/fish_mito/NC_011170.fasta	/mnt/d/系统发育树项目/Fusang/Fusang-main/real_data/afproject_genome/fish_mito/NC_012055.fasta	0.156129	0	192/10000
/mnt/d/系统发育树项目/Fusang/Fusang-main/real_data/afproject_genome/fish_mito/NC_011171.fasta	/mnt/d/系统发育树项目/Fusang/Fusang-main/real_data/afproject_genome/fish_mito/NC_012055.fasta	0.166453	0	154/10000
/mnt/d/系统发育树项目/Fusang/Fusang-main/real_data/afproject_genome/fish_mito/NC_011177.fasta	/mnt/d/系统发育树项目/Fusang/Fusang-main/real_data/afproject_genome/fish_mito/NC_012055.fasta	0.175878	0	126/10000
/mnt/d/系统发育树项目/Fusang/Fusang-main/real_data/afproject_genome/fish_mito/NC_011179.fasta	/mnt/d/系统发育树项目/Fusang/Fusang-main/real_data/afproject_genome/fish_mito/NC_012055.fasta	0.162098	0	169/10000
/mnt/d/系统发育树项目/Fusang/Fusang-main/real_data/afproject_genome/fish_mito/NC_012055.fasta	/mnt/d/系统发育树项目/Fusang/Fusang-main/real_data/afproject_genome/fish_mito/NC_012055.fasta	0	0	10000/10000
/mnt/d/系统发育树项目/Fusang/Fusang-main/real_data/afproject_genome/fish_mito/NC_013564.fasta	/mnt/d/系统发育树项目/Fusang/Fusang-main/real_data/afproject_genome/fish_mito/NC_012055.fasta	0.189679	0	94/10000
/mnt/d/系统发育树项目/Fusang/Fusang-main/real_data/afproject_genome/fish_mito/NC_013577.fasta	/mnt/d/系统发育树项目/Fusang/Fusang-main/real_data/afproject_genome/fish_mito/NC_012055.fasta	0.186292	0	101/10000
/mnt/d/系统发育树项目/Fusang/Fusang-main/real_data/afproject_genome/fish_mito/NC_013663.fasta	/mnt/d/系统发育树项目/Fusang/Fusang-main/real_data/afproject_genome/fish_mito/NC_012055.fasta	0.156619	0	190/10000
/mnt/d/系统发育树项目/Fusang/Fusang-main/real_data/afproject_genome/fish_mito/NC_013750.fasta	/mnt/d/系统发育树项目/Fusang/Fusang-main/real_data/afproject_genome/fish_mito/NC_012055.fasta	0.15307	0	205/10000
/mnt/d/系统发育树项目/Fusang/Fusang-main/real_data/afproject_genome/fish_mito/NC_018814.fasta	/mnt/d/系统发育树项目/Fusang/Fusang-main/real_data/afproject_genome/fish_mito/NC_012055.fasta	0.160198	0	176/10000
/mnt/d/系统发育树项目/Fusang/Fusang-main/real_data/afproject_genome/fish_mito/NC_018815.fasta	/mnt/d/系统发育树项目/Fusang/Fusang-main/real_data/afproject_genome/fish_mito/NC_012055.fasta	0.158373	0	183/10000
/mnt/d/系统发育树项目/Fusang/Fusang-main/real_data/afproject_genome/fish_mito/NC_009057.fasta	/mnt/d/系统发育树项目/Fusang/Fusang-main/real_data/afproject_genome/fish_mito/NC_013564.fasta	0.165549	0	157/10000
/mnt/d/系统发育树项目/Fusang/Fusang-main/real_data/afproject_genome/fish_mito/NC_009058.fasta	/mnt/d/系统发育树项目/Fusang/Fusang-main/real_data/afproject_genome/fish_mito/NC_013564.fasta	0.173336	0	133/10000
/mnt/d/系统发育树项目/Fusang/Fusang-main/real_data/afproject_genome/fish_mito/NC_009059.fasta	/mnt/d/系统发育树项目/Fusang/Fusang-main/real_data/afproject_genome/fish_mito/NC_013564.fasta	0.179768	0	116/10000
/mnt/d/系统发育树项目/Fusang/Fusang-main/real_data/afproject_genome/fish_mito/NC_009060.fasta	/mnt/d/系统发育树项目/Fusang/Fusang-main/real_data/afproject_genome/fish_mito/NC_013564.fasta	0.178173	0	120/10000
/mnt/d/系统发育树项目/Fusang/Fusang-main/real_data/afproject_genome/fish_mito/NC_009062.fasta	/mnt/d/系统发育树项目/Fusang/Fusang-main/real_data/afproject_genome/fish_mito/NC_013564.fasta	0.167376	0	151/10000
/mnt/d/系统发育树项目/Fusang/Fusang-main/real_data/afproject_genome/fish_mito/NC_009063.fasta	/mnt/d/系统发育树项目/Fusang/Fusang-main/real_data/afproject_genome/fish_mito/NC_013564.fasta	0.171944	0	137/10000
/mnt/d/系统发育树项目/Fusang/Fusang-main/real_data/afproject_genome/fish_mito/NC_009064.fasta	/mnt/d/系统发育树项目/Fusang/Fusang-main/real_data/afproject_genome/fish_mito/NC_013564.fasta	0.162937	0	166/10000
/mnt/d/系统发育树项目/Fusang/Fusang-main/real_data/afproject_genome/fish_mito/NC_009065.fasta	/mnt/d/系统发育树项目/Fusang/Fusang-main/real_data/afproject_genome/fish_mito/NC_013564.fasta	0.168636	0	147/10000
/mnt/d/系统发育树项目/Fusang/Fusang-main/real_data/afproject_genome/fish_mito/NC_009066.fasta	/mnt/d/系统发育树项目/Fusang/Fusang-main/real_data/afproject_genome/fish_mito/NC_013564.fasta	0.187235	0	99/10000
/mnt/d/系统发育树项目/Fusang/Fusang-main/real_data/afproject_genome/fish_mito/NC_009067.fasta	/mnt/d/系统发育树项目/Fusang/Fusang-main/real_data/afproject_genome/fish_mito/NC_013564.fasta	0.183134	0	108/10000
/mnt/d/系统发育树项目/Fusang/Fusang-main/real_data/afproject_genome/fish_mito/NC_009459.fasta	/mnt/d/系统发育树项目/Fusang/Fusang-main/real_data/afproject_genome/fish_mito/NC_013564.fasta	0.186292	0	101/10000
/mnt/d/系统发育树项目/Fusang/Fusang-main/real_data/afproject_genome/fish_mito/NC_010205.fasta	/mnt/d/系统发育树项目/Fusang/Fusang-main/real_data/afproject_genome/fish_mito/NC_013564.fasta	0.187713	0	98/10000
/mnt/d/系统发育树项目/Fusang/Fusang-main/real_data/afproject_genome/fish_mito/NC_011168.fasta	/mnt/d/系统发育树项目/Fusang/Fusang-main/real_data/afproject_genome/fish_mito/NC_013564.fasta	0.180587	0	114/10000
/mnt/d/系统发育树项目/Fusang/Fusang-main/real_data/afproject_genome/fish_mito/NC_011169.fasta	/mnt/d/系统发育树项目/Fusang/Fusang-main/real_data/afproject_genome/fish_mito/NC_013564.fasta	0.16437	0	161/10000
/mnt/d/系统发育树项目/Fusang/Fusang-main/real_data/afproject_genome/fish_mito/NC_011170.fasta	/mnt/d/系统发育树项目/Fusang/Fusang-main/real_data/afproject_genome/fish_mito/NC_013564.fasta	0.181002	0	113/10000
/mnt/d/系统发育树项目/Fusang/Fusang-main/real_data/afproject_genome/fish_mito/NC_011171.fasta	/mnt/d/系统发育树项目/Fusang/Fusang-main/real_data/afproject_genome/fish_mito/NC_013564.fasta	0.173691	0	132/10000
/mnt/d/系统发育树项目/Fusang/Fusang-main/real_data/afproject_genome/fish_mito/NC_011177.fasta	/mnt/d/系统发育树项目/Fusang/Fusang-main/real_data/afproject_genome/fish_mito/NC_013564.fasta	0.180176	0	115/10000
/mnt/d/系统发育树项目/Fusang/Fusang-main/real_data/afproject_genome/fish_mito/NC_011179.fasta	/mnt/d/系统发育树项目/Fusang/Fusang-main/real_data/afproject_genome/fish_mito/NC_013564.fasta	0.165848	0	156/10000
/mnt/d/系统发育树项目/Fusang/Fusang-main/real_data/afproject_genome/fish_mito/NC_012055.fasta	/mnt/d/系统发育树项目/Fusang/Fusang-main/real_data/afproject_genome/fish_mito/NC_013564.fasta	0.189679	0	94/10000
/mnt/d/系统发育树项目/Fusang/Fusang-main/real_data/afproject_genome/fish_mito/NC_013564.fasta	/mnt/d/系统发育树项目/Fusang/Fusang-main/real_data/afproject_genome/fish_mito/NC_013564.fasta	0	0	10000/10000
/mnt/d/系统发育树项目/Fusang/Fusang-main/real_data/afproject_genome/fish_mito/NC_013577.fasta	/mnt/d/系统发育树项目/Fusang/Fusang-main/real_data/afproject_genome/fish_mito/NC_013564.fasta	0.107087	0	557/10000
/mnt/d/系统发育树项目/Fusang/Fusang-main/real_data/afproject_genome/fish_mito/NC_013663.fasta	/mnt/d/系统发育树项目/Fusang/Fusang-main/real_data/afproject_genome/fish_mito/NC_013564.fasta	0.168002	0	149/10000
/mnt/d/系统发育树项目/Fusang/Fusang-main/real_data/afproject_genome/fish_mito/NC_013750.fasta	/mnt/d/系统发育树项目/Fusang/Fusang-main/real_data/afproject_genome/fish_mito/NC_013564.fasta	0.163504	0	164/10000
/mnt/d/系统发育树项目/Fusang/Fusang-main/real_data/afproject_genome/fish_mito/NC_018814.fasta	/mnt/d/系统发育树项目/Fusang/Fusang-main/real_data/afproject_genome/fish_mito/NC_013564.fasta	0.168956	0	146/10000
/mnt/d/系统发育树项目/Fusang/Fusang-main/real_data/afproject_genome/fish_mito/NC_018815.fasta	/mnt/d/系统发育树项目/Fusang/Fusang-main/real_data/afproject_genome/fish_mito/NC_013564.fasta	0.165549	0	157/10000
/mnt/d/系统发育树项目/Fusang/Fusang-main/real_data/afproject_genome/fish_mito/NC_009057.fasta	/mnt/d/系统发育树项目/Fusang/Fusang-main/real_data/afproject_genome/fish_mito/NC_013577.fasta	0.184912	0	104/10000
/mnt/d/系统发育树项目/Fusang/Fusang-main/real_data/afproject_genome/fish_mito/NC_009058.fasta	/mnt/d/系统发育树项目/Fusang/Fusang-main/real_data/afproject_genome/fish_mito/NC_013577.fasta	0.176252	0	125/10000
/mnt/d/系统发育树项目/Fusang/Fusang-main/real_data/afproject_genome/fish_mito/NC_009059.fasta	/mnt/d/系统发育树项目/Fusang/Fusang-main/real_data/afproject_genome/fish_mito/NC_013577.fasta	0.194988	0	84/10000
/mnt/d/系统发育树项目/Fusang/Fusang-main/real_data/afproject_genome/fish_mito/NC_009060.fasta	/mnt/d/系统发育树项目/Fusang/Fusang-main/real_data/afproject_genome/fish_mito/NC_013577.fasta	0.188686	0	96/10000
/mnt/d/系统发育树项目/Fusang/Fusang-main/real_data/afproject_genome/fish_mito/NC_009062.fasta	/mnt/d/系统发育树项目/Fusang/Fusang-main/real_data/afproject_genome/fish_mito/NC_013577.fasta	0.184912	0	104/10000
/mnt/d/系统发育树项目/Fusang/Fusang-main/real_data/afproject_genome/fish_mito/NC_009063.fasta	/mnt/d/系统发育树项目/Fusang/Fusang-main/real_data/afproject_genome/fish_mito/NC_013577.fasta	0.178964	0	118/10000
/mnt/d/系统发育树项目/Fusang/Fusang-main/real_data/afproject_genome/fish_mito/NC_009064.fasta	/mnt/d/系统发育树项目/Fusang/Fusang-main/real_data/afproject_genome/fish_mito/NC_013577.fasta	0.181002	0	113/10000
/mnt/d/系统发育树项目/Fusang/Fusang-main/real_data/afproject_genome/fish_mito/NC_009065.fasta	/mnt/d/系统发育树项目/Fusang/Fusang-main/real_data/afproject_genome/fish_mito/NC_013577.fasta	0.193331	0	87/10000
/mnt/d/系统发育树项目/Fusang/Fusang-main/real_data/afproject_genome/fish_mito/NC_009066.fasta	/mnt/d/系统发育树项目/Fusang/Fusang-main/real_data/afproject_genome/fish_mito/NC_013577.fasta	0.193331	0	87/10000
/mnt/d/系统发育树项目/Fusang/Fusang-main/real_data/afproject_genome/fish_mito/NC_009067.fasta	/mnt/d/系统发育树项目/Fusang/Fusang-main/real_data/afproject_genome/fish_mito/NC_013577.fasta	0.188197	0	97/10000
/mnt/d/系统发育树项目/Fusang/Fusang-main/real_data/afproject_genome/fish_mito/NC_009459.fasta	/mnt/d/系统发育树项目/Fusang/Fusang-main/real_data/afproject_genome/fish_mito/NC_013577.fasta	0.189679	0	94/10000
/mnt/d/系统发育树项目/Fusang/Fusang-main/real_data/afproject_genome/fish_mito/NC_010205.fasta	/mnt/d/系统发育树项目/Fusang/Fusang-main/real_data/afproject_genome/fish_mito/NC_013577.fasta	0.192791	0	88/10000
/mnt/d/系统发育树项目/Fusang/Fusang-main/real_data/afproject_genome/fish_mito/NC_011168.fasta	/mnt/d/系统发育树项目/Fusang/Fusang-main/real_data/afproject_genome/fish_mito/NC_013577.fasta	0.184461	0	105/10000
/mnt/d/系统发育树项目/Fusang/Fusang-main/real_data/afproject_genome/fish_mito/NC_011169.fasta	/mnt/d/系统发育树项目/Fusang/Fusang-main/real_data/afproject_genome/fish_mito/NC_013577.fasta	0.176252	0	125/10000
/mnt/d/系统发育树项目/Fusang/Fusang-main/real_data/afproject_genome/fish_mito/NC_011170.fasta	/mnt/d/系统发育树项目/Fusang/Fusang-main/real_data/afproject_genome/fish_mito/NC_013577.fasta	0.181843	0	111/10000
/mnt/d/系统发育树项目/Fusang/Fusang-main/real_data/afproject_genome/fish_mito/NC_011171.fasta	/mnt/d/系统发育树项目/Fusang/Fusang-main/real_data/afproject_genome/fish_mito/NC_013577.fasta	0.184461	0	105/10000
/mnt/d/系统发育树项目/Fusang/Fusang-main/real_data/afproject_genome/fish_mito/NC_011177.fasta	/mnt/d/系统发育树项目/Fusang/Fusang-main/real_data/afproject_genome/fish_mito/NC_013577.fasta	0.188686	0	96/10000
/mnt/d/系统发育树项目/Fusang/Fusang-main/real_data/afproject_genome/fish_mito/NC_011179.fasta	/mnt/d/系统发育树项目/Fusang/Fusang-main/real_data/afproject_genome/fish_mito/NC_013577.fasta	0.178964	0	118/10000
/mnt/d/系统发育树项目/Fusang/Fusang-main/real_data/afproject_genome/fish_mito/NC_012055.fasta	/mnt/d/系统发育树项目/Fusang/Fusang-main/real_data/afproject_genome/fish_mito/NC_013577.fasta	0.186292	0	101/10000
/mnt/d/系统发育树项目/Fusang/Fusang-main/real_data/afproject_genome/fish_mito/NC_013564.fasta	/mnt/d/系统发育树项目/Fusang/Fusang-main/real_data/afproject_genome/fish_mito/NC_013577.fasta	0.107087	0	557/10000
/mnt/d/系统发育树项目/Fusang/Fusang-main/real_data/afproject_genome/fish_mito/NC_013577.fasta	/mnt/d/系统发育树项目/Fusang/Fusang-main/real_data/afproject_genome/fish_mito/NC_013577.fasta	0	0	10000/10000
/mnt/d/系统发育树项目/Fusang/Fusang-main/real_data/afproject_genome/fish_mito/NC_013663.fasta	/mnt/d/系统发育树项目/Fusang/Fusang-main/real_data/afproject_genome/fish_mito/NC_013577.fasta	0.183572	0	107/10000
/mnt/d/系统发育树项目/Fusang/Fusang-main/real_data/afproject_genome/fish_mito/NC_013750.fasta	/mnt/d/系统发育树项目/Fusang/Fusang-main/real_data/afproject_genome/fish_mito/NC_013577.fasta	0.181002	0	113/10000
/mnt/d/系统发育树项目/Fusang/Fusang-main/real_data/afproject_genome/fish_mito/NC_018814.fasta	/mnt/d/系统发育树项目/Fusang/Fusang-main/real_data/afproject_genome/fish_mito/NC_013577.fasta	0.177782	0	121/10000
/mnt/d/系统发育树项目/Fusang/Fusang-main/real_data/afproject_genome/fish_mito/NC_018815.fasta	/mnt/d/系统发育树项目/Fusang/Fusang-main/real_data/afproject_genome/fish_mito/NC_013577.fasta	0.178173	0	120/10000
/mnt/d/系统发育树项目/Fusang/Fusang-main/real_data/afproject_genome/fish_mito/NC_009057.fasta	/mnt/d/系统发育树项目/Fusang/Fusang-main/real_data/afproject_genome/fish_mito/NC_013663.fasta	0.0505935	0	2089/10000
/mnt/d/系统发育树项目/Fusang/Fusang-main/real_data/afproject_genome/fish_mito/NC_009058.fasta	/mnt/d/系统发育树项目/Fusang/Fusang-main/real_data/afproject_genome/fish_mito/NC_013663.fasta	0.13492	0	303/10000
/mnt/d/系统发育树项目/Fusang/Fusang-main/real_data/afproject_genome/fish_mito/NC_009059.fasta	/mnt/d/系统发育树项目/Fusang/Fusang-main/real_data/afproject_genome/fish_mito/NC_013663.fasta	0.143092	0	254/10000
/mnt/d/系统发育树项目/Fusang/Fusang-main/real_data/afproject_genome/fish_mito/NC_009060.fasta	/mnt/d/系统发育树项目/Fusang/Fusang-main/real_data/afproject_genome/fish_mito/NC_013663.fasta	0.147505	0	231/10000
/mnt/d/系统发育树项目/Fusang/Fusang-main/real_data/afproject_genome/fish_mito/NC_009062.fasta	/mnt/d/系统发育树项目/Fusang/Fusang-main/real_data/afproject_genome/fish_mito/NC_013663.fasta	0.0925035	0	772/10000
/mnt/d/系统发育树项目/Fusang/Fusang-main/real_data/afproject_genome/fish_mito/NC_009063.fasta	/mnt/d/系统发育树项目/Fusang/Fusang-main/real_data/afproject_genome/fish_mito/NC_013663.fasta	0.0836336	0	945/10000
/mnt/d/系统发育树项目/Fusang/Fusang-main/real_data/afproject_genome/fish_mito/NC_009064.fasta	/mnt/d/系统发育树项目/Fusang/Fusang-main/real_data/afproject_genome/fish_mito/NC_013663.fasta	0.125222	0	374/10000
/mnt/d/系统发育树项目/Fusang/Fusang-main/real_data/afproject_genome/fish_mito/NC_009065.fasta	/mnt/d/系统发育树项目/Fusang/Fusang-main/real_data/afproject_genome/fish_mito/NC_013663.fasta	0.144769	0	245/10000
/mnt/d/系统发育树项目/Fusang/Fusang-main/real_data/afproject_genome/fish_mito/NC_009066.fasta	/mnt/d/系统发育树项目/Fusang/Fusang-main/real_data/afproject_genome/fish_mito/NC_013663.fasta	0.154928	0	197/10000
/mnt/d/系统发育树项目/Fusang/Fusang-main/real_data/afproject_genome/fish_mito/NC_009067.fasta	/mnt/d/系统发育树项目/Fusang/Fusang-main/real_data/afproject_genome/fish_mito/NC_013663.fasta	0.156619	0	190/10000
/mnt/d/系统发育树项目/Fusang/Fusang-main/real_data/afproject_genome/fish_mito/NC_009459.fasta	/mnt/d/系统发育树项目/Fusang/Fusang-main/real_data/afproject_genome/fish_mito/NC_013663.fasta	0.161274	0	172/10000
/mnt/d/系统发育树项目/Fusang/Fusang-main/real_data/afproject_genome/fish_mito/NC_010205.fasta	/mnt/d/系统发育树项目/Fusang/Fusang-main/real_data/afproject_genome/fish_mito/NC_013663.fasta	0.164079	0	162/10000
/mnt/d/系统发育树项目/Fusang/Fusang-main/real_data/afproject_genome/fish_mito/NC_011168.fasta	/mnt/d/系统发育树项目/Fusang/Fusang-main/real_data/afproject_genome/fish_mito/NC_013663.fasta	0.1314	0	327/10000
/mnt/d/系统发育树项目/Fusang/Fusang-main/real_data/afproject_genome/fish_mito/NC_011169.fasta	/mnt/d/系统发育树项目/Fusang/Fusang-main/real_data/afproject_genome/fish_mito/NC_013663.fasta	0.122026	0	401/10000
/mnt/d/系统发育树项目/Fusang/Fusang-main/real_data/afproject_genome/fish_mito/NC_011170.fasta	/mnt/d/系统发育树项目/Fusang/Fusang-main/real_data/afproject_genome/fish_mito/NC_013663.fasta	0.126974	0	360/10000
/mnt/d/系统发育树项目/Fusang/Fusang-main/real_data/afproject_genome/fish_mito/NC_011171.fasta	/mnt/d/系统发育树项目/Fusang/Fusang-main/real_data/afproject_genome/fish_mito/NC_013663.fasta	0.121346	0	407/10000
/mnt/d/系统发育树项目/Fusang/Fusang-main/real_data/afproject_genome/fish_mito/NC_011177.fasta	/mnt/d/系统发育树项目/Fusang/Fusang-main/real_data/afproject_genome/fish_mito/NC_013663.fasta	0.134616	0	305/10000
/mnt/d/系统发育树项目/Fusang/Fusang-main/real_data/afproject_genome/fish_mito/NC_011179.fasta	/mnt/d/系统发育树项目/Fusang/Fusang-main/real_data/afproject_genome/fish_mito/NC_013663.fasta	0.135226	0	301/10000
/mnt/d/系统发育树项目/Fusang/Fusang-main/real_data/afproject_genome/fish_mito/NC_012055.fasta	/mnt/d/系统发育树项目/Fusang/Fusang-main/real_data/afproject_genome/fish_mito/NC_013663.fasta	0.156619	0	190/10000
/mnt/d/系统发育树项目/Fusang/Fusang-main/real_data/afproject_genome/fish_mito/NC_013564.fasta	/mnt/d/系统发育树项目/Fusang/Fusang-main/real_data/afproject_genome/fish_mito/NC_013663.fasta	0.168002	0	149/10000
/mnt/d/系统发育树项目/Fusang/Fusang-main/real_data/afproject_genome/fish_mito/NC_013577.fasta	/mnt/d/系统发育树项目/Fusang/Fusang-main/real_data/afproject_genome/fish_mito/NC_013663.fasta	0.183572	0	107/10000
/mnt/d/系统发育树项目/Fusang/Fusang-main/real_data/afproject_genome/fish_mito/NC_013663.fasta	/mnt/d/系统发育树项目/Fusang/Fusang-main/real_data/afproject_genome/fish_mito/NC_013663.fasta	0	0	10000/10000
/mnt/d/系统发育树项目/Fusang/Fusang-main/real_data/afproject_genome/fish_mito/NC_013750.fasta	/mnt/d/系统发育树项目/Fusang/Fusang-main/real_data/afproject_genome/fish_mito/NC_013663.fasta	0.0374853	0	2946/10000
/mnt/d/系统发育树项目/Fusang/Fusang-main/real_data/afproject_genome/fish_mito/NC_018814.fasta	/mnt/d/系统发育树项目/Fusang/Fusang-main/real_data/afproject_genome/fish_mito/NC_013663.fasta	0.0843771	0	929/10000
/mnt/d/系统发育树项目/Fusang/Fusang-main/real_data/afproject_genome/fish_mito/NC_018815.fasta	/mnt/d/系统发育树项目/Fusang/Fusang-main/real_data/afproject_genome/fish_mito/NC_013663.fasta	0.0847541	0	921/10000
/mnt/d/系统发育树项目/Fusang/Fusang-main/real_data/afproject_genome/fish_mito/NC_009057.fasta	/mnt/d/系统发育树项目/Fusang/Fusang-main/real_data/afproject_genome/fish_mito/NC_013750.fasta	0.0607158	0	1624/10000
/mnt/d/系统发育树项目/Fusang/Fusang-main/real_data/afproject_genome/fish_mito/NC_009058.fasta	/mnt/d/系统发育树项目/Fusang/Fusang-main/real_data/afproject_genome/fish_mito/NC_013750.fasta	0.128401	0	349/10000
/mnt/d/系统发育树项目/Fusang/Fusang-main/real_data/afproject_genome/fish_mito/NC_009059.fasta	/mnt/d/系统发育树项目/Fusang/Fusang-main/real_data/afproject_genome/fish_mito/NC_013750.fasta	0.142367	0	258/10000
/mnt/d/系统发育树项目/Fusang/Fusang-main/real_data/afproject_genome/fish_mito/NC_009060.fasta	/mnt/d/系统发育树项目/Fusang/Fusang-main/real_data/afproject_genome/fish_mito/NC_013750.fasta	0.149146	0	223/10000
/mnt/d/系统发育树项目/Fusang/Fusang-main/real_data/afproject_genome/fish_mito/NC_009062.fasta	/mnt/d/系统发育树项目/Fusang/Fusang-main/real_data/afproject_genome/fish_mito/NC_013750.fasta	0.0862	0	891/10000
/mnt/d/系统发育树项目/Fusang/Fusang-main/real_data/afproject_genome/fish_mito/NC_009063.fasta	/mnt/d/系统发育树项目/Fusang/Fusang-main/real_data/afproject_genome/fish_mito/NC_013750.fasta	0.0793181	0	1044/10000
/mnt/d/系统发育树项目/Fusang/Fusang-main/real_data/afproject_genome/fish_mito/NC_009064.fasta	/mnt/d/系统发育树项目/Fusang/Fusang-main/real_data/afproject_genome/fish_mito/NC_013750.fasta	0.123773	0	386/10000
/mnt/d/系统发育树项目/Fusang/Fusang-main/real_data/afproject_genome/fish_mito/NC_009065.fasta	/mnt/d/系统发育树项目/Fusang/Fusang-main/real_data/afproject_genome/fish_mito/NC_013750.fasta	0.143644	0	251/10000
/mnt/d/系统发育树项目/Fusang/Fusang-main/real_data/afproject_genome/fish_mito/NC_009066.fasta	/mnt/d/系统发育树项目/Fusang/Fusang-main/real_data/afproject_genome/fish_mito/NC_013750.fasta	0.158887	0	181/10000
/mnt/d/系统发育树项目/Fusang/Fusang-main/real_data/afproject_genome/fish_mito/NC_009067.fasta	/mnt/d/系统发育树项目/Fusang/Fusang-main/real_data/afproject_genome/fish_mito/NC_013750.fasta	0.153758	0	202/10000
/mnt/d/系统发育树项目/Fusang/Fusang-main/real_data/afproject_genome/fish_mito/NC_009459.fasta	/mnt/d/系统发育树项目/Fusang/Fusang-main/real_data/afproject_genome/fish_mito/NC_013750.fasta	0.159933	0	177/10000
/mnt/d/系统发育树项目/Fusang/Fusang-main/real_data/afproject_genome/fish_mito/NC_010205.fasta	/mnt/d/系统发育树项目/Fusang/Fusang-main/real_data/afproject_genome/fish_mito/NC_013750.fasta	0.157865	0	185/10000
/mnt/d/系统发育树项目/Fusang/Fusang-main/real_data/afproject_genome/fish_mito/NC_011168.fasta	/mnt/d/系统发育树项目/Fusang/Fusang-main/real_data/afproject_genome/fish_mito/NC_013750.fasta	0.127102	0	359/10000
/mnt/d/系统发育树项目/Fusang/Fusang-main/real_data/afproject_genome/fish_mito/NC_011169.fasta	/mnt/d/系统发育树项目/Fusang/Fusang-main/real_data/afproject_genome/fish_mito/NC_013750.fasta	0.119047	0	428/10000
/mnt/d/系统发育树项目/Fusang/Fusang-main/real_data/afproject_genome/fish_mito/NC_011170.fasta	/mnt/d/系统发育树项目/Fusang/Fusang-main/real_data/afproject_genome/fish_mito/NC_013750.fasta	0.1233	0	390/10000
/mnt/d/系统发育树项目/Fusang/Fusang-main/real_data/afproject_genome/fish_mito/NC_011171.fasta	/mnt/d/系统发育树项目/Fusang/Fusang-main/real_data/afproject_genome/fish_mito/NC_013750.fasta	0.121234	0	408/10000
/mnt/d/系统发育树项目/Fusang/Fusang-main/real_data/afproject_genome/fish_mito/NC_011177.fasta	/mnt/d/系统发育树项目/Fusang/Fusang-main/real_data/afproject_genome/fish_mito/NC_013750.fasta	0.129876	0	338/10000
/mnt/d/系统发育树项目/Fusang/Fusang-main/real_data/afproject_genome/fish_mito/NC_011179.fasta	/mnt/d/系统发育树项目/Fusang/Fusang-main/real_data/afproject_genome/fish_mito/NC_013750.fasta	0.130424	0	334/10000
/mnt/d/系统发育树项目/Fusang/Fusang-main/real_data/afproject_genome/fish_mito/NC_012055.fasta	/mnt/d/系统发育树项目/Fusang/Fusang-main/real_data/afproject_genome/fish_mito/NC_013750.fasta	0.15307	0	205/10000
/mnt/d/系统发育树项目/Fusang/Fusang-main/real_data/afproject_genome/fish_mito/NC_013564.fasta	/mnt/d/系统发育树项目/Fusang/Fusang-main/real_data/afproject_genome/fish_mito/NC_013750.fasta	0.163504	0	164/10000
/mnt/d/系统发育树项目/Fusang/Fusang-main/real_data/afproject_genome/fish_mito/NC_013577.fasta	/mnt/d/系统发育树项目/Fusang/Fusang-main/real_data/afproject_genome/fish_mito/NC_013750.fasta	0.181002	0	113/10000
/mnt/d/系统发育树项目/Fusang/Fusang-main/real_data/afproject_genome/fish_mito/NC_013663.fasta	/mnt/d/系统发育树项目/Fusang/Fusang-main/real_data/afproject_genome/fish_mito/NC_013750.fasta	0.0374853	0	2946/10000
/mnt/d/系统发育树项目/Fusang/Fusang-main/real_data/afproject_genome/fish_mito/NC_013750.fasta	/mnt/d/系统发育树项目/Fusang/Fusang-main/real_data/afproject_genome/fish_mito/NC_013750.fasta	0	0	10000/10000
/mnt/d/系统发育树项目/Fusang/Fusang-main/real_data/afproject_genome/fish_mito/NC_018814.fasta	/mnt/d/系统发育树项目/Fusang/Fusang-main/real_data/afproject_genome/fish_mito/NC_013750.fasta	0.0776207	0	1086/10000
/mnt/d/系统发育树项目/Fusang/Fusang-main/real_data/afproject_genome/fish_mito/NC_018815.fasta	/mnt/d/系统发育树项目/Fusang/Fusang-main/real_data/afproject_genome/fish_mito/NC_013750.fasta	0.0781383	0	1073/10000
/mnt/d/系统发育树项目/Fusang/Fusang-main/real_data/afproject_genome/fish_mito/NC_009057.fasta	/mnt/d/系统发育树项目/Fusang/Fusang-main/real_data/afproject_genome/fish_mito/NC_018814.fasta	0.0845181	0	926/10000
/mnt/d/系统发育树项目/Fusang/Fusang-main/real_data/afproject_genome/fish_mito/NC_009058.fasta	/mnt/d/系统发育树项目/Fusang/Fusang-main/real_data/afproject_genome/fish_mito/NC_018814.fasta	0.132833	0	317/10000
/mnt/d/系统发育树项目/Fusang/Fusang-main/real_data/afproject_genome/fish_mito/NC_009059.fasta	/mnt/d/系统发育树项目/Fusang/Fusang-main/real_data/afproject_genome/fish_mito/NC_018814.fasta	0.139916	0	272/10000
/mnt/d/系统发育树项目/Fusang/Fusang-main/real_data/afproject_genome/fish_mito/NC_009060.fasta	/mnt/d/系统发育树项目/Fusang/Fusang-main/real_data/afproject_genome/fish_mito/NC_018814.fasta	0.152843	0	206/10000
/mnt/d/系统发育树项目/Fusang/Fusang-main/real_data/afproject_genome/fish_mito/NC_009062.fasta	/mnt/d/系统发育树项目/Fusang/Fusang-main/real_data/afproject_genome/fish_mito/NC_018814.fasta	0.0794008	0	1042/10000
/mnt/d/系统发育树项目/Fusang/Fusang-main/real_data/afproject_genome/fish_mito/NC_009063.fasta	/mnt/d/系统发育树项目/Fusang/Fusang-main/real_data/afproject_genome/fish_mito/NC_018814.fasta	0.030865	0	3541/10000
/mnt/d/系统发育树项目/Fusang/Fusang-main/real_data/afproject_genome/fish_mito/NC_009064.fasta	/mnt/d/系统发育树项目/Fusang/Fusang-main/real_data/afproject_genome/fish_mito/NC_018814.fasta	0.128533	0	348/10000
/mnt/d/系统发育树项目/Fusang/Fusang-main/real_data/afproject_genome/fish_mito/NC_009065.fasta	/mnt/d/系统发育树项目/Fusang/Fusang-main/real_data/afproject_genome/fish_mito/NC_018814.fasta	0.146706	0	235/10000
/mnt/d/系统发育树项目/Fusang/Fusang-main/real_data/afproject_genome/fish_mito/NC_009066.fasta	/mnt/d/系统发育树项目/Fusang/Fusang-main/real_data/afproject_genome/fish_mito/NC_018814.fasta	0.162376	0	168/10000
/mnt/d/系统发育树项目/Fusang/Fusang-main/real_data/afproject_genome/fish_mito/NC_009067.fasta	/mnt/d/系统发育树项目/Fusang/Fusang-main/real_data/afproject_genome/fish_mito/NC_018814.fasta	0.161003	0	173/10000
/mnt/d/系统发育树项目/Fusang/Fusang-main/real_data/afproject_genome/fish_mito/NC_009459.fasta	/mnt/d/系统发育树项目/Fusang/Fusang-main/real_data/afproject_genome/fish_mito/NC_018814.fasta	0.167376	0	151/10000
/mnt/d/系统发育树项目/Fusang/Fusang-main/real_data/afproject_genome/fish_mito/NC_010205.fasta	/mnt/d/系统发育树项目/Fusang/Fusang-main/real_data/afproject_genome/fish_mito/NC_018814.fasta	0.159933	0	177/10000
/mnt/d/系统发育树项目/Fusang/Fusang-main/real_data/afproject_genome/fish_mito/NC_011168.fasta	/mnt/d/系统发育树项目/Fusang/Fusang-main/real_data/afproject_genome/fish_mito/NC_018814.fasta	0.13084	0	331/10000
/mnt/d/系统发育树项目/Fusang/Fusang-main/real_data/afproject_genome/fish_mito/NC_011169.fasta	/mnt/d/系统发育树项目/Fusang/Fusang-main/real_data/afproject_genome/fish_mito/NC_018814.fasta	0.128533	0	348/10000
/mnt/d/系统发育树项目/Fusang/Fusang-main/real_data/afproject_genome/fish_mito/NC_011170.fasta	/mnt/d/系统发育树项目/Fusang/Fusang-main/real_data/afproject_genome/fish_mito/NC_018814.fasta	0.129334	0	342/10000
/mnt/d/系统发育树项目/Fusang/Fusang-main/real_data/afproject_genome/fish_mito/NC_011171.fasta	/mnt/d/系统发育树项目/Fusang/Fusang-main/real_data/afproject_genome/fish_mito/NC_018814.fasta	0.126593	0	363/10000
/mnt/d/系统发育树项目/Fusang/Fusang-main/real_data/afproject_genome/fish_mito/NC_011177.fasta	/mnt/d/系统发育树项目/Fusang/Fusang-main/real_data/afproject_genome/fish_mito/NC_018814.fasta	0.132399	0	320/10000
/mnt/d/系统发育树项目/Fusang/Fusang-main/real_data/afproject_genome/fish_mito/NC_011179.fasta	/mnt/d/系统发育树项目/Fusang/Fusang-main/real_data/afproject_genome/fish_mito/NC_018814.fasta	0.132688	0	318/10000
/mnt/d/系统发育树项目/Fusang/Fusang-main/real_data/afproject_genome/fish_mito/NC_012055.fasta	/mnt/d/系统发育树项目/Fusang/Fusang-main/real_data/afproject_genome/fish_mito/NC_018814.fasta	0.160198	0	176/10000
/mnt/d/系统发育树项目/Fusang/Fusang-main/real_data/afproject_genome/fish_mito/NC_013564.fasta	/mnt/d/系统发育树项目/Fusang/Fusang-main/real_data/afproject_genome/fish_mito/NC_018814.fasta	0.168956	0	146/10000
/mnt/d/系统发育树项目/Fusang/Fusang-main/real_data/afproject_genome/fish_mito/NC_013577.fasta	/mnt/d/系统发育树项目/Fusang/Fusang-main/real_data/afproject_genome/fish_mito/NC_018814.fasta	0.177782	0	121/10000
/mnt/d/系统发育树项目/Fusang/Fusang-main/real_data/afproject_genome/fish_mito/NC_013663.fasta	/mnt/d/系统发育树项目/Fusang/Fusang-main/real_data/afproject_genome/fish_mito/NC_018814.fasta	0.0843771	0	929/10000
/mnt/d/系统发育树项目/Fusang/Fusang-main/real_data/afproject_genome/fish_mito/NC_013750.fasta	/mnt/d/系统发育树项目/Fusang/Fusang-main/real_data/afproject_genome/fish_mito/NC_018814.fasta	0.0776207	0	1086/10000
/mnt/d/系统发育树项目/Fusang/Fusang-main/real_data/afproject_genome/fish_mito/NC_018814.fasta	/mnt/d/系统发育树项目/Fusang/Fusang-main/real_data/afproject_genome/fish_mito/NC_018814.fasta	0	0	10000/10000
/mnt/d/系统发育树项目/Fusang/Fusang-main/real_data/afproject_genome/fish_mito/NC_018815.fasta	/mnt/d/系统发育树项目/Fusang/Fusang-main/real_data/afproject_genome/fish_mito/NC_018814.fasta	0.0332797	0	3308/10000
/mnt/d/系统发育树项目/Fusang/Fusang-main/real_data/afproject_genome/fish_mito/NC_009057.fasta	/mnt/d/系统发育树项目/Fusang/Fusang-main/real_data/afproject_genome/fish_mito/NC_018815.fasta	0.0850869	0	914/10000
/mnt/d/系统发育树项目/Fusang/Fusang-main/real_data/afproject_genome/fish_mito/NC_009058.fasta	/mnt/d/系统发育树项目/Fusang/Fusang-main/real_data/afproject_genome/fish_mito/NC_018815.fasta	0.130979	0	330/10000
/mnt/d/系统发育树项目/Fusang/Fusang-main/real_data/afproject_genome/fish_mito/NC_009059.fasta	/mnt/d/系统发育树项目/Fusang/Fusang-main/real_data/afproject_genome/fish_mito/NC_018815.fasta	0.143644	0	251/10000
/mnt/d/系统发育树项目/Fusang/Fusang-main/real_data/afproject_genome/fish_mito/NC_009060.fasta	/mnt/d/系统发育树项目/Fusang/Fusang-main/real_data/afproject_genome/fish_mito/NC_018815.fasta	0.15399	0	201/10000
/mnt/d/系统发育树项目/Fusang/Fusang-main/real_data/afproject_genome/fish_mito/NC_009062.fasta	/mnt/d/系统发育树项目/Fusang/Fusang-main/real_data/afproject_genome/fish_mito/NC_018815.fasta	0.0782587	0	1070/10000
/mnt/d/系统发育树项目/Fusang/Fusang-main/real_data/afproject_genome/fish_mito/NC_009063.fasta	/mnt/d/系统发育树项目/Fusang/Fusang-main/real_data/afproject_genome/fish_mito/NC_018815.fasta	0.0338257	0	3258/10000
/mnt/d/系统发育树项目/Fusang/Fusang-main/real_data/afproject_genome/fish_mito/NC_009064.fasta	/mnt/d/系统发育树项目/Fusang/Fusang-main/real_data/afproject_genome/fish_mito/NC_018815.fasta	0.127102	0	359/10000
/mnt/d/系统发育树项目/Fusang/Fusang-main/real_data/afproject_genome/fish_mito/NC_009065.fasta	/mnt/d/系统发育树项目/Fusang/Fusang-main/real_data/afproject_genome/fish_mito/NC_018815.fasta	0.146905	0	234/10000
/mnt/d/系统发育树项目/Fusang/Fusang-main/real_data/afproject_genome/fish_mito/NC_009066.fasta	/mnt/d/系统发育树项目/Fusang/Fusang-main/real_data/afproject_genome/fish_mito/NC_018815.fasta	0.159146	0	180/10000
/mnt/d/系统发育树项目/Fusang/Fusang-main/real_data/afproject_genome/fish_mito/NC_009067.fasta	/mnt/d/系统发育树项目/Fusang/Fusang-main/real_data/afproject_genome/fish_mito/NC_018815.fasta	0.159146	0	180/10000
/mnt/d/系统发育树项目/Fusang/Fusang-main/real_data/afproject_genome/fish_mito/NC_009459.fasta	/mnt/d/系统发育树项目/Fusang/Fusang-main/real_data/afproject_genome/fish_mito/NC_018815.fasta	0.16437	0	161/10000
/mnt/d/系统发育树项目/Fusang/Fusang-main/real_data/afproject_genome/fish_mito/NC_010205.fasta	/mnt/d/系统发育树项目/Fusang/Fusang-main/real_data/afproject_genome/fish_mito/NC_018815.fasta	0.161547	0	171/10000
/mnt/d/系统发育树项目/Fusang/Fusang-main/real_data/afproject_genome/fish_mito/NC_011168.fasta	/mnt/d/系统发育树项目/Fusang/Fusang-main/real_data/afproject_genome/fish_mito/NC_018815.fasta	0.131683	0	325/10000
/mnt/d/系统发育树项目/Fusang/Fusang-main/real_data/afproject_genome/fish_mito/NC_011169.fasta	/mnt/d/系统发育树项目/Fusang/Fusang-main/real_data/afproject_genome/fish_mito/NC_018815.fasta	0.128007	0	352/10000
/mnt/d/系统发育树项目/Fusang/Fusang-main/real_data/afproject_genome/fish_mito/NC_011170.fasta	/mnt/d/系统发育树项目/Fusang/Fusang-main/real_data/afproject_genome/fish_mito/NC_018815.fasta	0.124977	0	376/10000
/mnt/d/系统发育树项目/Fusang/Fusang-main/real_data/afproject_genome/fish_mito/NC_011171.fasta	/mnt/d/系统发育树项目/Fusang/Fusang-main/real_data/afproject_genome/fish_mito/NC_018815.fasta	0.128007	0	352/10000
/mnt/d/系统发育树项目/Fusang/Fusang-main/real_data/afproject_genome/fish_mito/NC_011177.fasta	/mnt/d/系统发育树项目/Fusang/Fusang-main/real_data/afproject_genome/fish_mito/NC_018815.fasta	0.131542	0	326/10000
/mnt/d/系统发育树项目/Fusang/Fusang-main/real_data/afproject_genome/fish_mito/NC_011179.fasta	/mnt/d/系统发育树项目/Fusang/Fusang-main/real_data/afproject_genome/fish_mito/NC_018815.fasta	0.131683	0	325/10000
/mnt/d/系统发育树项目/Fusang/Fusang-main/real_data/afproject_genome/fish_mito/NC_012055.fasta	/mnt/d/系统发育树项目/Fusang/Fusang-main/real_data/afproject_genome/fish_mito/NC_018815.fasta	0.158373	0	183/10000
/mnt/d/系统发育树项目/Fusang/Fusang-main/real_data/afproject_genome/fish_mito/NC_013564.fasta	/mnt/d/系统发育树项目/Fusang/Fusang-main/real_data/afproject_genome/fish_mito/NC_018815.fasta	0.165549	0	157/10000
/mnt/d/系统发育树项目/Fusang/Fusang-main/real_data/afproject_genome/fish_mito/NC_013577.fasta	/mnt/d/系统发育树项目/Fusang/Fusang-main/real_data/afproject_genome/fish_mito/NC_018815.fasta	0.178173	0	120/10000
/mnt/d/系统发育树项目/Fusang/Fusang-main/real_data/afproject_genome/fish_mito/NC_013663.fasta	/mnt/d/系统发育树项目/Fusang/Fusang-main/real_data/afproject_genome/fish_mito/NC_018815.fasta	0.0847541	0	921/10000
/mnt/d/系统发育树项目/Fusang/Fusang-main/real_data/afproject_genome/fish_mito/NC_013750.fasta	/mnt/d/系统发育树项目/Fusang/Fusang-main/real_data/afproject_genome/fish_mito/NC_018815.fasta	0.0781383	0	1073/10000
/mnt/d/系统发育树项目/Fusang/Fusang-main/real_data/afproject_genome/fish_mito/NC_018814.fasta	/mnt/d/系统发育树项目/Fusang/Fusang-main/real_data/afproject_genome/fish_mito/NC_018815.fasta	0.0332797	0	3308/10000
/mnt/d/系统发育树项目/Fusang/Fusang-main/real_data/afproject_genome/fish_mito/NC_018815.fasta	/mnt/d/系统发育树项目/Fusang/Fusang-main/real_data/afproject_genome/fish_mito/NC_018815.fasta	0	0	10000/10000
